id,title,intro,poster,pubdate,url,rating,genres,star,comment,tags,star_time,card
4896556722,认知的不正义,"★ 贬低一个人，是从剥夺他的发言权开始的
★ 识别你每天都在经历，却从未正视过的不正义
★ 全网400万订阅播客《岩中花述》整期深刻讨论，鲁豫、袁源倾情力荐
★ 当世界还没准备好听你说话时，请先坚定地听自己说话，一部献给所有失语者的诊断书，看穿语言背后的权力与偏见
★ 纽约大学讲席教授、英国学术院院士米兰达·弗里克代表作首度引进！当代社会知识论领域被引用最广泛、最具影响力的奠基之作
——————
【内容简介】
在这本书里，米兰达·弗里克有意识地将小说、影视剧、哲学经典、社会心理学等融入论证，指出了两种隐形伤害：证言不正义——因身份偏见而贬低某人话语的可信度，诠释不正义——因集体诠释资源的缺失而无法言说自身经历。
就像小说《杀死一只知更鸟》中的黑人青年汤姆·鲁滨逊，证据足以证明其清白，却只因肤色被定罪；电影《天才雷普利》中的玛吉·舍伍德，当她表达自己的怀疑时，只因“女人更依赖直觉而不是理性”的集体观念而被噤声；“产后抑郁症”被命名前，无数新手妈妈只能独自承受“歇斯底里”的罪名；“性骚扰”的概念被发明前，被骚扰者无法描述自己的遭遇，更遑论将经历讲述给他人。
认知不正义的根源，在于不平等的权力结构及其产生的系统性偏见。书中开创性地为两种认知不正义命名，帮助社会各界更准确地理解彼此处境，正视那些隐形的认知偏见，最终推动我们走向偏见更少的对话空间。
——————
【各界推荐】
一个人真诚的证词往往因为他边缘性的社会身份而被忽略、质疑甚至嘲弄。一个人重要的人生经验往往没有恰当的语汇可以传达，因为他使用的认知资源是被缺乏共同经历的人垄断创造的。本书将这些困境称为“认知的不正义”，系统性并振聋发聩地揭开了这种长久以来都被遮蔽的不正义，带着每一位读者重新发现自己作为真诚对话者和潜在知识创造者的尊严和力量。
——袁源（加州大学圣地亚哥分校助理教授）
弗里克的这部优秀著作开辟了一片相对陌生的哲学领域……她的论述极为清晰且富有说服力。本书以精炼流畅的哲学文笔展现了令人钦佩的思想成就。它值得并且必将获得广泛的关注。
——萨比娜·拉维邦德（牛津大学伍斯特学院荣休研究员）
这本书不仅对社会知识论学者和女权主义知识论学者来说是杰作，对整个哲学学科同样如此……此外，这本书的写作也极具美感。
——马丁·库什（剑桥大学哲学教授）
本书是一次系统性尝试，旨在阐明认知不正义以及界定它必然造成的伤害并阐述其补救方法。弗里克以一种引人入胜的方式跨越了哲学的各个分支学科，揭示了我们认知实践中的一些更为阴暗的面向。对于任何对伦理学、知识论或社会政治哲学感兴趣的读者来说，这无疑是一本必读之作。
——《元哲学》",https://img2.doubanio.com/view/subject/l/public/s35572991.jpg,2026,https://book.douban.com/subject/38413867/,0,,5,《认知的不正义》简体中文版震撼来袭！《岩中花述》谈了一整期的书，堪称学术版高敏感人反内耗指南，为我们每天都在承受却习惯了顺从的不正义命名——证言不正义和诠释不正义。读了以后，发现这本书把自己在日常生活中难以名状的一些感觉描述了、定义了、讲透了。洋洋洒洒近300页，长难句不断，但道理普世易懂。参与这本书的小伙伴们都很用心。希望大家买来读！,,2026-07-23 11:26:55,[英] 米兰达·弗里克（Miranda Fricker） / 2026 / 浙江人民出版社
4694009242,全民基本收入,"一个简单的理念，正激起全球范围内的巨大回响：政府应定期、无条件地向所有公民发钱。这就是“全民基本收入”，一个大胆的构想，足以颠覆我们有关工作、公平与尊严的传统认知。
面对这一炙手可热的理念，本书提供了绝佳的入门指南。全民基本收入究竟是什么？它如何运作？为何有人盛赞其为未来社会的基石，有人却视其为财政的陷阱？支持正反两方的证据又是什么？作者维德奎斯特不仅厘清了全民基本收入的运作机制与独特性，回溯其跨越两百余年的思想演进史，更梳理了支持和反对全民基本收入的常见论辩，并探讨其可能成本、支付方式与潜在影响。
在充满不确定性的当今世界，全民基本收入方案恰逢其时。它关乎所有人的基本安全感与追求自由的权利。",https://img3.doubanio.com/view/subject/l/public/s35306353.jpg,2025-11,https://book.douban.com/subject/37536527/,0,,4,同事说，这个题目真是个“白左”的题，其实现在我们这边的消费券、国补都有基本收入的雏形了。只是说，基本收入是要发放现金且不限制使用的形式。基本收入真的养懒汉吗？到底可不可行？还是纯粹空想？正反两方的意见是什么？它怎么来的，经历了几波思想浪潮？我们可以进一步了解下看看这个理念么，其实也不算什么新理念了。,,2025-11-19 11:25:34,[美] 卡尔·维德奎斯特 / 2025 / 浙江人民出版社
4654027099,以日为鉴,"通过对日本“失去的三十年”泡沫经济时代中，教育、卫生、医疗等各个产业的详尽分析，梳理日本多种社会问题形成的根源所在。
每一个问题都在结合中国读者最关心的话题：
“考公务员是最合理的就业选择吗？”
“医生未来的待遇会更好还是更差？”
“生育率下降会影响教师就业吗？”
“研究生扩招，报考人数下降，研究生还值得读吗？”
作为文化相近、轨迹相似的邻国，日本的社会发展史，是最能给国人带来思考和借鉴意义的发展史。
在经济寒冬、社会问题频发、年轻人陷入迷茫的今天，“职业选择”已经成了头等大事。
也许今天你可以求助“择校专家”，那么五年后呢？“师医公”还会是今天的“铁饭碗”吗？
在这里，有十余年外资投行分析师经验的作者，将通过我们的近邻日本的各种社会问题和经历，为疑惑的你给出答案。",https://img9.doubanio.com/view/subject/l/public/s35260224.jpg,2025-8-1,https://book.douban.com/subject/37467536/,7.6,,,仿佛读了一篇网络小说，微信读书评论区炸开锅，一种很新的出版文体：以文本为媒，成为情绪宣泄的载体，提供爽感。借用微信读书网友的一句评论：“卷了十几年了，结果毕业发现天塌了。。。”对不起，没忍住想笑。怎么办，日子照样过，明天的太阳还是得照常升起。,,2025-10-22 22:17:55,分析师Boden / 2025 / 开明出版社
4671684788,工资的真相,"💸996换不来高工资？“按劳分配”都是幻觉？“牛马”的出路又在何方？
💸看透薪酬体系背后的权力游戏！每天掌握一点点职场心理学~
——————
【内容简介】
收入差距真的反映了工作能力的差距吗？
高管和普通员工的收入差距为何持续扩大？
为什么工作回报率越来越低、同事“内卷”却愈演愈烈？
薪酬保密制度的真正目的是什么？
如何才能争取合理薪资，构建一个更公平的收入分配机制？
本书作者罗森菲尔德以前沿的经济学原理、扎实的调查数据和敏锐的洞察力，揭示了一个颠覆大众认知的真相：我们的工资越来越与“按劳分配”的朴素观念背道而驰，而是深受权力、惯性、模仿和公平四大隐形因素的操控。他在书中进一步解释了这四大因素如何交织影响着收入分配方式。
在劳动者议价能力持续削弱、收入不平等不断加剧的今天，无论是想争取合理薪资的职场人，还是希望优化薪酬体系的管理者，这份辛辣的工资真相调查，都将助你更好地掌握职场心理学，重塑对“劳动价值”的根本认知。
——————
【各界推荐】
◆ 这部由美国劳动力市场顶尖学者撰写的著作堪称振聋发聩的启示录，也是关注美国工作未来者的必读之作。罗森菲尔德以贯通历史脉络与前沿研究的精炼笔触，逐一击破关于现代经济体运作的种种迷思，并为实现美国繁荣成果再度转化为广泛社会进步提出了深刻洞见。
——马修·戴斯蒙德，《扫地出门》作者
◆ 当有人试图在薪酬决策问题上蒙蔽你时，这本书正是你该甩给HR主管的利器。书中囊括了所有关键要素：支撑工资及其制定方式的经济学、心理学、社会学，以及（至关重要的）迷思。这部论述缜密、研究透彻的专著，既揭示了当前薪酬体系的成因，又探讨了如何让薪酬作为回报机制变得更公平、更高效的方式。
——斯蒂芬·斯特恩，《金融世界》
◆ 本书适合所有读者。本科生会欣赏其清晰的文笔、无术语障碍的表述以及丰富的案例；而更资深的工作研究学者则会赞叹罗森菲尔德非凡的学术整合能力，他能将文献中的多条线索融汇一体，就当代劳动力市场中薪酬不平等与不公正的根源，提出一个条理清晰、视野宏大的论述。
——金·威登，《社会力量》
◆ 收入不平等的加剧促使我们必须审视经济体中薪酬的决定机制。本书为“谁得到什么及其原因”这一经典命题提供了既精微又大胆的洞见。通过深入剖析公平规范、组织惯性及其相互效仿——尤其是权力因素在薪酬分配中的关键作用，罗森菲尔德对该领域广泛接受的假设与研究路径提出了有力质疑。正是凭借这样的批判性探索，他为解决这一紧迫社会问题提供了新颖而具启发性的政策视角。
——戴维·威尔，布兰迪斯大学海勒社会政策与管理学院院长
◆ 罗森菲尔德对美国的劳动者薪酬决定因素研究作出了重要贡献——与此同时，他也推动了关于过去半个世纪以来美国薪酬不平等加剧根源的学术论争。
——乔·拉布里奥拉，《美国社会学杂志》
◆ 本书为劳动力市场提供了一个精深的社会学理论框架，清晰揭示了薪酬决定机制在多大程度上受制于社会规范、组织实践与制度安排。
——苏雷什·奈杜，哥伦比亚大学",https://img9.doubanio.com/view/subject/l/public/s35282235.jpg,2025-11-1,https://book.douban.com/subject/37669531/,0,,5,年度巨献，给一年的辛勤打工收个尾。经济学+心理学+社会学三合一，探讨“你为什么就值这么多”，建议牛马们人手一本。读了这本书，结合职场多年的打工实践，妥妥看透工资奖金的分配逻辑，识破老板高管的各种话术，铸就铜墙铁壁的心理防线，但也依然过不好这一生，还是得不断降低对万事万物和人的预期！,,2025-10-21 13:07:06,［美］杰克·罗森菲尔德 / 2025 / 浙江人民出版社
4600726691,妇女一直在工作,"★ 她们不是依附者，而是养家人！妇女用劳动，撑起了今天的地位
★ 一部女性从家庭走向市场的工资劳动奋斗史
★ 史学巨擘爱丽丝·凯斯勒-哈里斯代表作大陆首译
★ 中山大学历史学系副教授郦菁、北京大学法学院研究员赵宏、哈佛大学讲席教授南希·科特、美国历史学家琳达·戈登等联袂推荐，译者蔡萌倾情撰写5000字中文版导读
——————
【内容简介】
长期以来，妇女的劳动被限定在家庭内部，其价值未能得到应有的承认。工业化进程让男性确立起家庭经济支柱的地位，而妇女则依然要承担无偿的家务劳动；即便二战后她们大规模就业，也只被视为在补贴家用，而非养家糊口。歧视性的观念和惯例，既限制了妇女经济独立，又掩盖了她们的社会贡献。
本书作者凯斯勒-哈里斯打破了妇女“被动依附”的传统叙事，真实再现了美国妇女从事工资劳动的发展历程，讲述其劳动形式、家庭形象和社会职责在进入19世纪后发生的剧变。从家内到农场，从工厂到商店、办公室，从专业技术领域走向政治舞台，妇女始终是生产性劳动的重要参与者，她们一直在工作。然而，低薪低技能、同工不同酬、晋升天花板、职业隔离与分层，以及妇女内部巨大的差异和分歧等，无不揭示着性别、阶级、种族与族裔等因素对她们的交织压迫。面对不平等待遇，妇女们从未屈服。她们积极参与公共事务，推动一系列改革和立法，为争取平等的政治经济权利而持续抗争。
时至今日，妇女的家庭和社会角色仍被不断调整与重塑。书中那些普通劳动妇女的故事，与当代职业女性展开跨越时空的对话，为我们在更复杂的社会网络中审视妇女劳动价值、推动性别平等，提供了不可或缺的历史坐标。
——————
【各界推荐】
阿伦特曾说过，工作是创造性的劳动。而凯斯勒-哈里斯告诉我们，女性过去、现在都一直在工作。政治和经济结构条件的改变，以及家庭内外文化准则的变迁，持续形塑着她们工作的具体条件、内容和其社会意涵，也导致了女性劳动者内部的分层，以及与种族、族裔和阶级的交叉性问题。只有了解了这段历史，才能为我们思考女性未来的工作及其结构问题提供不竭的源泉。
——郦菁（中山大学历史学系副教授）
作为当代妇女劳动史的奠基之作，本书用极其细腻的笔触描述了女性由家庭至市场的工作史，也揭示出各个阶段直至今日，女性依旧面临的问题和困境。但只要能正视这些问题，我们就已经走在了解决问题的路上。也出于这个原因，我真诚地希望这本书被更多读者看到。
——赵宏（北京大学法学院研究员）
在娴熟地涵盖了几个世纪以来妇女工作的同时，这部睿智且广泛的研究探讨了有关私人和公共生活中价值观的重大问题，并始终关注着各类女性生活境遇的多样性。能有这样的作品，真是令人欣喜。
——南希·科特（哈佛大学美国史讲席教授）
杰出的历史学家凯斯勒-哈里斯是研究妇女在家庭和工作场所工作历史的先驱，她的这部作品至今仍是对这一主题最好的简要介绍。
——琳达·戈登（美国哲学学会会员、历史学家）",https://img9.doubanio.com/view/subject/l/public/s35214705.jpg,2025,https://book.douban.com/subject/37305158/,0,,5,2022年底在豆瓣上和queenie老师联系，很快又和作者Alice取得了出版权。如果说互联网公司是小步快跑的工作方式，出版的时间跨度则动辄以几年为单位。应该说在这本书上投入特别多，也得到了好几位老师极大的帮助。这本书是自己倾尽力气的一本，是我作为读者读完也想推荐的书。诚如译者蔡萌老师在导读中写道：“本书尤为可贵之处在于，它摒弃了当下常见的情绪化表达，通过历史事实的呈现而非价值立场的宣示，为理解当代女性劳动议题提供了更为丰富的思考维度。”希望也能启发到大家～,,2025-07-31 11:22:00,[美] 爱丽丝·凯斯勒-哈里斯（Alice Kessler Harris） / 2025 / 浙江人民出版社
4582513874,东京八平米,"身居八平米，坐拥全世界
《东京八平米》是日籍华语作家吉井忍的全新散文集。八平米在日本被称为“四畳半”，即只有四个半榻榻米大小的房间，租金便宜。
因为八平米房间没有厨房和冰箱，也没有洗澡间和洗衣机，她兴致勃勃地写起如何饮食起居，以及亲历的日本庶民生活日常。居住空间逼仄，她 把生活延伸到城市的街头和公共空间，写东京的洗衣店、钱汤、咖啡馆、24小时漫咖店、独立电影院、小餐厅等等，同时写下她遇见的东京平民的故事，这些人物是“看不见的、真正的东京人”，他们的故事为我们铺陈日本的世情百态，亦照见自身。
孤独的城市里，人如何找到属于自己的地方和存在意义？吉井忍的“八平米”经济学让人看到一种充满新鲜活力的生活的可能：省下昂贵房租，物质诉求简单，在都市中享受丰富的精神文化生活。城市也可以是一个流动的家，一个人也可以快乐自足。
*
【特别推荐】
*
孤独的城市里，人如何找到属于自己的地方和存在意义？吉井忍的“八平米”经济学让人看到一种充满新鲜活力的生活的可能：省下昂贵房租，物质诉求简单，在都市中享受丰富的精神文化生活，用自己的方式找到舒适感和归属感。城市也可以是一个流动的家，一个人也可以快乐自足。
东京曾经是“全球物价最贵城市”排名前列的常客，但这只不过是学到东京一些皮毛的外国记者们的偏见。东京其实是个适合居住的地方呢，我在心中长年抱有这样的不平，这也成为了我过去写了不少文章、做了好几本与东京相关的书的基本动力。
东京、京都、上海、北京……不管是在什么城市，吉井很擅长找出价格合理的房子。有时候她的居所只够睡觉，但在房子的外面，无论什么时候都有便捷的城市设施。你心爱的餐厅可以当作自家的餐室，喫茶店成为你的客厅，书店和图书馆是书房，健身房则是带有三温暖的浴室。
把城市当作自己的房间的延伸，并将其运用自如。吉井非常明白这个“城市生存技巧”的秘诀。这就像动物可以本能地找到最舒适的地方筑巢，也又像它们时机一到，干脆离巢飞走。
——都筑响一（独立编辑、摄影师）
*
【编辑推荐】
*
★	身居八平米，坐拥全世界。吉井忍“八平米”经济学，展现都市生活的另一种可能。日籍华语作家吉井忍的全新散文集，献给将要创建新生活的人。——离开日本二十年后，吉井忍回到东京，租住东京中心地带的八平米房间，重建在地的生活。八平米是生活的原点，东京整个城市则是生活的延长线。物质与精神的断舍离，带来经济空间和身心自由。吉井忍的“八平米”经济学，为每一个身心俱疲的现代人提供生活的另一种可能：珍惜此时此刻，用自己的方式，找到你所需要的舒适感和归属感，赋予明天继续生活的活力。
★	没有厨房、冰箱、洗澡间、洗衣机，如何在八平米房间自在过活？都市新型“蜗居”生活，东京深度探索指南。城市也可以是一个流动的家，一个人也可以快乐自足。——因为八平米房间空间局促，日常生活延伸到东京的街头和公共空间：洗衣店、钱汤、漫咖、小餐厅、咖啡馆，此外还有每周的独立电影院巡礼、听落语、学三味线、看展览等。便捷舒适的公共空间、生机勃勃的多元文化、热情活力的市井生活，你的“小”不成问题，因为外面的世界足够大。
★	每个人都有自己的“八平米”。深入城市细部拜访“附近”，讲述东京平民故事，看见真正的普通人。孤独的城市里，人如何找到属于自己的地方和存在意义？——人来人往的都市中，偶尔的相遇带来宝石一般的回忆：被称为“活字典”的金星堂咖啡馆主人大泽先生、快九十岁的犀利幽默的Mako咖啡老铺女主人、热情善良勤劳的荞麦面店女店主……朴实真诚的东京人，流动隽永的东京风景，呈现生活的本真面貌。“我相信，每个人都有自己的八平米，以及对其的定义，它不指实际面积，而是指心中的某一块地方。也许八平米在别人眼里是畸形状态，但它能够让你活在自己的世界里。它也许是某个地方或某个人，在那里你不用伪装，可以好好地面对自我，尽可能地去享受当下。”
★	著名书装设计师陆智昌操刀设计，清新典雅，质感舒适，巧妙呼应“四畳半”的布局。——著名摄影师都筑响一和作家吉井忍摄影，百余幅彩色图片呈现“八平米”和东京这座城市流动的风景。全书使用雅致书纸印刷，触感柔软，轻盈便携，适于在日常与旅途中阅读。",https://img1.doubanio.com/view/subject/l/public/s34361490.jpg,2023-1,https://book.douban.com/subject/36096287/,8.4,,4,你的“小”不成问题，因为外面的世界足够大。好平实细致的记录，足以打动人。四十多岁离开中国回到日本重新开始，并不算晚～,,2025-07-12 17:32:30,[日]吉井忍 / 2023 / 上海三联书店
4573837430,女思想家,"🎧 哲学很难？不，只是没人用对的方式讲给你听
🎙️ 抛掉难啃大部头、拒绝学术黑话，像追播客一样轻松读哲学
📚 既是入门指南，又是进阶跳板，话题内容紧跟学术前沿
💥 哲学名嘴大卫·埃德蒙兹×奈杰尔·沃伯顿强强联手，30次思维交锋＋29位哲学女神＋2位金牌主持＝1次彻底的认知升级
——————
★ 女性身份与哲学思考相遇，为思想界带来全新可能
玛莎·努斯鲍姆（《善的脆弱性》作者）、米兰达·弗里克（《认知的不正义》作者）、埃米娅·斯里尼瓦桑（《性权利》作者）、凯特·柯克帕特里克（《成为波伏瓦》作者）、艾莉森·高普尼克（《园丁与木匠》作者）……当代备受瞩目的29位女思想家一一登场。她们如何以独特的视角、方法和体验，重塑我们对世界的理解？
★ 全球4000万+听众认证，哲学播客Philosophy Bites精彩再现
全球现象级哲学普及类播客文字再现，原汁原味保留节目轻松氛围，将4000万+听众追捧的精华内容集结成书。由哲学公众传播者大卫·埃德蒙兹、奈杰尔·沃伯顿联袂主持，女哲学家苏基·芬恩精心编辑，打破传统哲学书的三大魔咒：拒绝厚重教科书、拒绝人名轰炸、拒绝学术黑话。烧脑哲学也能上头好听好读！
★ 当柏拉图遇见互联网，看当代热议话题如何串联起哲学经典问题
男女差异，是先天设定的还是后天建构的？“厌恶”这种情感该不该影响法律制定？动物权利运动正在改写哪些道德准则？在日益撕裂的时代，我们需要更多文明对话还是更少无谓争辩？医疗同意书越来越像天书，这正常吗？波伏瓦究竟是不是萨特的门徒？哲学和科学，是盟友还是对手？从柏拉图到今天，哲学真的在进步吗？哲学如何走出象牙塔，照亮公共生活？
——————
【内容简介】
哲学思考中，女性也是一种风格
玛莎·努斯鲍姆、米兰达·弗里克、埃米娅·斯里尼瓦桑、凯特·柯克帕特里克、艾莉森·高普尼克……女哲学家如何以独特的视角、方法和体验，重塑我们对世界的理解？
本书精选全球知名哲学播客“哲学家怎么想”（Philosophy Bites）的内容，收录与29位当代顶尖女思想家的30次访谈，涵盖存在、知识、道德、价值、心灵等领域，将哲学经典问题置于时代背景之下。访谈中既有关于性别本质、动物伦理、神经科学、战争根源的探讨，也审视了诸如不正义、排斥、厌恶等普遍存在的社会缺陷，还思考了文明、信任和同意在人际互动中的作用。这些访谈没有艰涩的概念和抽象的理论，而是充满了鲜活的例子和哲学家们稀奇古怪的个人体验，引导我们从个人、社会、伦理和政治的维度理解人类的生存境遇，并见证哲学思考如何照亮公共生活。
——————
【各界推荐】
这是一项启蒙工作……受访者清晰地表达了他们的想法，并传达了为什么这些问题对外行来说很重要，这一点令人钦佩。那些有兴趣涉足哲学领域的人最好仔细阅读这些短小精辟的作品。
——《出版人周刊》
采访经过专业编辑，使其清晰易懂，同时保持严谨和丰富的知识。经验丰富的哲学家和从来没有读过哲学书的人都会在这本书里学到很多东西。
——《泰晤士高等教育》",https://img9.doubanio.com/view/subject/l/public/s35150244.jpg,2025-5-1,https://book.douban.com/subject/37261281/,7.8,,5,,,2025-07-03 09:37:52,[英] 苏基·芬恩（Suki Finn） 编 [英] 大卫·埃德蒙兹（David Edmonds） [英] 奈杰尔·沃伯顿（Nigel Warburton） / 2025 / 浙江人民出版社
4571794120,架空犯,"东京都一栋高级住宅发生火灾，东京都议会议员藤堂康幸和妻子——前女演员藤堂江利子双双殒命。而一些细微线索的寻获，让这起案件由最初的自杀定性为谋杀，警视厅搜查一科的巡查部长五代努与辖区的刑警山尾阳介奉命组队侦查。
随着调查的深入，五代和山尾发现，藤堂夫妻的生前的关系似乎不是那么和谐，案件的疑点接踵而来，将女儿榎并香织、江利子的老友本庄雅美等人也卷入其中——他们似乎进入了一个迷宫。
那么，当一个隐藏了40年的秘密浮出水面，侦探二人组，会揭开怎样一场无法言说的往事呢？",https://img1.doubanio.com/view/subject/l/public/s35168948.jpg,2025-6-1,https://book.douban.com/subject/37348704/,7.5,,5,,,2025-06-30 20:16:02,[日] 东野圭吾 / 2025 / 浙江人民出版社
4562975649,社会学看中国,"【内容简介】
社会学是一门年轻的学科，却与当下联系最为紧密。身为社会中的一员，我们时刻渴望洞察所处的环境、定位自己的坐标。社会学给出了一套独特的看待问题和分析问题的视角，它持续地关注当下、聚焦现实，帮助我们思考自身、社会和更广大的世界。内卷、“996”、性别、阶层区隔……面对当下诸多热议话题的围困，人们迫切地渴望找到一剂解决生活困境的良方，而社会学的学科逻辑，正为我们提供了一种不一样的思辨方式与视角，用以审视这些问题背后的行为缘由与关系结构。
在中国社会学进入百年之际，国内知名学者渠敬东、周飞舟、王铭铭、田耕、陈波、徐勇、刘世定、吴小英、王宁、王天夫等，分别从中国社会学的发展和当下的热点问题入手，带领我们进入中国社会学的殿堂，用社会学的眼光看待时代变迁，穿透热点现象，看清系统运作的原理，也重新认识作为社会人的自己。
【编辑推荐】
社会学在中国经历本土化，至今已百年有余。一个舶来的学科如何在中国语境中找到自己的范式，人们又是如何用社会学的眼光和思维方式来理解中国的现实问题，这正是本书思考与关切的重要议题。在中国社会学百年这样一个大节点之下，我们更有必要对社会学在中国的生根与枝繁叶茂进行一番回溯与梳理。
本书邀请了十位社会学界的权威学者，讲述中国社会学的历史源流和当代中国最为关注的社会学问题。全书紧扣“中国社会学”的关键词，前五讲关注中国社会学发展历程中的五位重要人物，包括吴文藻、费孝通、林耀华、瞿同祖、李安宅，不仅深挖他们的学术历程，还重点就其代表作进行细致解读。每篇单独是一位学者的传记，合起来又是中国社会学的发展历程。后五讲关注改革开放以来中国社会最为突出的几个问题，包括农村、城乡、家庭、消费和数字时代，作者讲述了这些命题的学术源流以及在中国社会中的突出表现，特别强调了近年的研究取径和学术成果。
从这里出发，关注当下和现实，穿透表象的迷雾，在前人的智慧的基础上自由探索，洞察社会运行的基本结构。",https://img9.doubanio.com/view/subject/l/public/s35095204.jpg,2025-3,https://book.douban.com/subject/37259242/,6.2,,,中读的音频转化成书，蜻蜓点水地散。排版上的强调句也有点奇怪，出版的形态慢慢都变成了“攒”书，叹,,2025-06-20 17:22:31,渠敬东 周飞舟 王铭铭 田耕 陈波 徐勇 刘世定 吴小英 王宁 王天夫 / 2025 / 生活·读书·新知三联书店 生活书店出版有限公司
4533837664,女思想家,"🎧 哲学很难？不，只是没人用对的方式讲给你听
🎙️ 抛掉难啃大部头、拒绝学术黑话，像追播客一样轻松读哲学
📚 既是入门指南，又是进阶跳板，话题内容紧跟学术前沿
💥 哲学名嘴大卫·埃德蒙兹×奈杰尔·沃伯顿强强联手，30次思维交锋＋29位哲学女神＋2位金牌主持＝1次彻底的认知升级
——————
★ 女性身份与哲学思考相遇，为思想界带来全新可能
玛莎·努斯鲍姆（《善的脆弱性》作者）、米兰达·弗里克（《认知的不正义》作者）、埃米娅·斯里尼瓦桑（《性权利》作者）、凯特·柯克帕特里克（《成为波伏瓦》作者）、艾莉森·高普尼克（《园丁与木匠》作者）……当代备受瞩目的29位女思想家一一登场。她们如何以独特的视角、方法和体验，重塑我们对世界的理解？
★ 全球4000万+听众认证，哲学播客Philosophy Bites精彩再现
全球现象级哲学普及类播客文字再现，原汁原味保留节目轻松氛围，将4000万+听众追捧的精华内容集结成书。由哲学公众传播者大卫·埃德蒙兹、奈杰尔·沃伯顿联袂主持，女哲学家苏基·芬恩精心编辑，打破传统哲学书的三大魔咒：拒绝厚重教科书、拒绝人名轰炸、拒绝学术黑话。烧脑哲学也能上头好听好读！
★ 当柏拉图遇见互联网，看当代热议话题如何串联起哲学经典问题
男女差异，是先天设定的还是后天建构的？“厌恶”这种情感该不该影响法律制定？动物权利运动正在改写哪些道德准则？在日益撕裂的时代，我们需要更多文明对话还是更少无谓争辩？医疗同意书越来越像天书，这正常吗？波伏瓦究竟是不是萨特的门徒？哲学和科学，是盟友还是对手？从柏拉图到今天，哲学真的在进步吗？哲学如何走出象牙塔，照亮公共生活？
——————
【内容简介】
哲学思考中，女性也是一种风格
玛莎·努斯鲍姆、米兰达·弗里克、埃米娅·斯里尼瓦桑、凯特·柯克帕特里克、艾莉森·高普尼克……女哲学家如何以独特的视角、方法和体验，重塑我们对世界的理解？
本书精选全球知名哲学播客“哲学家怎么想”（Philosophy Bites）的内容，收录与29位当代顶尖女思想家的30次访谈，涵盖存在、知识、道德、价值、心灵等领域，将哲学经典问题置于时代背景之下。访谈中既有关于性别本质、动物伦理、神经科学、战争根源的探讨，也审视了诸如不正义、排斥、厌恶等普遍存在的社会缺陷，还思考了文明、信任和同意在人际互动中的作用。这些访谈没有艰涩的概念和抽象的理论，而是充满了鲜活的例子和哲学家们稀奇古怪的个人体验，引导我们从个人、社会、伦理和政治的维度理解人类的生存境遇，并见证哲学思考如何照亮公共生活。
——————
【各界推荐】
这是一项启蒙工作……受访者清晰地表达了他们的想法，并传达了为什么这些问题对外行来说很重要，这一点令人钦佩。那些有兴趣涉足哲学领域的人最好仔细阅读这些短小精辟的作品。
——《出版人周刊》
采访经过专业编辑，使其清晰易懂，同时保持严谨和丰富的知识。经验丰富的哲学家和从来没有读过哲学书的人都会在这本书里学到很多东西。
——《泰晤士高等教育》",https://img9.doubanio.com/view/subject/l/public/s35150244.jpg,2025-5-1,https://book.douban.com/subject/37261281/,0,,5,采用了反刻板印象的马卡龙绿，是适合春夏的颜色，希望这部小书能伴大家清凉一夏。,,2025-05-17 13:47:51,[英] 苏基·芬恩（Suki Finn） 编 [英] 大卫·埃德蒙兹（David Edmonds） [英] 奈杰尔·沃伯顿（Nigel Warburton） / 2025 / 浙江人民出版社
4508693641,不可持续的不平等,"【内容简介】
我们能在阻止环境危机的同时消除贫困和不平等吗？
摆脱贫困的过程往往要消耗更多资源，给生态环境带来更大压力，而治理污染的措施反过来可能导致失业激增、物价上涨，最终由穷人“买单”。面对这一两难问题，本书提出新的见解：社会正义和绿色世界的目标可以兼容，但需要公共政策做出实质性转变。作者详细分析、对比了北美、欧 洲发达国家和亚洲、非洲发展中国家的种种案例，也寻访了不同国家成功治理的经验，给出了碳税政策设计的利益倾斜机制、国家与地方的环保权责划分、绿色就业岗位的创造等具体方案。长期来看，正是弱势群体从环境保护中获益最多；改善环境，与政府、企业和普通人都关系重大。这是一部绿色行动指南，既体现经济学家的政策敏锐度，又饱含哲学家对正义本质的思考，更有作为地球公民的自觉意识。在作者的蓝图里，环境保护不再是奢侈的道德选择，我们终将迈向社会与环境的双重正义。
——————
➤ 用数据和事实撕开环境不正义的真相
全球顶层1%富人的碳排放量>>底层50%穷人的碳排放量总和；传统污染治理措施导致失业激增、物价上涨，最终由穷人买单……15幅精心绘制的图表，揭示气候危机中得利者与承受者的鸿沟。
➤ 直指21世纪人类生存的核心矛盾
要经济发展还是要地球？社会正义与环境保护可否兼得？如何在节能减排的同时保障低收入群体权益？严肃思考长久困扰全球政府和人民的两难问题。
➤ 为公共政策的转向给出实操性方案
巴黎经济学院资深经济学家尚塞尔的重磅清醒之作，拆解“富人掠夺资源，穷人承受污染”的恶性循环，寻访成功治理经验，给出环保与脱贫的双赢破题之道。
➤ 政府官员和普通大众都该读的绿色转型指南
短小精悍，兼具经济学、政治学、哲学等交叉学科知识；从全球视野出发，回应关乎人类前景命运的共同命题；人人都能读懂且亟需践行的绿色转型方案。
——————
【各界推荐】
◆ 不平等现象的加剧和全球变暖是我们这个时代最紧迫的问题。本书由全球不平等趋势和可持续发展方面的主要专家之一撰写，表明这两个问题可以而且应该一起解决，并就如何解决提供了令人耳目一新的观点。
——托马斯·皮凯蒂
《21世纪资本论》作者
◆ 在这本简洁而精准的著作中，尚塞尔提出了一个不可或缺的衡量标准，揭示了横亘在生态与社会正义之间简单分野的阶级冲突，并弥合了那些担忧“世界末日”群体与挣扎于“温饱线”群体之间的鸿沟。
——布鲁诺·拉图尔
《我们从未现代过》作者
◆ 尚塞尔分析了环境不平等与经济不平等之间的联系，他的结论是，如果不解决其中一个问题，我们就无法解决另一个问题。这是对当代两个最重大挑战的独到见解。
——马丁·沃尔夫
《金融时报》首席经济评论员
◆ 发人深省却至关重要……（尚塞尔）将社会不平等视为环境不可持续的核心驱动力，这种不平等会形成恶性循环——富人消耗更多资源，而穷人则逐渐丧失环境资源的获取途径，在面对环境冲击时越发脆弱。
——吉莉安·鲍泽
《科学》
◆ 卢卡·尚塞尔深刻剖析了环境与社会经济领域错综复杂的关联……本书为通往更美好、更宜居的未来开辟了可行路径。
——《法国世界报》",https://img9.doubanio.com/view/subject/l/public/s35124295.jpg,2025-4-1,https://book.douban.com/subject/37262824/,0,,4,收拾完的包袱+1，向革命老区讨教经验，生态经济双重友好型书籍，春季护眼配色，贫民窟的百万富翁设计风格～作者是皮凯蒂同事，能不能像皮凯蒂一样好卖啊，救救了！,,2025-04-16 20:44:50,[法] 卢卡·尚塞尔 / 2025 / 浙江人民出版社
4333669792,老实人启蒙,《老实人启蒙》探讨在中国由来已久的“老实人”问题。本书本观点是，很多老实人都把自己在社会上吃不开的原因归结自己太正直，“不会耍心眼儿”。我们认为要想在社会上立足，须善于了解别人的心理，善于针对不同的现实状况调整自己的行为策略；必须运用相当多的处世技巧，我们不能把处世技巧当做“圆滑”和“世故”加以拒绝。老实人必须从自身素质与能力方面反省自己，而不能仅仅埋怨世界的不公平。本书有严谨的理论，有丰富的事例，希望您喜欢这本书。,https://img3.doubanio.com/view/subject/l/public/s1362823.jpg,1999-6,https://book.douban.com/subject/1094864/,7.9,,4,经典永不过时，一边看一边仿佛在骂自己，十条里面能中八条的那种，好想重版这本书啊～！,,2024-10-23 21:23:28,方洲 / 1999 / 中国城市出版社
4233139324,金钱、道德和做派,"★ 一幅法国、美国中产阶级图鉴
美国社会学协会前主席米歇尔·拉蒙，跨越印第安纳波利斯、纽约、巴黎、克莱蒙费朗四地，系统、深入访谈近200位成功人士，覆盖商人、律师、记者、医生、大学教授等数十种重要职业，首度展现法、美两国中产阶级的集体画像，深刻揭示他们的金钱观、道德观和文化观。
★ 一部中产阶级不轻易透露的划界“标签词典”
中产阶级尊敬什么样的人？在内心深处，他们用什么标签区分和排斥他人？什么品质赢得上司青睐，什么品质被下属背后吐槽？进取、高雅、诚实、实干、虚伪、钻营……在160次半开放式访谈中，法、美两国中上阶层开怀坦言，畅谈精英们的秘闻腹诽。
★ 论中产阶级“鄙视链”的形成
我们为何崇尚“圈子文化”？中产阶级的优越感从何而来？为什么中产阶级常常以金钱、权力和地位衡量人，也爱用文化品位标榜自己？工人阶级的道德感更强吗？为什么利己必须“精致”？掌握相当话语权的社会精英，会对其他圈层的人产生什么影响？
★ 文化社会学的典范之作
对话布迪厄理论体系及理性选择、马克思主义和结构主义理论的探索之旅。结合深度访谈、问卷调查、个案研究、定量分析、比较法等多种研究方法，运用文化理论工具剖析文化现象。生动鲜活的案例和文学风格的写作相得益彰。对社会分层、精英文化感兴趣的读者不容错过。
——————
【内容简介】
本书对法国和美国160位成功男性进行了坦诚而深入的访谈，对他们如何定义“值得尊敬的人”进行了比较研究，为社会中上阶层（专业人士、经理人和商人）提供了一幅罕见而极富启发性的集体画像。
通过精彩的文化分析、比较法以及文学风格的写作，米歇尔·拉蒙阐明了三种“符号边界”：以诚实 、正直、具有职业道德为基础的道德边界，以财富、权力、职业的成功为基础的社会经济边界，以受教育程度、才智和高雅品位为基础的文化边界。中上阶层成员正是通过这三种“符号边界”，将自己及其所在阶层与其他人区分开来。
本书展示了在形塑社会生活方面占据相当分量的精英阶层的文化，将拓宽我们对现代社会分层、等级制度、社会不平等再生产等问题的认识，是对皮埃尔·布迪厄理论体系的一次重新评估。
——————
【各界推荐】
◆ 这是一部非常出色的作品，是社会学家技艺的杰出典范。
——美国社会学协会前主席、《社会冲突的功能》《理念人》作者 刘易斯·科塞
◆ 一项强有力的、令人信服的研究，将为未来文化社会学的讨论提供高水平的基础。
——《美国社会学杂志》",https://img3.doubanio.com/view/subject/l/public/s34910192.jpg,2024-7-1,https://book.douban.com/subject/36855260/,8.3,,4,堪称法国、美国中产阶级“鄙视链”图鉴，审稿的时候边读边笑，书中各种类型的人，虚伪的、钻营的、不诚实的、追求成功和自我实现的、追逐金钱和地位的、在文化品位上看不上这看不上那的……在中国人的身边也几乎都找得到原型。啊，果然中产阶级的秉性全世界共通，在与人不断的攀比中得到的“优越感”，这本书里对此有了酣畅淋漓的描述。,,2024-07-04 11:34:33,[加] 米歇尔·拉蒙 / 2024 / 浙江人民出版社
3700495130,工厂日记,"****
法国向当代世界奉献出的一份珍贵礼物：西蒙娜·薇依。
——切斯瓦夫·米沃什
*****内容简介******
如何摆脱工作中的痛苦和烦闷？为了像被压迫者那样感受压迫并尽可能真实地追求她所认为的自由社会，1934年12月，西蒙娜·薇依抛下哲学教师的身份，进入工厂。在将近一年的时间里，这位反叛的哲学教师轮流做切割工、包装工和铣床工，经历疾病、事故、解雇的折磨，遭受服从、羞辱和不公。这种残酷性给她留下了终生的烙印。
在这本《工厂日记》中，薇依记录下自己的观察、遭遇、工作时间和收入、肉体和精神的痛苦，以及对这段经历的哲学和道德的思考。这本书是一份原始的文件，没有抒情，也没有感伤，展现出西蒙娜·薇依对当下现实的关注和她始终站在劳动者一边的立场。",https://img1.doubanio.com/view/subject/l/public/s34501309.jpg,2023-4-30,https://book.douban.com/subject/36255848/,8.9,,3,读完后我竟也只有麻木的感觉。。,,2024-06-22 22:38:53,[法]西蒙娜·薇依 / 2023 / 上海人民出版社
4212880143,马桶里的黄金,"我们为什么会厌恶大便？强健体魄请吃大便？大便和尸体一样，不会说谎？优质的人类便便也是抢手货？大便让食物更美味？释放屎的巨大潜力，克服羞耻、厌恶和冷漠，即刻打开这部欢乐的粪便幻想曲！
——————
★ 别想摆脱屎，我们不起眼的“大号”
★ 真实的“屎屁尿”拯救世界！远比言语上的“屎屁尿”更有养分
★ 《新科学家》杂志2022年最值得期待的10本科普书
★ 《逼近的瘟疫》作者劳里·加勒特、《汤姆斯河》作者丹·费金，两位普利策奖得主都在看
——————
【内容简介】
从某个层面来说，人是一根移动的管子，我们的身体一头吸收食物，另一头将其转化为产出物。我们重视吃进去的食物，但往往把管子（消化道）视为中空的，更羞于谈论我们的产出物。本书通过挖掘、分析和汇总越来越多的营养学、微生物学、演化生物学研究，揭示了另一重真实，我们的消化道是一个小型生态系统、一副至关重要的器官，而我们的产出物更了不得：它能够揭示我们的饮食问题、营养和健康水平，用于公共卫生监测，抗击细菌感染，还原犯罪现场，开发清洁能源，甚至去挖掘不同历史阶段人类生活的细节。本书会改变我们对于人体产出物的认知——它们在特定条件下就是黄金。
——————
【各界推荐】
◆ 我们从小就被历史、文化和自己的童年教育所告诫，不要过多地谈论甚至思考我们肠道的产出物。好吧，抛开这些吧。本书打破了我们根深蒂固的、错误的厌恶感，是一次深刻、博学且出人意料的有趣旅行，带领我们穿越粪便的历史、神话和潜藏的希望。
——玛丽安·麦克纳，《餐桌上的危机》作者
◆ 也许你早已对粪便拯救世界的颠覆性力量着迷。又或者，你还是第一次听说粪便的可持续力量！无论是哪种情况，本书都是一部打破禁忌的粪便幻想曲。
——凯特琳·道蒂，《烟雾弥漫你的眼》作者
◆ 虽然我对厕所笑话早就不陌生了，读了这本书后我还是被惊到，我对“便便”的欣赏，居然还能增加这么多。我们真的应该管“大号”叫“头号”。
——尼克·卡鲁索，《动物的“屁”事儿》作者
◆ 布林·纳尔逊的这本有深厚研究支持的书，会很快让你反思你以为你知道的关于屎、粪、肥、尿（随便你喜欢怎么叫它）的一切，它会让你确信，从你身体里出来的这些东西，甚至是你身故后的身体，都有可能拯救地球。
——劳里·加勒特，普利策奖得主、《逼近的瘟疫》作者
◆ 一本关于屎的书，太恶心了吧？嗯……事实上不是的，一点也不——这一点正是布林·纳尔逊在这本机智而有深厚研究数据支持的书中证明的。我们的社会正遭遇一些大麻烦，它们有一系列极富想象力的、绝妙的解法，而我们对一种日常身体功能的反感阻碍了我们这么做。我们能找到一条更“屎”因而也更欢快的未来之路吗？纳尔逊认为我们可以，你也可以，前提是我们读了这本《马桶里的黄金》。
——丹·费金，普利策奖得主、《汤姆斯河》作者",https://img9.doubanio.com/view/subject/l/public/s34867935.jpg,2024-6-1,https://book.douban.com/subject/36528793/,8.1,,4,接手了这本屎屁尿之书。还是不知道如何说服大家正视自己的排泄物，一般人是忌讳谈论的，这本书里说了禁忌如何被文化建构起来。言语中经常在用的屎屁尿，我们为什么不能戏谑而考究地直面它？更何况它还能帮助（并不限于）探案和炼金！感受一下作者的描写到位：“你得听听粪便，也就是屎，落水时是什么声音。如果它听起来像一个投弹手，你知道，就是‘扑通、扑通、扑通’，那就不对了，因为这意味着你便秘了。这意味着，食物拉出来的时候就太硬了。它应该像阿卡普尔科的跳水者入水时那样，咻的一声。此外，完美的屎应该是S形的，而且是棕色的，还带着一丝金色……”,,2024-06-11 13:32:51,［美］布林·纳尔逊 / 2024 / 浙江人民出版社
4108126960,打破社交媒体棱镜,"★ 现实世界情绪挺稳定的人，怎么一上网就成了满屏脏话的喷子？
★ 真的走出信息茧房，我们非但没有走向开放包容，反倒变得更封闭极端？
★ 网络喷子都是生活中的边缘人吗？为什么我们越来越难听到温和派的声音？
★ 在互联网时代若无法“退网保平安”，我们又该如何平和地面对、聆听甚至接纳不同观点？
★ 前沿计算社会科学方法＋经典社会学理论再阐释，探寻网络政治极化的根源
——————
【本书获誉】
🌟入选豆瓣社会纪实图书一周热门榜
🌟入选新京报书评周刊2024年3月新书月榜
🌟入选新周刊刀锋图书奖2024年3月榜单
🌟入选澎湃翻书党湃书单“编辑们在读的16本书”
🌟入选回响书单2024年4月榜单
🌟入选普林斯顿大学新生指定阅读书目
——————
【内容简介】
我们在现实世界遭受社会孤立之苦，被我们寄予厚望打破隔离的互联网，如今也日益变成充满隔阂与暴力的场所。我们把社交媒体平台的政策和内容分发算法视为罪魁祸首，考虑彻底退网的可能，但本书作者克里斯·贝尔让我们停下来思考另一种可能。利用经过精妙设计的在线实验和深入访谈，他在本书中证明了走出回声室（信息茧房）会使我们更加极化，而不是减少极化。本书挑战了关于回声室、境外势力和激进算法的常见神话，揭示了社交媒体的功能更像是一面棱镜，它扭曲了我们的身份认同，增强了追求地位的极端派的力量，让温和派几乎隐形；而政治部落主义的解决之道，就在我们自身深处。
——————
【各界推荐】
◆ 在分析社交媒体与极化的因果关系上，本书提出了非常具有创见和启发性的观点。尤其值得学习的是，这本社会科学专著写得非常通俗易懂……（它）描写了一个个具体网民的生命历程，让依赖大数据的计算社会科学也显得有血有肉，颇具可读性。
——刘海龙，中国人民大学新闻学院教授、传播系主任
◆ 贝尔用非常清晰通俗的语言讨论了很多我们在生活中经常遭遇的情景：为什么在网络上想与人友好争论，却总是被迫按照立场“站队”？如果互联网已经满是隔阂与暴力，作为一个温和派，我需要“退网”吗？这些讨论都辅以了扎实的经验研究支撑。
——新京报书评周刊
◆ 社交网络平台已经成为许多人生活中不可或缺的一部分。我们已经习惯在平台上分享自己的生活，发表自己的观点。然而，本书作者指出，我们都身处在社交媒体的棱镜中，但许多人对此毫无察觉。
——澎湃思想市场
◆ 为什么我们在全球范围内观察到日益高涨的政治极化？为什么网络暴力如此泛滥？社交媒体在其中扮演了什么样的角色？上述问题都可以在这本书中找到答案。这是2024年迄今为止，我看过的所有书里面，前100页最好看的一本，堪比侦探小说的阅读快感。
——轻刀快马播客
◆ 贝尔在本书中表明，如果你想了解网上发生了什么，不要把焦点放在人们接触的信息上，而要留意他们对地位和群体身份认同的追求。
——乔纳森·海特 ，《正义之心》作者
◆ 世界领先的计算社会科学家克里斯·贝尔将深厚的社会学知识、前沿的研究和深刻的同理心带到了一个当下最棘手的社会问题中：政治讨论日益极端化和不文明化的趋势。本书充满洞察力，是任何想要了解我们如何陷入以及摆脱这种困境者的必读之作。
——邓肯·J.瓦茨，《反常识》作者，雅虎研究院和微软研究院首席科学家
◆ 本书通过引人入胜的叙事，将社交媒体上的政治极端派和沉默的温和派以人性化的面孔呈现在读者面前，强调了用户个体在减少社交媒体政治极化方面的责任和能动性。贝尔揭示了造成社交媒体棱镜效应的直觉和动机，以此给读者赋权，并要求他们承担起责任。
——《新媒体与社会》
◆ 贝尔通过对社交媒体用户的广泛访谈，探讨了人们在网络上和现实中人格的深刻差异，并清晰而详细地介绍了自己为开发一个新型社交媒体平台、培养更文明对话所作的努力。对于当今最紧迫的一个社会问题，贝尔进行了有说服力且有依据的观察。
——《出版人周刊》",https://img3.doubanio.com/view/subject/l/public/s34796672.jpg,2024-3,https://book.douban.com/subject/36665663/,7.6,,5,在一个社会分歧日益加剧，人和人之间很难就社会或政治问题进行对话的时候，这本书显得尤为重要。它探寻了网络激进化、极端化的根源，帮助你识别网民的上网动机并成为一名理性的互联网冲浪者。作者通过精彩的实验设计和深度访谈，研究了网络喷子和温和派两个群体，提出了一个反直觉的结论：走出回声室（信息茧房），聆听对立阵营的观点，并没有让互联网用户变得更温和，反而让大家变得越发偏激。这不是网络水军、JW势力或激进算法等刻意引导的结果，而正是人们（在自身身份认同受到攻击时）出于维护身份认同、追求地位、区分群己、建立鄙视链的心理需要，让社交媒体（仿佛一面棱镜）扭曲了用户对自我、对他人的看法和认知，从而加剧了人们对虚假政治极化的感知，如此恶性循环。至于作者提出的对策，可以看书进一步了解。不错的通俗学术著作，值得一读。,,2024-02-27 19:43:58,［美］克里斯·贝尔 / 2024 / 浙江人民出版社
3881462096,亚当·斯密传,"本书作者杰西·诺曼是英国国会议员，作为一个具有政治经济实践经历和学术训练背景的政治家，本书的内容超越了一般性的学术讨论，基于对亚当·斯密生平细节和思想脉络的剖解与发掘，在一个更广阔的范围内讨论了现代经济学之父的思想。
阿马蒂亚·森、朱嘉明、陈嘉映、赵鼎新、袁志刚、姚洋、朱宁、香帅重磅推荐。
亚当·斯密荣誉等身，思想体系磅礴且极具影响力，从达尔文、马克思、凯恩斯到哈耶克，在所有今天我们所熟知的、重要的政治、经济理论家的观点中，几乎都能够找到他的印记。但在今天，斯密也饱受争议，不少人抨击他为资本主义和个人自由的倡导者，是“市场原教旨主义”的原动力，是不平等和人类自私的辩护人。围绕现代对亚当·斯密的信仰、偏见与重重迷思，作者从18世纪苏格兰的启蒙运动着笔，追溯了斯密思想的源头和思想体系的构成与发展。如作者所述，斯密并非一个教条式的自由主义思想家，也远非一名经济学家这么简单，除了《国富论》，他的《道德情操论》《法理学讲义》以及其他与修辞学、文学相关的论述也值得深入研究，他是现代社会心理学和行为理论的奠基人，也是现代政治经济学进化理论的开创者。
在左右翼政治经济派别愈发分立的今天，本书博古通今，通过对斯密时代的回溯，反观了当代市场、掠夺性资本和周期性金融危机背后的症结，重申了斯密提出的基本原则，其关于改革市场体系的论述，以及他在解决社会不平等、剥削和人类尊严方面做出的尝试，希望引导迷失方向的人们破除迷思、重读经典、回到正轨。",https://img2.doubanio.com/view/subject/l/public/s33803691.jpg,2021-1,https://book.douban.com/subject/35324429/,8.5,,5,写得相当流畅、干净的斯密传记，作者是英国交通大臣，结合一个充满不确定性、极端主义和误解的当代背景去追溯斯密的学说、探寻他的思想魅力。越来越觉得斯密的思想历久弥新，他关于人的科学、道德和道义、自然自由体系、自发秩序、立法者的科学等论述……值得无论左右都读一读，放弃极端的愿望，重建各种意义上的中间地带。,,2024-02-17 15:03:17,[英] 杰西·诺曼 / 2021 / 中信出版集团
3966784578,敏感与自我,"我们比以往任何时候都更忙于调整合理的限度。可以说的边界在哪里？什么时候触摸变得让人厌恶？本书作者后退一步，揭示了冲突的核心：自我和社会的日益敏感化。
聚焦敏感，围绕身体、心理、道德、审美四个维度，本书介绍了从中世纪早期到现代的敏感发展史，以辩证的角度，结合不同时代哲学家、心理学家、文学家对敏感的讨论，涉及诺贝特·埃利亚斯的文明史、尼采和列维纳斯的哲学观、卢梭和塞缪尔·理查森的小说、弗洛伊德的创伤分析、巴特勒的语言行事观、托克维尔和罗尔斯的平等观等，分析当下的创伤、语言伤害、性别问题、同情的限度以及高敏感性人群，引导我们思考人与人之间的边界、分裂社会的身份政治，走出 “囊泡化”的傲慢。
**************************
作品看点：
★ 追溯自我和社会的敏感化进程，寻找当今对立的根源。作为德国新生代哲学家，面对冲突不断的现代危机，作者后退一步，从中世纪到现代文明的发展过程中去探索自我和社会的日益敏感化，探究为何将人们彼此联结的敏感逐步变成了割裂社会的力量。
★ 以敏感为切口，重新思考女性主义、身份政治议题。从中世纪嗜好杀戮的骑士到当下对语言敏感的女性主义者，从18世纪小说中引得读者落下“甜蜜泪”的女主人公到今天的#MeToo运动，从托克维尔悖论到现在的种族议题，围绕“敏感”，作者带我们换一个视角看待当下社会议题。
★聚焦敏感，了解不同时代思想家如何回应社会问题。从中世纪到现代，我们跟随关注文明进程的诺贝特·埃利亚斯去看自我日益敏感化带来的社会进步，跟随卢梭和18世纪的文学家去看共情之于人的意义，跟随尼采和列维纳斯去体会从伤口中产生的力量与因伤口产生的情感的力量，跟随弗洛伊德和容格尔去分析战争的创伤，于巴特勒与欢迎社会敏感化的莱克维茨的思想碰撞中去看现代社会因语言、独异化造成的伤痛。
★ 不只面向高敏感性人群，更是所有人的共鸣指南。进入当代社会，作者从敏感性与独异性的关系入手，分析在独异性社会，人们如何保持道德、心理、生理的敏感性，阐述高度敏感的缘由，给所有人包括高敏感性人群提供一片共鸣绿洲。
★ 在过度刺激和强调距离的过去与当下，找回得体感。在我们牢牢紧盯电子屏幕无暇感知他人与环境时，在一场肆虐全球的疫情把我们彼此撕裂又让我们向往相互靠近时，本书带我们了解敏感性与韧性的辩证关系，找到人与人之间的得体感，敏锐地去感知世界。",https://img9.doubanio.com/view/subject/l/public/s34506625.jpg,2023-4,https://book.douban.com/subject/36361935/,8.5,,4,一个很值得讨论的当下主题，敏感与身份政治。,,2023-12-17 15:54:16,[德]斯文娅·弗拉斯珀勒 / 2023 / 上海三联书店
3140376326,运气的诱饵,"凭借近二十年的深入田野工作和人类学家的辛辣眼光，作者一层层地呈现了博彩行业、赌博者个体和现代社会基本理念的全景：
·赌博业为不断盈利并掌控消费者，精益求精地研究方方面面细节：机器算法、道路形制、室内灯光、屏幕角度、取款手段、会员追踪技术乃至急救措施……
·背负着生活压力、身心病痛、情感变故的赌博者，为何又如何一步步深陷赌博机营造的迷幻境地不可自拔，哪怕他们就是赌场雇员甚至赌博机设计师；
·一个个原子化现代个体在“全权为自己负责”的无尽重压下，面对购物、运动、聊天、刷剧、烟酒、药物、加班等万事万物时，都可能无力抵抗诱惑，而戒赌的方法和陷入赌瘾的途径，乃是同一条路……",https://img3.doubanio.com/view/subject/l/public/s34043532.jpg,2021-12,https://book.douban.com/subject/35662675/,8.6,,5,同事签的书，很有意思，我想证明一下自己不是书托，test,,2023-11-07 23:46:00,[美] 娜塔莎·道·舒尔 / 2021 / 民主与建设出版社
3964433980,寄生首尔,"★ “我还是来了首尔以后才知道， 原来阳光也是要花钱买的”
★ 他们的目标并不是向上爬，而是每天都在期望自己不要被挤下去
★ 寄生首尔残酷史，蚁居村全貌纪实
★ 揭露首尔的贫穷与暴利、挣扎与躺赢，剖开连环剥削的社会病症及其本质
——————
【内容简介】
首尔这座光鲜亮丽的大都市背后，藏着不为人知的隐秘空间！一张由资本和贪婪人性织起的网，将无数都市贫民困锁于首尔心脏的狭小空间——蚁居村。
通过深入调查与一手报道，李惠美不仅揭示了这座大都市中蚁居村生态系统的秘密，更向我们展现了一部从釜山到首尔的个人奋斗史。
作为一名曾经的住房难民，她忠实记录了大城市中如蝼蚁般的人为维持基本生存所面临的种种挑战。那些委身于“地屋考”的居民，他们的生存证词无不令人震撼——
64岁的李明道，逐渐产生了一种“只要能够换成钱，向全世界出卖自己的尊严都在所不惜” 的心理；59岁的洪某，一辈子都在梦想东山再起，但过的日子也就是每周末例行买彩票，指望总有一天会中大奖；在大学街蚁居村，年轻人不再像偶像剧中俊男靓女那样梦幻浪漫，而成了存折里连1万韩元都没有的住房难民。
他们的目标并不是向上爬，而是每天都在期望自己不要被挤下去。
贫穷即原罪？年轻就得吃苦？拥有一个像样的家为何如此困难？何为居住正义？本书是对韩国房地产业一次大胆而尖锐的探查，追踪了经营蚁居房生意的无情炒房者，更投注了对底层人民的深情关怀。
透支未来的房地产，还会有未来吗？",https://img9.doubanio.com/view/subject/l/public/s34664414.jpg,2023-11,https://book.douban.com/subject/36538281/,8.1,,4,特别是对在一二线城市求生存、求立足的年轻人来说，这本书是会勾起一些熟悉的记忆点的，揭开了首尔蚁居村、蚁居房非常触目惊心的一面，结合自己之前看房租房的经历（说实话在家乡没吃过这种苦），本书的细节更真实可感。设施老旧失灵、卫生状况堪忧、甚至安全性都打个问号，这样的城市空间竟容纳了这么多人！而一间房隔出n间房的套路，不要看单间价格低，房东却盆满钵满。本书还展现了不同年龄层的“住房难民”对居住问题的看法和心态，都蛮典型的。在信奉“胜者为王、赢家通吃、一步错步步错”的丛林法则上，韩国、中国、美国展现出惊人的一致性。韩剧这几年往“爽”和“疯批化”方向发展，也正迎合了我们对奇观的消费需求。住房问题积重难返，且没看到什么解药，只好发泄一番。以至于大城市生活、贫富分化本身成了一种在各种媒介上被频繁演绎的神话。,,2023-10-16 18:07:21,［韩］李惠美 / 2023 / 浙江人民出版社
3960314850,宋慈洗冤笔记 2,"跟随世界法医鼻祖宋慈破奇案、洗冤情、寻真相！
-
★古风悬疑推理神作
★微信读书超9万人阅读，3600多人点评，推荐值超95%，点评人中，每10个读者就有9个推荐本书
★火爆微博、小红书、朋友圈、悬疑圈
★《唐朝诡事录》编剧、原著作者魏风华力荐
-
世界法医鼻祖宋慈，生平为何不见史书记载？今天我们能了解宋慈，多亏宋慈挚友刘克庄。本书讲述的正是宋慈和好友刘克庄携手探案的生死友谊。
南宋开禧元年，时年二十岁的宋慈，正在太学读书，却无意中卷入一起案件。自小跟随父亲学习验尸推案的宋慈，被责令限期破案。随着走访勘查的深入，他发现案件背后还有案件，冤情背后还有冤情，真相背后还有真相。所有线索最后都指向了多年前的一起案件，而这起旧案不仅埋藏着宋慈家族的秘密，还关系着大宋的安危。
翻开本书，跟随宋慈和刘克庄一起勘查现场，破奇案、洗冤情、寻真相。
-
※编辑推荐：
太学岳祠案、西湖沉尸案、骷髅爬坡案等十多起案件；烧死、勒死、服毒、溺水等二十多种死法；验伤、验尸、验骨等五十多项检验手段……跟随世界法医鼻祖宋慈回到南宋临安，一起洗冤禁暴、追查真相。
书中看似不经意的一句话，可能埋藏着重要线索；看似无关紧要的人物，可能是破案的关键一环；看似毫无干系的案件，最后才发现只是冰山一角。小说情节曲折，逻辑严密，层层递进，环环相扣，反转反转再反转，烧脑、刺激、过瘾。不看到最后一页，你永远不知道真相",https://img1.doubanio.com/view/subject/l/public/s34654378.jpg,2023-10-1,https://book.douban.com/subject/36540442/,7.8,,5,,,2023-10-12 17:56:24,巫童 / 2023 / 四川文艺出版社
3960314599,宋慈洗冤笔记,"跟随世界法医鼻祖宋慈破奇案、洗冤情、寻真相！
-
★古风悬疑推理神作
★微信读书超9万人阅读，3600多人点评，推荐值超95%，点评人中，每10个读者就有9个推荐本书
★火爆微博、小红书、朋友圈、悬疑圈
★《唐朝诡事录》编剧、原著作者魏风华力荐
-
世界法医鼻祖宋慈，生平为何不见史书记载？今天我们能了解宋慈，多亏宋慈挚友刘克庄。本书讲述的正是宋慈和好友刘克庄携手探案的生死友谊。
南宋开禧元年，时年二十岁的宋慈，正在太学读书，却无意中卷入一起案件。自小跟随父亲学习验尸推案的宋慈，被责令限期破案。随着走访勘查的深入，他发现案件背后还有案件，冤情背后还有冤情，真相背后还有真相。所有线索最后都指向了多年前的一起案件，而这起旧案不仅埋藏着宋慈家族的秘密，还关系着大宋的安危。
翻开本书，跟随宋慈和刘克庄一起勘查现场，破奇案、洗冤情、寻真相。
-
※编辑推荐：
太学岳祠案、西湖沉尸案、骷髅爬坡案等十多起案件；烧死、勒死、服毒、溺水等二十多种死法；验伤、验尸、验骨等五十多项检验手段……跟随世界法医鼻祖宋慈回到南宋临安，一起洗冤禁暴、追查真相。
书中看似不经意的一句话，可能埋藏着重要线索；看似无关紧要的人物，可能是破案的关键一环；看似毫无干系的案件，最后才发现只是冰山一角。小说情节曲折，逻辑严密，层层递进，环环相扣，反转反转再反转，烧脑、刺激、过瘾。不看到最后一页，你永远不知道真相",https://img3.doubanio.com/view/subject/l/public/s34654377.jpg,2023-10-1,https://book.douban.com/subject/36540441/,7.8,,5,,,2023-10-12 17:56:01,巫童 / 2023 / 四川文艺出版社
3810568182,代价高昂的健康,"★ 看病也可以讨价还价？美国医疗产业如何变成一门巨大且浪费的生意？诊断美国卫生保健体系疾患的良心之作，曾在美国国会引起轩然大波。
★ 过度治疗、价格欺诈、掠夺性收费、中间商赚差价……是什么导致了天价医疗账单？为何美国医疗价格不透明？理想的医疗体系又该是怎样的？一本书读懂盘根错节的美国医药行业。
★ 美国国家医学院院士、顶尖医学学府约翰斯·霍普金斯医院讲席教授马蒂·马卡里，以外科医生的严谨、作家的犀利，反思医疗适当性问题。
★ 《纽约时报》畅销书、美国商业记者协会年度商业图书奖；唐金陵、王兴、阿图·葛文德、卡斯·桑斯坦等中外知名医学专家、学者诚意推荐。
——————
【内容简介】
如今，大约每5个美国人中就有1人背负医疗债务，本该是基本权利的卫生保健， 在美国却日益成为奢侈品：穷人看病贵、看病难，企业主负担重，利益相关方却赚得盆满钵满……医药行业如何从为弱势群体谋福利的助人行业，衍变成一座巨大的生意场？约翰斯·霍普金斯医院外科医生、卫生政策教授马卡里游历美国各地，聆听现场故事并结合自身经验和研究，为我们揭开谜底。
为榨取高额利润，过度检查、诊断和治疗随处可见；价格欺诈、中间商、一系列捉摸不透的金钱游戏也正在为医疗泡沫添砖加瓦。作为卫生保健透明化的倡导者，马卡里从社会正义的角度理解“健康”问题，展开了对医疗乱象和制度不端的尖锐批评，参与医生和患者教育，深入思考如何控制医疗资源浪费，并带动医生团队为了患者的利益而采取行动。
本书被《福布斯》杂志总编辑史蒂夫·福布斯誉为“每个美国人的必读之书”。
——————
【各界推荐】
◆ 这是一本任何关心自身健康和医疗适当性的人都应该读的书。它会告诉你推高美国医疗费用的种种秘密和技巧，也会教你如何避开不必要的过度医疗行为。
——唐金陵，深圳理工大学医学大数据讲席教授
◆ 本书主要针对的是美国的卫生健康体系。作为“局中人”的作者，跳出美国“卫生健康生意场”之局，以其医学专家的严谨，外科医生的犀利，访谈调查，分析思考，描述发现问题，研究症结机制，探索解决方案。
——安友仲，北京大学人民医院重症医学科主任
◆ 作者以流畅的文笔，展开了医生的叙事和医生站在患者立场的叙事，既像诉说普通人的日常生活，又像述说医生的专业工作。全书娓娓道来，讲出了许多鲜为人知的健康话题背后的深奥道理。
——甄橙，北京大学医史学研究中心教授
◆ 马卡里博士深入分析了推高卫生保健价格的真实原因，并阐述了我们该如何共同行动，让医学回归它崇高的使命。
——唐·贝里克，哈佛大学公共卫生学院教授
◆ 马蒂·马卡里是医学领域杰出的思想领袖之一，他的新书《代价高昂的健康》彻底揭下现代医学的面纱，带领我们认识了正在颠覆医学的新理念。
——威廉·弗里斯特，美国州参议员（1995—2007）
◆ 这部极具价值和启发性的作品，关于医学与卫生保健领域的决策运用以及如何保障公众健康利益，其中充满了深刻见解。
——卡斯·桑斯坦，《助推》作者、哈佛大学法学院教授
◆ 马卡里博士巧妙地从复杂的数据中抽丝剥茧，为寻求建立更加优化的卫生保健体系的人们照亮了道路。
——阿尼什·乔普拉，美国联邦政府前首席技术官
◆ 美国卫生保健失去了“关怀”，退变成为一门尾大不掉、浪费不止的生意。在自己的新书中，马蒂·马卡里四处倾听，敏锐地解构了这一切的发生机制，以及我们需要为此采取哪些行动。
——埃里克·托波尔，医景网主编、《未来医疗》作者
◆ 马蒂·马卡里是一位出色的讲述者，他既让读者得以窥探医学的生意场以及正在颠覆它的新理念，又保留了重要的细节。大家都应该读一读这本书，为更加透明和公平的卫生保健体系发出呼吁。
——山塔努·阿格拉瓦尔，美国国家质量论坛主席、首席执行官",https://img9.doubanio.com/view/subject/l/public/s34550615.jpg,2023-7-1,https://book.douban.com/subject/36427015/,8.2,,5,价格离谱的种种根源或许都可归结为缺乏透明度。但商业上哪件事不是在靠信息差赚钱？掌握信息优势的一方坐地起价，如果当事人对此没有做到心中有数，很可能就会被摆一道。这样的经验处处都是，在理发店理发，在平台买飞机票，和房产中介打交道……但这本书让人大开眼界的是，讨价还价居然也见于医疗行业。作者告诉我们，许多普通美国人都收到过意外账单；很多检查和手术本来完全没必要做；催债机构并不会放过一无所有的患者；医院、保险、药品等各个环节的价格欺诈……总之，尽管这些事令人难以置信但就是在重复上演。而与此同时，美国昂贵的医疗费用，也让医生能有尊严地工作和生活；让美国拥有强大的药品研发实力。这本书剖开了盘根错节的美国医药行业，主要展示的是过度医疗对普通人的伤害，提供了反思医疗适当性的一种视角。犀利、通俗，值得一读。,,2023-07-20 16:56:25,［美］马蒂·马卡里 / 2023 / 浙江人民出版社
3579697826,进步知识分子的死与生,"“如果一座城市能产生弗洛伊德、维特根斯坦、马勒、勋伯格、波普尔、哈耶克、克里姆特、卢斯——和希特勒——那么其中显然发生着重要之事……他们都渴望革除陈腐，以踏实、务实的新风取而代之。他们都不敬传统，但崇尚科学，拥抱进步，也都在推动统一化的议程……一切势利的旧时代等级制度都要一扫而空。”
“他们中几乎没有一个预见到了事件的走向。要离开奥地利，有着各种理由，包括事业的发展；但生命可能受到威胁的想法依然看似荒谬，他们大多数人仍然受着积极看待事态发展的诱惑，就比如弗洛伊德。 1933年，当听说自己的书在柏林被付之一炬时，他说：‘在中世纪，他们会烧死我本人 ；如今，他们烧我的书就满意了。’”
“人在流亡中，往往都做着回家的梦。但如果离别非常痛苦、屈辱，使还乡几乎不堪想象，情况就不一样了……‘你会不会考虑回维也纳？’‘不，决不会！’……离开奥地利后，学圈成员生活的一大惊人之处就是他们适应英语的速度……亨普尔告诉女儿，他做梦都是用英语做的……用英语交流代表着与过去的心理决裂，标志着一个崭新的开始。”
本书从活跃在两次大战间的一批科学、哲学界知识分子们形成的“维也纳学圈”切入，勾勒了前后约70年的相关“硬文化”兴衰嬗变，既涉及我们熟知的罗素、弗洛伊德、维特根斯坦、哥德尔、波普尔、包豪斯，更有纽拉特、卡尔纳普等枢纽性人物……他们一起点亮的旧大陆文化盛焰已在时代风雨中熄为余烬，四散的星火是否已然燎原？这幅宏大画卷不但覆盖欧美，包含科学与文艺的新气象，更有风云骤变，以及战后新哲学的硬核……性格决定命运，也与个人文化观暗暗相连。其中颇具象征意义的人物，也许就是温良的豪门学术明星石里克，唯一一个被无端刺杀的人。
★ 维也纳黄金时代尾声的学人群像
两次大战间的维也纳，一方面大众处在货币贬值、心绪不安的境地；另一方面是文化的繁荣，现代主义的科学、哲学、文艺、政见都走上了新高度，活跃在讨论室、沙龙、咖啡馆、博物馆等空间之中……追求成为世界公民的新型犹太人，更是其中的代表乃至枢纽型人物，他们憧憬着进步和平等，甚至吸引来了列宁和托洛茨基。其中的代表性群体，就是反对旧形而上学、倡导逻辑经验主义哲学的“维也纳学圈”。
笼统而言，维特根斯坦是这个学圈（以及凯恩斯）的神（罗素是施洗约翰）；学圈领袖石里克，这位普朗克的高足、爱因斯坦激赏的后辈，是维氏的虔诚门徒。宽厚的石里克也是波普尔的博士答辩导师，但认为波普尔“为人粗鲁，哗众取宠，是个不容异说的恶霸”；尽管如此，石里克并不在意波普尔批评乃至挖苦自己——但挖苦维特根斯坦可不行！学圈骨干还有纽拉特和卡尔纳普，后者对维特根斯坦不以为然。维特根斯坦性格糟糕，表达独断，精神不稳定，但跑路嗅觉敏锐，为数很少的一生交好有拉姆齐和卢斯。同样和建筑界（包豪斯）有良好关系的，还有博物馆主、社会改造者、超聒噪大型“社牛”纽拉特。英国青年数学家拉姆齐曾亲至维也纳接受弗洛伊德的长时段精神分析。维特根斯坦的豪富家族，还是理查·施特劳斯、克里姆特等许多艺术家的恩主……众多人物，就这样织造在一起。
然而一朝风云变幻——不，风云一直在变，只是常人往往一朝方始惊醒……
★ 思想史和外部史相结合，能提供怎样的镜鉴？
科学、哲学、心理学、文化艺术等众多领域，可能都有其所处时代的共通气质？不迷信传统和权威、只遵循理性和证据的思维方式，为什么在很多时代都受到保守派的忌惮和打击？同是逻辑经验主义者或者同情者，为什么彼此之间也会存在强烈、持久的争论，甚至断绝往来？谁早在1931年就迁居外国，谁又到了1939年还从海外返回奥地利？他们的性格、判断力和学术趣味之间有怎样的联系？学界人士逃亡时，在资源和失落方面，有怎样的共性？历史的行程，对学者个人及学术风潮的走向又有怎样的影响？……
★ 追求科学精神，造就了怎样的哲学和哲学家？
“逻辑经验主义”不似“存在主义”那么广有受众，但它的潜流余续，是今日学院哲学的础石。比如奠定二战后美国哲学研究基调的蒯因，就是维也纳学圈的学生甚至成员。学圈内部也有学术甚至处事争论，但追求清晰的论证和证据，亲近科学方法，不迷信传统，拒斥天启般的形而上学，憧憬社会公平，是他们共同的底色，纽拉特说：“我们的共同点将保留下来；我们的差异是时代的产物，会逐渐消失。”海德格尔也是他们共同的敌人。早在海德格尔刚刚出名时，卡尔纳普就激烈抨击其作品。波普尔则说：“只要读过海德格尔的原著，就会明白他是一个怎样的骗子……用绝对空洞的陈述，拼凑出空洞的连篇废话……我呼吁各国的哲学家团结起来，决不再提海德格尔，也决不再和其他为海德格尔辩护的哲学家交谈。这人是魔鬼。我的意思是，他对他可敬的老师表现得像个魔鬼，对德国也有着魔鬼般的影响。”
★ 一幅见微知著的欧洲画卷
主楼大学，学院联盟，教席、编外教授、授课资质和Habilitation，文理中学、实科中学及市民业余学校；高桌晚宴，有轨电车，巴洛克式宫殿对峙直线条大厦，历史上多次改易国籍乃至名称的小城，更有众多的小街、咖啡馆、故居、学界协会、民间团体、国际交流甚至上课时间后的c.t.……在这里，你能了解到旅游攻略之外的，既是近百年前的、也是当下的欧洲。",https://img1.doubanio.com/view/subject/l/public/s34369918.jpg,2023-1-1,https://book.douban.com/subject/36168828/,8.6,,4,,,2023-04-02 16:07:35,[英]大卫·埃德蒙兹 / 2023 / 上海三联书店
3537990919,堂娜玛利亚的故事,"记录对话，反思口述，见证时代——
一位阿根廷女工的故事
一段庇隆主义的时代见证
口述史研究经典之作
无论你是否对阿根廷的肉类加工行业感兴趣，该书的魅力都在于写作。作者围绕“堂娜玛利亚”这位女工口述的形式，吸引你进入阿根廷的政治阴谋和劳工运动的网络中，展示大量信息。之后，作者也没有完全“听信”，他又对女工的口述资料做出了自己的辨析与反思。在口述史风行的今天，这本国际口述 史研究的经典之作，就很有必要介绍到国内来。
--
《堂娜玛利亚的故事》以阿根廷工运妇女领袖玛利亚•罗尔丹的生平故事为线索，展示了20世纪50年代庇隆主义兴起到90年代阿根廷的政治变化，乃至拉丁美洲劳动整体阶层状况，是口述史研究和文化研究的典范性著作。全书分为两大部分，第一部分为堂娜玛利亚的口述史，文本从日常生活细节入手，为读者直接呈现出个人如何介入若干民族历史大事件，并受到这些大事件的深刻影响；第二部分，作者从叙事理论、记忆理论、口述史理论、社会分层理论等多重视角对“证言”进行了处理，不但将堂娜玛利亚的口述作为一种历史参照的文本，更对这一口述本身做出各种跨学科分析。因此，全书不仅可读性强，而且能为当前中国方兴未艾的基层口述史、劳动研究、女性主义研究提供诸多借鉴。",https://img1.doubanio.com/view/subject/l/public/s34303570.jpg,2022-10,https://book.douban.com/subject/35668934/,9.2,,4,,,2022-12-28 13:47:06,[美] 丹尼尔·詹姆斯 / 2022 / 生活·读书·新知三联书店
3320957838,鹿川有许多粪,"豆瓣2021年度读书榜单
“年度外国文学（小说类）”
“年度高分图书”
“豆瓣书店最受欢迎图书”
李沧东封笔之作
直面错综复杂的生活本身，探索真正价值的可能性
从《烧纸》到《燃烧》，永恒的审视与追问
本书是韩国导演李沧东于1992年出版的中短篇小说集，借此他获得了《韩国日报》创作文学奖，并在第二年受导演朴光洙之邀进入电影界，随后他便转型并逐渐成为具有国际影响力的电影 大师。
这部小说集展现了一批裹挟在复杂多变的历史浪潮中的底层人物形象，他们艰辛地在生活中追求真正的价值，与现实中的痛苦进行抗争，同时寻找个人生活的意义。作者通过这些人物的遭遇审视韩国现实，但并非止步于讲述历史事件或故事本身，而是着重刻画了人物在此过程中发生的转变，他们逐渐开始对生活中的真正价值和自己的身份认同提出疑问并进行探索。",https://img3.doubanio.com/view/subject/l/public/s33968312.jpg,2021-8,https://book.douban.com/subject/35517022/,8.9,,5,很喜欢这本书的装帧设计，纸张柔软轻盈，好拿，非常适合翻开。每一页排字疏朗增添了阅读的流畅度，几乎让人一口气读到底。重要的是，李沧东的中篇比短篇更打动人，读他的文字，像是在脑海中一幕幕地过着他的电影，对主人公发出沉重、痛苦的悲悯，令人心碎、叹息不已。“我”究竟是谁？“活得像个人”是什么？人的价值是什么？生活是有意义的吗？展开永恒的追问与思索。,,2022-04-18 22:30:54,李沧东 / 2021 / 武汉大学出版社
3309808051,Dirty Work,"A groundbreaking, urgent report from the front lines of ""dirty work""―the work that society considers essential but morally compromised
Drone pilots who carry out targeted assassinations. Undocumented immigrants who man the “kill floors” of industrial slaughterhouses. Guards who patrol the wards of the United States’ most violent and abusive prisons. In Dirty Work, Eyal Press offers a paradigm-shifting view of the moral landscape of contemporary America through the stories of people who perform society’s most ethically troubling jobs. As Press shows, we are increasingly shielded and distanced from an array of morally questionable activities that other, less privileged people perform in our name.
The COVID-19 pandemic has drawn unprecedented attention to essential workers, and to the health and safety risks to which workers in prisons and slaughterhouses are exposed. But Dirty Work examines a less familiar set of occupational hazards: psychological and emotional hardships such as stigma, shame, PTSD, and moral injury. These burdens fall disproportionately on low-income workers, undocumented immigrants, women, and people of color.
Illuminating the moving, sometimes harrowing stories of the people doing society’s dirty work, and incisively examining the structures of power and complicity that shape their lives, Press reveals fundamental truths about the moral dimensions of work and the hidden costs of inequality in America.
""[A] disturbing and necessary new book . . . In Press's moral worldview, there are not only guilt and innocence, but rather fine-grained degrees of culpability and exculpation that fit uneasily with the sensibilities of a sound-bite-driven social media culture . . . It's a testament to his insight and vision that in spite of the ugliness to which he exposes us on almost every page, he still makes us want to set aside cynicism and pessimism and join him in finding ways to strengthen the moral bonds between us, however flawed we might be."" ―Tasmin Shaw, New York Times Book Review
""Dirty Work makes a powerful case that, instead of vilifying dirty workers, Americans must reckon with what is being done in their name . . . Dirty Work is about weighty moral questions, but it's also about people, profiling dozens of workers and empathetically engaging with their crises of conscience. While never absolving his interviewees, [Press] forces readers to ask themselves whether, under similar circumstances, they would have behaved any differently . . . A rigorously argued, compassionately framed moral appeal that for some readers might serve as a wake-up call."" ―Hank Stephenson, Shelf Awareness
""Engrossing and frequently enraging . . . Press’s lucid narrative is studded with gut-wrenching scenes . . . This deeply reported and eloquently argued account is a must-read."" ―Publishers Weekly (starred review)
""Essential reading."" ―Caren Nichter, Library Journal (starred review)
""Probing . . . A provocative book that will make readers more aware of terrible things done in their names."" ―Kirkus
""Long before the COVID pandemic highlighted our dependence on essential workers, our existence as consumers and citizens was underpinned by an army of people doing jobs we might prefer not to think about. In this penetrating, astutely observed, beautifully written book, Eyal Press explores the lives of those who work these jobs: the corrections officer, the drone operator, the woman who slaughters chickens for a living. Dirty Work makes no easy judgments, but instead confronts a series of deep and vexing moral questions. It exposes the bonds of complicity that make this not just someone else's story, but one which implicates us all. A masterful, important book."" ―Patrick Radden Keefe, author of Empire of Pain
""This is a scathing and thoughtful book about labor and principles―or, rather about when the former sabotages the latter, in the brutal industries that prop up American life, from our appetite for cheap meat and fossil fuel to mass incarceration to remote killing as part of our foreign policy to the tech industry’s amoral profit seeking. Though the moral injury impacts the workers first, it belongs to us all. Eyal Press brings this home in a series of powerful portraits of workers, and through considerations of both their industries and the ways we look away or are prevented from seeing what they do. Ultimately, Dirty Work is a book about human sacrifice and the forces that disguise it."" ―Rebecca Solnit, author of Recollections of My Nonexistence: A Memoir
“In this richly reported, disquieting book, Eyal Press highlights the stigmatizing, morally injurious work we ask some of the least advantaged members of society to perform in our name. Prison guards, slaughterhouse workers, and drone operators who carry out high-tech killings perform society’s 'dirty work' out of public view. This book will prompt a public reckoning with inequality in work by revealing how we are all implicated in the dirty work we outsource to others.” ―Michael J. Sandel, author of The Tyranny of Merit: Can We Find the Common Good?
""Our society fights wars, imprisons criminals, produces food, and makes energy. However necessary it may be, the work involved is often ugly and violent. We want it done, cheaply, but don’t want to see it done. Enter Eyal Press, a writer in the tradition of George Orwell and Martha Gellhorn, who asks us to look at the dirty work that men and women do in our name. With measured prose and exquisite poise, Press describes the moral burden these workers assume, and analyzes the systemic inequities that burden reflects. The result is as stunning as it is disturbing."" ―Corey Robin, author of The Enigma of Clarence Thomas",https://img3.doubanio.com/view/subject/l/public/s33971292.jpg,2021-8-17,https://book.douban.com/subject/35523115/,0,,5,最近发生的种种，又让人反复想起这本书。,,2022-04-10 12:06:54,"Eyal Press / 2021 / ‎ Farrar, Straus and Giroux"
2985905242,寒门子弟上大学,"这是一部贴着写，却能飞起来的书，让人深思，也让人看到希望。——黄灯
亚马逊网站4.7星好评 | 李中清、刘擎、黄灯联袂推荐
2020年度美国社会学协会“皮埃尔·布迪厄最佳图书奖”
《我们的孩子》《娇惯的心灵》姊妹篇。被大学录取仅是一个开始，在精英大学里做一名穷学生，融入更加困难。他们的格格不入，值得所有人关注。
--------------------
在美国的精英大学里，有这么一个群体，他们凭借超常的努力，冲出破败、暴力、无序又匮乏的“废弃”故土和社区中学，踏入梦寐以求的大学校园。无关性别、肤色和地域，因为出身穷苦，这些年轻人有一个共同的标签——寒门子弟。
通过在美国一所著名大学连续三年的田野调查，覆盖上百位本科生、数百小时的面对面访谈，本书作者发现，对于寒门子弟来说，踏入大学校园只是一个开始，被录取并不代表能够融入。在寒门子弟占少数的精英大学，政策和环境把穷学生一步步推向边缘，阶级和文化的差异驱动着不平等的再生产，显示出无所不在的影响力。
本书所记录的，便是美国大学的真实生活样态：在有钱人的校园里做一名穷学生，他们的挣扎、焦虑、彷徨和挫败，实乃一部寒门子弟的悲歌。",https://img9.doubanio.com/view/subject/l/public/s33948415.jpg,2021-8,https://book.douban.com/subject/35527730/,8.1,,3,,,2022-04-09 11:18:37,[美]安东尼·亚伯拉罕·杰克 / 2021 / 生活·读书·新知三联书店
2878989731,领悟方法,"做社会学研究，非常不容易。如果不明了自身所做之事，不明了工作的努力方向，你就会像瓷器店里的公牛一样，必然把事情搞砸。这是约翰·李维·马丁在这本如何进行严谨的社会科学研究的书中告诫我们的，它风趣、睿智而必需。《领悟方法》关注的是研究者需要进行的各种实际决策：到哪儿去找寻你所需要的资料？你所找到的资料与可能收集到的资料整体之间有何种关联？
这是一本社会科学的用户指南，既适用于本科生，也适用于研究生。作者不是仅仅提供一些机械的规则与应用，而是与读者一起对于方法问题进行通透的思考。他承认研究者也是人，因此也会像研究对象一样受制于同样的认知局限与扭曲，进而提出克服和弥补上述局限的办法。马丁论证了自律的重要性，说明学术伦理上出问题必将导致研究本身出问题，反之亦然。《领悟方法》是一本里程碑式的作品；在社会学研究的过程中，学生们会反复从中受到启迪。
“方法教材通常都过于乏味，这本书却一点也不枯燥。它大胆直率而妙趣横生，充满了正面和反面的例子。新手和老手一样可以从中学会避免常见错误的各种策略。我在本科生和研究生的课上都要让学生去读它。”——Elizabeth Armstrong，密歇根大学
“马丁总是有原创性的。《领悟方法》中既包括了他对于学术思想的强烈信念，同时又提出了一系列既富于争议又聪明睿智的见解。这是在社会学方法上非常有创意的一本著作，你能从中发现众多的智慧之处。”——Jeremy Freese，斯坦福大学
“这本书涵盖了进行社会学研究时涉及到方法的所有传统议题。马丁对于写作的清晰性和精致性的偏好，再加上书中新鲜而睿智的处理方式和例证，还有那些精炼的要点总结及推荐阅读，使得这本书成为一本独特的著作。它不仅有用，而且有趣。谁能想得到，方法可以这样来讲？“——Douglas W. Maynard，威斯康星大学麦迪逊分校",https://img3.doubanio.com/view/subject/l/public/s33748142.jpg,2020-10-1,https://book.douban.com/subject/35233343/,9.3,,5,自以为是会让很多研究从刚出发时就不可靠。这本书不仅频频敲打社科研究的初学者、帮人排雷，也让人反思了在日常生活中容易犯下的“想当然”类的逻辑错误。而且，哪怕书中的道理一条条都记下了，但在具体执行过程中能有怎样的完成度可真是另一番图景了。这可能就是理论和现实之间的天堑吧。,,2022-03-23 21:38:37,[美]约翰.李维.马丁 / 2020 / 重庆大学出版社
3255985818,渐行渐远的红利,"中国改革开放30年来并行或先后释放出的人口红利、制度变革红利、全球化红利，都将并行或先后面临见顶回落的趋势，因循这些发展机遇时期形成的分析框架来思考未来的增长，难免会陷入惯性与定式，从而出现较大的偏差。本书力图建构适应“后红利时代”的宏观经济分析框架；在此框架下，相应地、分主题地分析中国宏观经济领域若干重要议题；最终，引领读者去探索中国经济新平衡的路径。
本书是作者结合自身长期的工作经验，特别是近距离、实际地观察、了解中国宏观经济的发展，写下的个人总结与思考。全书分为十个部分，开篇从宏观经济分析框架谈起，奠定了本书写作的学术规范基础，并为读者指出了理解中国宏观领域经济现象、发展规律的分析框架；第二章内容聚焦在中国的人口问题上，明确地指出了中国现今及未来的人口结构具备的宏观经济含义；从人口延伸开，第三章谈到了中国经济增长的长周期与短周期的区别及相互联系，为理清长期的结构性经济问题和短期的亟待解决的问题提供了思路；随后，作者探讨了经济结构的失衡与再平衡问题，为调整长期发展方式奠定了思想基础；对中国货币发行信用、通胀难题以及房地产泡沫的探讨体现了本书着手解决当前宏观经济领域热点问题的意图，并由此阐发了作者观察后的独特思考；由此，作者介绍了人民币的再平衡之路以及中国城镇化的新机遇与新挑战；最后一章，作者总结了上述各个领域的发展问题及特色，提出了“中国新平衡——转型的政策路径”。",https://img2.doubanio.com/view/subject/l/public/s28972871.jpg,2013-4,https://book.douban.com/subject/23789345/,9,,4,,,2022-02-27 22:50:04,彭文生 / 2013 / 社会科学文献出版社
1920980936,普里莫·莱维传,"◆作者耗数十年之功，找寻文学之外的普里莫·莱维；
◆走访世界各地，以资料和细节呈现莱维最真实的肖像
···
【内容简介】
他是一位化学家，自小痴迷试管和药剂，一生中有三十余年从事化学行当。他是一位伟大的作家；他因参与反法西斯运动被捕而沦为奥斯维辛的174517号囚犯，劫 后余生，他成了大屠杀最重要的记录者和见证者，一次次清醒地做证、反思，写下了关于人类道德的最好的作品。卡尔维诺、艾柯、菲利普·罗斯、索尔·贝娄、欧文·豪、列维-斯特劳斯、托尼·朱特……他受到无数作家和普通读者的欣赏。但撇开这些身份，他亦时常显露一种少年般的笨拙和羞涩，对昆虫和游戏的兴趣；他有作为儿子和丈夫的两难困境，也有不被家人倾听和理解的苦恼。
伊恩·汤姆森作为最早为莱维立传的人，历时10年，走访莱维的多名知交好友、搜集有关莱维的大量一手档案材料，结合自身在莱维逝世前一次近距离采访的所知所感，真实还原了身处那特定时代的、唯一的莱维，进而清晰地勾勒出一个在平凡和伟大之间充满张力的真实的普里莫·莱维。
···
“伊恩·汤姆森非常敏锐，他提供的是所有莱维爱好者需要的东西：不是一份文学解读或重新解读，而是一份读者导览……他对细节的掌控、独特的文气，都堪称范本……他的这部传记学养丰富，向读者阐释了莱维的写作，并且凭着一种审慎的感觉将那些人物和影响串联起来。”
——《观察家报》
“传记中的模范之作：其行文叙述之曼妙、均衡与真实时刻让沉闷荡然无存。……普里莫·莱维的完美传记，以及那精炼、准确的文字一次又一次地证明了汤姆森的生花妙笔。”
——克雷格·布朗，《周日邮报》
“文学传记的惊人之作……对于战争时期意大利的精彩记录……非常、非常有力。”
——理查德·霍姆斯，BBC第四电台
“伊恩·汤姆森（的这本书），是经过充分研究之后的成果，其中包括关于莱维的大量一手材料……极具说服力。”
——《纽约书评》
···
【编辑推荐】
◆普利莫·莱维是奥斯维辛最重要的记录者和见证人，意大利国宝级作家，“欧洲最高尚、最不可或缺的作家之一”，卡尔维诺称其为“我们时代最重要、最富有天赋的作家之一”。
◆本书荣获英国皇家文学学会颁发的W.H.海尼曼奖，并荣登《犹太季刊》温盖特文学奖、科雷特犹太图书奖获奖名单。
◆展现出多面的莱维：奥斯维辛的174517号囚犯，几经周折，劫后余生；一位伟大的作家，清醒地反思，审慎地写下关于人类道德最好的作品；一位出色的化学家，自小便痴迷试管和药剂，终身以此为业......但褪去光环后，他也面临着不被家人倾听和理解的苦恼，长年与抑郁症抗争。
◆伊恩·汤姆森是第一位为莱维立传的作家，擅长非虚构题材的写作，在莱维逝世前曾近距离采访过他。
◆展现了莱维与卡尔维诺、索尔·贝娄等多位名人的交往与轶事。
◆还原了莱维各部文学作品的诞生过程，并能发现作品中多个人物原型。",https://img1.doubanio.com/view/subject/l/public/s29668140.jpg,2018-12,https://book.douban.com/subject/27667782/,9.3,,5,非常流畅好看！全是细节。翻译也很棒。“在奥斯维辛很少有人自杀——自杀是理性的人类行为——牲口不会自杀。”“但书写这件事情恰恰是非常可疑和高度危险的。”,,2022-02-14 20:57:39,[英]伊恩·汤姆森 / 2018 / 中信出版集团
3047895282,工作、消费主义和新穷人,"◎ 我们的生活方式如何制造出新穷人？著名社会学家、思想家齐格蒙特·鲍曼警世之作，解读消费主义下的贫穷迷思。
◎ 在当代，人们能够作的，恐怕只有接受这就是一个消费社会，但始终警觉，才有反抗的可能。
◎豆瓣年度读书榜单、知乎年度书单榜首、中华读书报年度百佳图书、FT中文网年度商业书单榜首、多抓鱼年度鲜鱼榜、全国独立书店联合荐书
——————
【内容简介】
在生产者和普遍就业的社会中 ，贫穷是一回事。在消费者社会中，贫穷是另一回事。在后者社会中，生活项目围绕消费者的选择而建立，而不是围绕工作、专业技能而建立。“贫穷”曾经与失业联系在一起，如今，它主要指向有缺陷消费者的困境。这种差异改变了贫穷的体验方式，对于拯救苦难产生重大影 响。著名社会学家和思想家鲍曼的这部作品，对于消费者社会及其影响进行了反思和论述。在本书中，鲍曼书追溯现代历史上发生的这种变化，对其社会后果进行盘点，并考虑了与贫困作斗争和减轻困苦的各种方式的有效性。
社会学、政治学和社会政策学的研究者会发现，这是关于含义不断变化的一个持久社会问题的一本无价之书。
————-——
【名人及媒体推荐】
这本书，马克思读后也会哀泣。
—— 《经济观察报 ·书评增刊》
阅读鲍曼的感受总是强烈的。他固然不像已故的让·鲍德里亚或年轻的娜奥米·克莱恩那样，对消费社会充满了无情的批判，但他明晰而深刻的阐释，始终在加重我们的不安。
—— 《财经国家周刊》
人们普遍陷于房子、车子、子女抚养的困境中，这既有政府公共福利缺失的原因，更有现代社会更深层的消费模式的作用。鲍曼认识到问题，艰难地试图解答。
—— 《第一财经日报》
深层次探讨变化的本质，论述我们现在从一个“生产者的社会”到一个“消费者的社会”转型的书。
—— 网易读书频道
你我都可能是他定义的当代“新穷人”。
—— 虎嗅
在众人眼中，鲍曼是全球化潮流下为穷人和被剥削者发声的道德强音。不管是关于大屠杀还是全球化的著作，他的焦点一直都是人类如何能够通过伦理决策创
造有尊严的一生。
——界面新闻
人们总是将鲍曼誉为预报后现代社会的先知型人物，事实上，他的理论建构，完全是基于个人处境产生的敏感：他本来就缺少归属感，而一个流动的、一切坚
固的东西都崩毁的消费主义世界正在降临，让他的焦虑与日俱增。
——《南方人物周刊》",https://img9.doubanio.com/view/subject/l/public/s34008354.jpg,2021-9,https://book.douban.com/subject/35593780/,8.3,,4,看到此书有两个简中版。确认了，某种意义上，我们赖以生存的社会并没有变好反而变得更差。,,2022-01-07 22:39:00,[英]齐格蒙特·鲍曼 / 2021 / 上海社会科学院出版社
3171185613,父权制与资本主义,"什么是父权制？当代女性又是如何遭到父权制压迫和剥削的？女性解放道路在何方？
本书是作者历经十年完成的重要作品，是其在第二波女性主义接近尾声，后现代女性主义思潮、酷儿理论兴起之初，对女权主义各个派别，特别是马克思主义女权主义的再次思考。近代社会在“资本主义”支配的“市场”和“父权制”支配的“家庭形态双重控制下，以无偿的女性劳务等为中心，形成了女性地位低下的历史根源。 作者对此进行了深刻批判，并就如何改善女性的社会地位提出了中肯的建议。
本书尽管论述的是日本女性的地位问题，但其观点在相当大程度上适用于当下中国的国情。因而对于任何思考女性地位与男女平等问题的人都有着莫大的启发。",https://img3.doubanio.com/view/subject/l/public/s35012802.jpg,2020-3,https://book.douban.com/subject/34896921/,9.2,,3,此书原版诞生于三十年前的日本，观点鲜明，但我感觉近些年女权/女性的问题在此地的展演更为复杂，经济的、政治的、历史的、情感结构的方方面面揉搓在一起。父权制和资本主义两要素或许是女性弱势的其一原因但并不唯一和静止。作为口号和立场先行的女权难免滑向机械化的一端，忽视另一些要紧的面向（如，底层女性、男性的处境），从而将其推向更为“自利”的境地。本书提供一个看待世界的视角不错，但论证并不是特别有力。完全能理解这样一本书在当前的走红，在越发极化的舆论场中，挺适合做战斗檄文的。,,2021-12-31 12:25:44,[日] 上野千鹤子 / 2020 / 浙江大学出版社
1815171970,游隼,"达夫·库珀奖获奖作品
纽约书评图书“经典重现”书系选书
赫尔佐格“无赖电影学校”必读书目
影响持续半个世纪的经典首次引进中国
“猎人必须成为他所追捕的猎物。”
内容简介
从秋天到春天，在英格兰东部一片 平坦的湿地上，J. A. 贝克追逐着一对游隼的身影。他沉迷其间，痴痴地追随这种鸟，观察它们——在天空中，在地面上，追逐、捕杀、进食、休憩……他描述这些活动，语言精确，且带有非同寻常的诗意。
他保持这项神秘的个人追求，同时他作为人类自身的意识逐渐消融，转而被一种异己的、无法排遣的鹰的意识所取代。这种不同寻常的蜕变，不可思议又隐隐令人生畏，使得这迷人的篇章成为经典。
这并不是一本关于观鸟的书，它是一本关于如何成为一只鹰的书。关于一个人，渴望成为人以外的存在。
名家推荐
厌倦人类世界的人，跟游隼一起飞吧。
——小说家，朱岳
20世纪自然文学最重要的作品之一。
——诗人，特德·休斯
（在书里）你不时能看出他已经完全成为了一只游隼。而这也正是我在拍电影时所做的，步出自身，神游其外——也就是说走出自己的身体，去到外界的某一点。
——电影导演，赫尔佐格
我拿起它（《游隼》）随手翻开一页。那一页绝妙描绘了一只鸮无声寻猎的画面。我被它的细节击中，震惊于他的文字唤起的听觉上的感受。似乎我正在当时当地，通过作者的耳朵体验那一刻。我翻到下一页，一章没读完我知道我已经被俘获了。
——作曲家，劳伦斯·英格里斯
现在，我不再认为《游隼》是一本关于“成为鸟”的书。更准确的说，这本书是在写“想成为一只鸟而不得”。
——自然文学作家，罗伯特·麦克法伦",https://img3.doubanio.com/view/subject/l/public/s29526657.jpg,2017-8,https://book.douban.com/subject/27108971/,9.1,,4,语言的精确性。,,2021-12-12 22:43:22,[英] J.A.贝克 / 2017 / 浙江教育出版社
3074513624,张医生与王医生,"两个原生家庭，跨越三十年的奋斗，调动的能量，堪比战争。
李海鹏作序，陈嘉映 梁文道 罗新 严飞 班宇诚挚推荐
————
☆《好奇心日报》《小鸟文学》创始人，知名媒体人伊险峰、杨樱首度出书
☆ 以两位工人子弟的阶层跃升，照见中国社会三十年沧桑巨变
☆ 一个昨日世界，但你并不陌生：两个家庭、一座城、一个时代的命运轮廓
☆ 近距离观察普通个体在大时代中的浮沉与变迁，探寻当代人精神困境的社会根源
——“我们的生活变好了，为什么精神却荒芜了？”
☆ 一部令人震撼的大剧，充斥着既悲壮又无力、既切肤又旁观的历史感。——历史学家 罗新
☆ “城市发展过程中必将产生大量废弃物，而其中大部分是人”，而这部平民史诗的主题只是“不要成为废弃物”。
——巨大的社会变迁中，是什么决定了普通人的命运？
张医生和王医生出生在20世纪70年代的工人家庭。在国企改制、社会急剧转型的过程中，他们凭借家庭的全力支持与自身的聪慧刻苦，摆脱了掉队的命运，实现了阶层跃升。可是，虽然看起来功成名就，但他们的人生，仍充满了焦虑和疲惫。
两位作者采访数十人，在旧报纸、老照片、建筑废墟与口述回忆中打捞过往生活图景，描摹了张医生与王医生半生的个人成长与阶层跃升之路，并审视二人知识、尊严与自我的建构过程。与此同时，本书还以工业城市、单位社会、稀缺经济、工人阶级文化、男性气概、重大历史事件和时代变迁等为经纬，呈现出兼具深度与广度的当代东北。
阅读张医生与王医生的故事，我们将会厘清，世纪之交的一系列深刻变革，如何塑造了一代人的生存方式与精神世界。而透过个体在历史中的沉浮，我们也将窥见一座城、一个时代的命运轮廓。
————
一部社会学视野里的故事，于是，两个人、一座城、一个时代难以分割地连在一起。在汉语写作中应该是首创。
——哲学家  陈嘉映
我们究竟能在两位“成功”的东北医生身上看见什么呢？相较于影视和文字当中常见的下岗工人，他们好像完全没法代表我们想象中的东北。但令人意外，这本视野宏阔、细节饱满的著作，却不止让我们看清了东北，更看到了工业文化的内核；甚至改革开放四十年来，个体生命在时代结构当中的局限与抉择。所以不嫌夸张地说，这不单是张医生与王医生的故事，更是几代中国人的故事。
——作家 梁文道
一部令人震撼的大剧，充斥着既悲壮又无力、既切肤又旁观的历史感。围绕两个医生的个体人生，呈现出兼具深度与广度的当代沈阳。
——历史学家  罗新
近年来，“东北文艺复兴”这个概念很火，和东北失落的经济发展相对比，这片土地上的精神世界得到极大关注。不论是东北式的喜剧幽默，还是旧工业社会里留下的人文沉淀，好像变成了一座“富矿”，供人们挖掘和书写。本书围绕着过去四十年中沈阳的重大历史事件、工人阶级文化等，呈现了一部丰富的民间社会史。作者不仅有着深厚的讲故事能力，而且难能可贵的是，站在了社会学的角度去近距离观察普通家庭和个体在大时代中的浮沉与变迁。
——社会学家  严飞
两位作者令人想起工厂车间里的调度员，制定计划，并线输出，反复确认着书写的节拍，如大雨过后倒灌的水渠，从深处返流，漫经地面，为历史与现实空间重新造影。那些不规则的图景，旁逸斜出的暗渍，列车碾过的印痕，抑或我们凝视、打捞与捕捉的动作，共同构成了一批半成品、一代人与一座城市的命运轮廓。
——作家  班宇
在书中，罗伯特·E.帕克的一条理论显得尤为刺目：城市发展过程中必将产生大量废弃物，而其中大部分是人。两位医生的原生家庭跨越三十年的奋斗在事实上始终紧紧围绕这句话，在这场奋斗中调动的能量、毅力、耐心、机谋是如此之多，堪比战争所需，然而这部平民史诗的主题只是“不要成为废弃物”而已。
——作家、媒体人李海鹏",https://img2.doubanio.com/view/subject/l/public/s34019721.jpg,2021-11,https://book.douban.com/subject/35623209/,7.8,,4,出于对好奇心日报的欣赏，挺难评价这本书，还是决定给3.5星。本书主题好，爱看这种以小见大的写法。两位老师敏锐，心愿很大，有关怀和责任心，几乎观照到了如今大家都比较关心的切身问题：我们在成为“社会人”的过程中又成为了怎样的“人”以及自己“附近”的变与不变。但正如一些读者所感受到的，本书想讲的东西太多，反而显得有点杂乱和失焦，碎片式的文献引用也未见增强对主题的阐释力（倒是让我种草了许多书）。不过，如何写得既好读又不口水化还有一定的抽象高度真挺难的。,,2021-11-30 21:57:30,伊险峰 杨樱 / 2021 / 文汇出版社
2488125899,烧纸,"♦韩国电影大师、作家型导演李沧东小说代表作。
♦心怀悲悯的现实主义写作，李沧东的一切电影创作的源头。
♦琐碎的生活暗藏汹涌洪流，直指生命深处的被掩藏、遗忘的一切。
""生命的意义不在天上，而是在现实当中，虽然它很丑陋。""
“我所有的希望，就是能有一点点的改变。这就像是用一 根 蜡烛在传递火种，手递手，点燃别人手里的蜡烛。”——李沧东
◎内容简介
本书共收录了李沧东的小说处女作《战利品》及其他短篇小说共十一篇。这些作品都是以城市边缘人和小人物为关注点，聚焦于两类题材，一类是朝鲜战争及南北分裂、光州事件等社会现实所造成的伤痛，一类是韩国社会工业化发展进程中的社会问题。他的小说不以大事件为线索，而往往围绕着生活的细节，如两代人之间的鸿沟、夫妻之间或婆媳之间的家庭矛盾、大巴车上的风波等等，他拙朴的笔触下隐藏的是这些细小的事件背后巨大的悲剧感。他的作品有一种逼真的写实感，如同他的电影那样深刻地刻画人与人之间的关系，寻找被生活隐藏的真实。
无论是电影叙事，还是小说叙事，李沧东手中都握着一把极为锐利的手术刀，他深层剖开韩国现代社会中普通人的生存困境，将其经受的历史创伤、人性的残酷、个体命运遭受侵害等问题连根拔起。在这部小说集里，他不止是人文主义的电影导演，还是一位心怀悲悯的作家。",https://img3.doubanio.com/view/subject/l/public/s33642427.jpg,2020-5,https://book.douban.com/subject/30441551/,8.5,,3,也是读过李沧东的人了。小说感觉一般。对《为了大家的安全》印象要深一些。,,2021-11-14 21:40:55,[韩] 李沧东 / 2020 / 武汉大学出版社
2655057312,伪装成独白的爱情,"* 爱情不堪直视，孤独才是唯一真相
* 关于爱的危险、狡黠、颓丧和悲凉，写给真正的精神贵族
* 马洛伊•山多尔用一生写就的挚爱之作
前妻坐在街角的甜品店，悄悄看着丈夫为第二任妻子打包橘皮蜜饯。
咖啡店里，出身优越的丈夫回忆起第二任妻子在床上偷偷观察自己时那半迎合半嘲讽的眼神。他视她为真爱，可眼神浇灭了一切火焰。
曾是夫家女佣的第二任妻子与情人彻夜长谈。丈夫家满橱的袜子、领带和整墙的书曾让她觉得自己的 双手格外肮脏，而丈夫身上万年不变的甘草味令她感到恶心。
多年后，情人在美国的小酒吧里偶遇逃亡的丈夫，目送他消失在贫民窟。
关于《伪装成独白的爱情》……
《伪装成独白的爱情》是马洛伊•山多尔最偏爱的作品。在书中，马洛伊以四位当事人的独白，回忆了两段失败的姻缘，道出这位精神骑士对于爱情的期盼和彻悟，追忆了欧洲最后一代贵族的文化追求与品格坚守。
《伪装成独白的爱情》，匈牙利语原本是两本书。1941年，马洛伊写了《真爱》，一对已经分开的上中产阶级夫妇站在各自立场讲述彼此失败的婚姻。伪装成独白的不止是爱情，还有罗生门般难解的人生真相。四十年后的1980年，流亡近三十年的马洛伊决定续写这段爱情故事。《尤迪特……和尾声》以一对情人独白的形式，从截然不同的阶级立场，将四十年前的故事延续到了当下，延伸到了美国，为逝去的时代和被战争和革命消灭了的“市民文化”唱了挽歌。作者在书里留下了自己的影子——站在被炸毁的公寓废墟中央，站在几万卷被炸成纸浆了的书籍中央，直面文化的毁灭。这是马洛伊一生唯一续写的小说，可见他对这部书情有独钟。作者去世后，《真爱》和《尤迪特……和尾声》被合订在一起出版，就是《伪装成独白的爱情》。
“假如，有过一位作家，其生活方式、世界观、道德及信仰本身等所有的一切就代表着文学，那么毫无疑问，这个人就是马洛伊•山多尔。在他的文字里，可以找到生命的意义；在他的语言中，可以窥见个体与群体的有机秩序，体现了整个民族的全部努力和面貌。”
——匈牙利文学评论家普莫卡奇•贝拉
二十世纪的文学……收到了一位新的大师死后赠与的礼物。他会跟奥地利作家罗斯（Joseph Roth）、茨威格（Stephen Zweig）和穆齐尔（Robert Musil）齐名，甚至与受到膜拜的伟大作家，托马斯‧曼与卡夫卡，属于同一等级。他就是马洛伊。
——德国《时代周报》",https://img3.doubanio.com/view/subject/l/public/s28290982.jpg,2015-10,https://book.douban.com/subject/26577690/,8.5,,4,伪装成独白的爱情，伪装成爱情的独白。,,2021-10-31 21:43:40,[匈] 马洛伊·山多尔 / 2015 / 译林出版社
2921434063,流动之城,"纽约是一个同时拥有着高峰和低谷的城市。在这个城市中，富有的精英、绝望的移民和贫困的当地人共享着生活的社区。弥合这一鸿沟的是纽约的地下经济。这是一个隐形的非法贫富交易网络，它将整个城市秘密地编织在一起。
哥伦比亚大学颇负盛名的社会学家素德•文卡特斯深入街头，将纽约悬殊的经济世界中的各个要素联结在一起。他将自身深深植根在这个被探索的秘密世界中，密切关注被锁定在地下经济中的多名纽约人。通过作者对毒贩、妓女、社会名流、移民及学者的大量访谈，本书将地下经济视为社会转型和城市繁荣的引擎，揭示出了纽约鲜为人知的图景。
本书呈现的是作者穿越纽约地下经济这一“巨大而无形的大陆”的旅程。它为我们展示了一个与我们的生活平行存在的世界，这个世界正蓬勃发展，但对于我们而言却是陌生的、难以想象的。打开本书，跟着社会学家了解跌宕起伏的人物故事，感受名符其实的“纽约折叠”。",https://img2.doubanio.com/view/subject/l/public/s34008301.jpg,2021-4-1,https://book.douban.com/subject/35451198/,7.6,,4,作者的叙事功夫十分了得。“纽约不一样，这座城市需要自己的社会学，它需要除‘街坊社区’之外的新概念，以及一种新的不再固着于某处的介入方法。这些人在不停移动。这就是关于他们的关键事实，他们的真实社区就是他们所经营的人际关系的总和，就是他们跨越城市区域边界所形成的众多社会连接……通过观察地下经济中的那些隐藏的努力奋斗的拼搏者，我观察到一种与学历水平或者公司董事会里的人际互动无关的社会流动模式。”,,2021-09-23 23:23:21,素德•文卡特斯（Sudhir Venkatesh） / 2021 / 中国人民大学出版社
3002841528,置身事内,"“在成功的经济体中，经济政策一定是务实的，不是意识形态化的。是具体的，不是抽象的。”
直面真问题、深究真逻辑的复旦大学经济学“毕业课”
☆ 连接抽象经济学理论与中国发展实际
在市场机制不完善的情况下，如何实现可行的动员与资源调配，推动经济增长？
在确保增长的过程中，如 何获得更多资源和时间去建设和完善市场经济？
☆ 结合学界前沿研究与一线调研经历
扼要论述+延伸阅读指引，满足弹性认知需求
生动解说光伏、面板等行业案例，清晰复盘宽窄巷子、华夏幸福等建设经验
☆ 微观机制+宏观现象 双重维度串联中国经济生活中中知识与现象的碎片
理解地方政府经济治理的决策与行动逻辑
解读城市化、房价、贫富差距、债务、国内外贸易生态等现象背后各种要素的联动
☆ 从热闹的政经新闻中看出门道，从枯燥的政府文件中觉察到机会。
“了解政府认为应该怎么办，比了解‘我’认为应该怎么办，重要得多。”
------------------------------------------------------------------------------------------------------
本书是是兰小欢多年教学、调研与研究内容的凝练，将经济学原理与中国经济发展的实践有机融合，以地方政府投融资为主线，深入浅出地论述了中国经济的发展，笔触简练客观，并广泛采纳了各领域学者的最新研究成果。全书分上下两篇。上篇解释微观机制，包括地方政府的基本事务、收支、土地融资和开发、投资和债务等；下篇解释这些微观行为与宏观现象的联系，包括城市化和工业化、房价、地区差异、债务风险、国内经济结构失衡、国际贸易冲突等。最后一章提炼和总结全书内容。

通过对中国政治经济体系的论述，作者简明地刻画了地方政府进行经济治理的基本方式，并指出，中国政府通过深度介入工业化和城市化的进程，在发展经济的同时逐步推动了市场机制的建立和完善，以一种有别于所谓发达国家经验的方式实现了经济奇迹。基于对改革历程与社会矛盾的回顾与分析，作者也在书中对当前推进的市场化改革与政府转型进行了解读，帮助读者增进对中国发展现实的把握。",https://img3.doubanio.com/view/subject/l/public/s33956867.jpg,2021-8,https://book.douban.com/subject/35546622/,9.1,,4,经济中的政府和政府中的经济。写得很干净，材料也很新。,,2021-09-04 22:38:56,兰小欢 / 2021 / 上海人民出版社
2977732097,靜寂工人,"以人類學之眼、受苦共感之心，
走進底層工人的生命世界，記錄一段被遺忘的社會史。
「不讓妳傷心的人類學，就不值得從事。」——《傷心人類學》
「我也完全不知道在『那裡』該『如何讓自己像個人類學家』。」——《泰利的街角》
這是一本關於跨國供應鏈肆虐、新自由主義浪潮席捲、港口男人勞動風雲、茶店女性作伴文化、生命陷落及底層困境的「傷心民族誌」。書中的主角包括被國家拋棄的碼頭裝卸工人、入不敷出的貨櫃車司機、慘澹營生的攤車小販、飽經風霜的茶店阿姨仔，以及失語無能的失格父親。若要凝視這些如深淵般的生命圖像，得讓目光回望島嶼過往半世紀的「發展」軌跡。
1956年，美國Sea-Land運輸公司的Ideal X號貨輪載運貨櫃啟航，開啟了貨櫃海運時代。1972年，基隆港務局首次設置貨櫃碼頭與裝卸設施。1984年，基隆港躍升為世界第七大貨櫃港。1999年，基隆港棧埠作業民營化。2016年，基隆市歡慶建港130週年，該年為世界海運貨櫃發展60週年。在上述扼要片段的主流編年記事底下，有什麼重要的社會史細節遭到忽視？又有哪些人被抹除了真實活過的痕跡？這些正是《靜寂工人》試圖呈顯與回應的。
本書作者魏明毅帶著同理之心和人類學之眼，以身為度，與田野報導人同行在基隆港的東西碼頭岸上、同處在簡單陽春的候工室裡、同坐在密閉侷促的貨櫃車內，並隨著他們的腳步進出不同的食肆與茶店。側耳傾聽他們的娓娓敘說，且聽出他們沒能說出口的喑啞之聲。然後，以筆一字一句刻劃這些暫時隱沒容貌、以化名現身的人物，記下他們在碼頭內外的日日夜夜。
魏明毅筆下堅毅認命的清水嫂、自嘲無能的李松茂、沉默寡言的阿順、夜夜喝著酒水的李正德、渴望「說」與「被聽」的王家龍、善體人意的茶店經營者陳女士等人，所交織出的生命世界，曾經是那麼絢爛豐富，如今卻顯得黯淡無光。這些故事的主人翁面對際遇變遷和生命苦境，總是自嘆命運捉弄且歸咎自身無能，但魏明毅不懈地叩問社會性受苦的緣由，在她的抽絲剝繭、細細爬梳下，個中道理逐漸浮現檯面……。
【Misfits書系】
聚焦於各種底層、邊緣、非主流、格格不入的個人或群體的生命記事。取材自民族誌、生命史、報導文學、陰性書寫、人文研究、社科調查等。書系精神為不渲染浮誇悲歌、不消費廉價溫情、不製造刻板印象、不鞏固傲慢偏見，但求揭露隱蔽、翻轉污名、傳達喑啞者的聲音、體現各種活著的姿態。最終讓人明白，故事的書寫者、故事裡的主人翁，乃至故事的閱讀者，在生命旅程中都可能是misfit。
凝視受苦．同理推薦
「喧囂的年代，許多事都在挑動我們憤怒的神經，賁張的血脈遙望著改變，卻伴隨了空洞的疲倦。此時，明毅的溫柔凝視、安靜傾聽，就像一股暖流，撫慰人心。《靜寂工人》展露了碼頭工人真實的生命世界及堅毅的生命法則，讓我們從這一天又一天的生命故事中，獲得啟發、汲取力量。」——方怡潔（清華大學人類學所助理教授）
「身為精神醫療工作者與人類學的學徒，我樂意推薦《靜寂工人》，作為臨床工作者一種理解人們受苦經驗的參照，提醒在病理化的詮釋觀點之外，我們可能面臨的限制，以及還可以嘗試的思維理路與行動。過去，日治時期抵抗殖民的醫生作家賴和曾以漢詩寫道：『要向民間親走去』，這部民族誌也體現了這樣的哲人精神。」——吳易澄（精神科醫師）
「讀畢後闔上本書，你腦中或將浮現碼頭邊一個個布滿皺褶的黝黑臉孔，沉默無語地飲啜麻痺靈魂的液體，靜寂的空氣裡帶著稠重的哀愁與無奈。慧心獨具的作者用著細膩的筆觸，如針線般繫起個人工作、家庭、休閒等面向，繼而疊合在台灣自七○年代來於全球經濟位置的鉅觀遞嬗圖上，校準出民族誌企求展現的理解視角。」——黃克先（臺灣大學社會學系助理教授）
「源自心理諮商與文化人類學的雙重訓練，本書作者魏明毅獨具隻眼，由情緒和感知的觀察角度入手，生動地描摹了全球供應鏈如何在公共空間以及私密領域裡，深刻影響了這些男女和代間的行動與不行動、希望和失落。」——趙彥寧（東海大學社會學系教授）
「We are what we eat. 碼頭工人鎮日的港邊飲食，隨著國際貿易更迭、港口發展興衰變換著桌上菜色。這勞動苦力的精氣補給站，吞嚥入喉的是港都男兒的情感，而咀嚼吐納的則是關於城市定位、貿易榮枯、國際金流的起伏迭宕。碼頭工人順著國際商船所撐起的口岸繁華盛景，在勞動的呼吸與節奏中，內斂地承載著屬於男性的關愛、責任、放浪與墜落。」——鄧湘漪（《流亡日日》作者）
「要記憶基隆港，就必須記住這群碼頭工人和他們的苦境，身為基隆的孩子和新一代的受薪勞工，《靜寂工人》給了我們一個追溯和反思的起點。從看見勞動者的歷史開始，我們拆除了強加在個人身上的錯誤歸因，層層剝除大時代結構的遮掩，找到了和基隆港與勞動的深刻連結。這真實映照出他們的受苦經歷，也提醒我們自身勞動的意義，以及在這個艱困的時代下該如何自處。」——雞籠霧雨（基隆青年團體）",https://img1.doubanio.com/view/subject/l/public/s29103198.jpg,2016-10-1,https://book.douban.com/subject/26895203/,8.8,,4,作者写得很动情。想想过去和现在，同样会被甩下的“我们”：听天由命的农民，国企下岗潮中的工人，积劳成疾的996普通白领……微不足道的个体，在一阵阵浪潮席卷下又能怎么办呢？我不知道。我只是觉得人好脆弱。,,2021-08-01 23:41:47,魏明毅 / 2016 / 游擊文化
2915756584,私房钱,《私房钱：家庭里的权力、亲密关系和隐性财产》是一本以私房钱为研究对象的研究专著。作者基于皖江北岸宽源村的田野调查，讨论了私房钱的类型、人们存私房钱的主观动机、存私房钱行为的因果机制、人们对私房钱的道德体验等议题。研究希望以私房钱为切入点，凸显家庭作为财产管理单位和消费单位的属性，管窥中国农村家庭经济生活的逻辑，把握当前中国农村社会中个体欲望、自由与家庭整体利益之间的张力和整合，并回应当前有关中国家庭变迁的理论议题。,https://img9.doubanio.com/view/subject/l/public/s33845836.jpg,2020-12,https://book.douban.com/subject/35148975/,6.6,,3,,,2021-07-04 10:40:14,邢朝国 / 2020 / 商务印书馆
2909318020,季风吹拂的土地,"说起东南亚，你会想到什么？
海岛、沙滩、购物中心、度假酒店，还是暴力、腐败、军事政变、宗教冲突？
一面是社会经济高速发展带来的物质富足，一面是民主状态的反复和集权政府的冷酷。暴力与奢华并存，闲适与压抑同在。
《季风吹拂的土地》是一部关于东南亚现代化进程及其面临问题的反思和剖析。作者迈克尔·瓦提裘提斯先后担任BBC记者、《远东经济评论》编辑、调解冲突的中间人，在东南亚工作、生活近四十年。基于其研究者、观察者、参与者的三种身份，瓦提裘提斯从东南亚的社会症结与历史重负出发，辅以细腻动人的个人经验，追溯经济与文化、殖民背景与历史遗产，内部分歧与外部渗透，深度解析地区性冲突的背后原因，及其对于国际局势的影响。",https://img1.doubanio.com/view/subject/l/public/s33895449.jpg,2021-5,https://book.douban.com/subject/35362348/,6.9,,3,,,2021-06-27 13:33:14,[英] 迈克尔·⽡提裘提斯 / 2021 / 上海人民出版社
2775080604,培养好孩子,儿童的道德教育与整个社会秩序的进步紧密关联，许晶博士在《培养好孩子》一书中，基于2011年至2012年H市一家中产阶级私立幼儿园120名2~6岁儿童的实地研究，运用人类学民族志观察和心理学实验，从道德领域的三个维度研究了儿童的道德习得过程，展现了儿童与育儿者、儿童世界文化和成人世界文化之间的张力。该书不仅实现了研究方法和学科的融合与跨越，也是对已有儿童道德教育研究的重要补充。对每个教育工作者而言，该书都具有重要的指导和启发意义。,https://img9.doubanio.com/view/subject/l/public/s33890216.jpg,2021-5-30,https://book.douban.com/subject/35173373/,7.3,,3,,,2021-06-27 12:52:33,许晶 / 2021 / 华东师范大学出版社
2828397937,因难见巧,《因难见巧》一书收录了多位内地和港台翻译家关于翻译的经验谈。其内容侧重于翻译家翻译经典的过程，如译前的准备、译时的甘苦、译后的心得，以及因此推展出来的译论等。本书以翔实的例子、深刻的分析将翻译过程的点滴呈现出来，而这些内容，以往只是散见于一些文章之中，缺乏有心人将之编汇成集，传诸后世。因此，有别于一般谈翻译理论和翻译史梳理的书，本书是非常有意义、有价值的。,https://img1.doubanio.com/view/subject/l/public/s33578658.jpg,2015-4-1,https://book.douban.com/subject/26384553/,8.8,,,,,2021-06-06 15:36:27,金圣华 (主编) 黄国彬 (主编) / 2015 / 外语教学与研究出版社
2900612502,无法直面的人生,"一部影响深远的鲁迅思想传记，代表了20世纪八九十年代知识界努力冲破启蒙话语，力图回到“鲁迅本身”，从个体生存的心理结构和思想困境的角度去重新解读鲁迅的重要尝试。
作者以鲁迅的人生历程和思想发展为经纬，以其三次努力抵抗自己的“鬼气”和“绝望”为主轴，把鲁迅思想气质中的怀疑、矛盾、阴郁乃至黑暗刻画得深入骨髓，无论是作者还是读者，都会在情感和心理的共鸣中，感受到作为一个人的鲁迅那巨大的精神痛苦和思想悲剧。
作者曾解释如此理解鲁迅的原因，是“想要打破那一味将鲁迅往云端里抬的风气，想要表达对鲁迅的多样的情感，不仅仅是敬仰，是热爱，还有理解，有共鸣，甚至有同情，有悲哀；我更想要向读者显示生活的复杂和艰难，不仅仅是鲁迅，也是我们自己，不仅仅是过去，也是现在和将来”。",https://img1.doubanio.com/view/subject/l/public/s33804380.jpg,2021-1,https://book.douban.com/subject/35167966/,8.3,,4,虽说作者自己的想法比较多，但对鲁迅心灵中那部分苦闷犹疑的分析还是使我有一些共鸣的。一脚踩在世俗社会里，一面又在艺术创作的想象世界里淡忘现实存在。在理智与情感体验之间，是该再好好读一读鲁迅。,,2021-06-03 00:05:39,王晓明 / 2021 / 生活·读书·新知三联书店
2821439161,“读书的料”及其文化生产,“读书的料”在此指改革开放之后出生并进入精英大学的中国农家子弟。借助自传社会学和深度访谈，本书对他们通过教育向上流动过程中的文化生产进行了深描，揭示了先赋性动力、道德化思维、学校化的心性品质在这一过程中的特殊意义。通过展现这些中国农家子弟的文化自主性，剖析循规本身的创造性及其与文化生产的内在关联，本书突破了“底层缺乏文化资本”这一为学界默认的观念，提出了底层文化资本理论。本书也特别关注了这样一种文化生产的暗面，直面了“子不承父业”的阶层跨越之旅对个体道德、情感和文化世界的冲击。,https://img3.doubanio.com/view/subject/l/public/s33880342.jpg,2018-12-1,https://book.douban.com/subject/34747257/,8.4,,4,其实到最后，大家也都只是过上了一种整齐而规矩的普通人生活，无论是中产出身的小孩还是农村出身的小孩。,,2021-05-16 17:04:34,程猛 / 2018 / 中国社会科学出版社
2768697895,一位女士的画像,"“是的，我喜欢独立自主。但我一直想知道什么事情是不应该做的。”
“为的是去干这些事吗？”
“为了是可以有所选择。”",https://img9.doubanio.com/view/subject/l/public/s4007404.jpg,1984-01,https://book.douban.com/subject/1916464/,8.6,,5,女主人公嫁给了“骄傲”，一股子想献身的劲，终究是如愿没能“逃避生活”。镜花水月。不完美、不道德有着很丰富的成色。,,2021-03-30 16:05:23,亨利.詹姆斯 / 1984 / 人民文学出版社
2748646556,等待野蛮人,"2003年诺贝尔文学奖得主J.M.库切。他的小说以结构精致、对话隽永、思辨深邃为特色。然而，他是一个有道德原则的怀疑论者，对当下西方文明中浅薄的道德感和残酷的理性主义给予毫不留情的批判。他以知性的诚实消解了一切自我慰藉的基础，使自己远离俗丽而无价值的戏剧化的解悟和忏悔。甚至当他在作品中表达自己认定的信念时，譬如为动物的权利辩护，他也阐明了自己的前提，而不仅仅是单方面的诉求。
库切的兴趣更多地关注着那些是非清晰却又显示为冲突频仍的情形，如同玛格丽特那幅著名油画中那个男人在镜前端详自己的脖子一样，在关键时刻，库切作品中的人物总是游移退缩、畏葸不前，无法率意而行。这种消极被动既是遮蔽个性的阴霾，却也是面向人性的最后一方聚集地——人们不妨以无法达到目的为由拒绝执行那些暴虐的命令。正是在对人的弱点与失败的探索中，库切抓住了人性中的神圣之火。",https://img1.doubanio.com/view/subject/l/public/s6132849.jpg,2010-1,https://book.douban.com/subject/4309513/,8.8,,4,“我躺在光秃秃的垫子上凝神静思，把自己想象成一个游泳者，以一种四平八稳的姿势不倦地游过波澜不兴的时代，一点水花都没有甚至跟死水一样：没有涟漪、无处不在、无色、无味，干燥如纸。”以文明戕害文明，平静得令人绝望。,,2021-03-03 23:02:26,[南非] J. M. 库切 / 2010 / 浙江文艺出版社
2755843028,公正,"当我们遇到生死抉择的时候，为什么我们常常违背利益最大化的原则而尊重人的基本权利？可是，当我们口口声声说生命至上时，为什么像福特汽车这样的企业却会给生命贴上价格标签？如果我们尊重个体的权利，但为什么大多数人又会反对同性恋婚姻？我们认为法律必须保护合同的有效性，但为什么一些双方自愿签订的合同却被法院推翻？
我们的社会、我们的思潮、我们的正义观，正陷入尴尬的两难选择当中。我们甚至怀疑法律是否是公正的，因为法律无法回避个人的道德判断，无法做到中立性。我们能否找到另外一条道路，让我们的社会规范即体现人性，又体现客观性？“世界最受欢迎的老师之一”的迈克尔•桑德尔教授寻找的，正是我们期待的有关公正的第三条路径：培养我们每个人的德性，做出有道德的选择。",https://img1.doubanio.com/view/subject/l/public/s4604609.jpg,2011-1-1,https://book.douban.com/subject/5408882/,9.1,,4,,,2021-02-19 22:59:46,[美] 迈克尔·桑德尔 / 2011 / 中信出版社
2732422837,分析与思考,"本书是黄奇帆教授在复旦大学所做的关于中国经济的讲座合集。本书共收录了12次讲座，根据主题分为“宏观调控”“基础货币”“资本市场”“房地产发展”“对外开放”“中美经贸”六个部分。除此之外，还收录了黄奇帆教授回顾他亲身参与改革开放40年经济发展中的重大事件的4篇文章作为附录。
本书所谈的都是改革开放进入新时期以来的重点、热点问题，从现实出发，运用经济学理论总结改革开放的经验，为推进新时期经济改革和扩大开放，提供了深入的思考。本书的研究方法高屋建瓴，采用“问题—结构—对策”的方法，面对各种问题时，先研究问题、分析问题，找到问题结构性的、体制性的、机制性的、制度性的短板，通过改变问题的联系方式、边界条件，使得问题朝着理想的方向和预期的目标转化。全书深入浅出，既有学理上的深刻性，又有丰富的例证，表述生动，保持了演讲的特色，富有吸引力，可读性强，无论是专业研究者还是普通读者，都可以从中受益。",https://img9.doubanio.com/view/subject/l/public/s33698885.jpg,2020-7,https://book.douban.com/subject/35149551/,9.1,,4,,,2021-02-10 11:04:35,黄奇帆 / 2020 / 上海人民出版社
2644014474,下沉年代,"阅读《下沉年代》，如同坐在第一排观看美国梦的午夜葬礼
“这是一个时代苍凉的侧影：受挫的努力，被辜负的信任，凋零的生机，以及日渐黯淡的希望。力透纸背的书写，栩栩如生的人物，呈现了美国三十多年的沧桑巨变，也为当下社会撕裂的悲剧写下了发人深省的前传。”——刘擎，华东师范大学教授
————
☆ 延续《光荣与梦想》时间线的美国社会内层新史，一部定义我们时代的史诗
☆ 一本书写尽美国梦碎三十年：四个人的一生，四个阶层的剧痛，一代人的失败挽歌
☆ 许倬云、刘擎、周濂、欧逸文推荐，荣获美国国家图书奖，超20家机构年度好书：
《纽约时报》年度关注作品 | 美国国家公共电台 年度最佳好书 | 《金融时报》年度最佳好书 | 《华盛顿邮报》年度最佳政治作品 | 《新共和》年度好书 | 《出版人周刊》年度最佳好书 | 《科克斯书评》年度最佳非虚构作品 | 苹果iBooks年度最佳好书 | 美国亚马逊年度最佳好书 | 《波士顿环球报》年度最佳好书......
☆《纽约客》资深作家操刀，新世纪非虚构顶峰之作，入选 Slate 25年来最佳50本非虚构
————
仿佛在一夜之间，世界轰然倒塌。所有老派的行事规矩和道德准则被抛在一旁，华盛顿的说客比政客还多，纽约交易部门不再有禁忌，佛罗里达州的楼价跌到谷底，铁锈地带的钢铁工厂相继关门，南方的农场不再耕种烟草。富者更富，穷人更穷。
美国国家图书奖得主乔治·帕克跟踪四位不同阶层的60后美国人——追逐美国梦的南方白人农民，失去工厂岗位的非裔女性工人，在华尔街和华盛顿之间穿梭的精英，借互联网经济发迹的硅谷大佬——展现四段沉浮人生，揭开四种阶层剧痛，写出一代人的愤怒与悲哀。
这是唯一一代生活不断下沉的美国人：他们生在战后经济增长的黄金年代，摸爬滚打半生后，却迎来传统社会结构的轰然倒塌。
在主角的故事之外，此书如电影镜头般扫视美国近三十余年的社会变迁，绘成一幅文化、经济、政治交织的全景流动长卷。作者为政客纽特·金里奇、作家雷蒙德·卡佛、沃尔玛创始人山姆·沃尔顿、说唱歌手Jay-Z等人立传，以十位时代偶像映射出十种或回响、或沉沦的时代精神；也记下成千上万迷失在房地产市场的投机者，成千上万占领华尔街的抗议者，成千上万挣扎在生存线上的沉默者，写尽美国梦碎三十年。
阅读《下沉年代》，如同坐在第一排观看美国梦的午夜葬礼。这是献给每一个美国人的安魂曲，也是一本关于时代转折及世界剧变的当下启示录。
————
乔治·帕克指出今天的美国正在解体，旧日熟悉的机构，如地方小银行、工会会所、工厂厂房、教堂，以及地方活动主体的各种从事社会服务的“俱乐部”，正在逐渐消失殆尽。美国国内不仅有阶级的区别，还有人群之间的区别，个体也在寻找自己的属性和类别。各个群体，也都在为自己争取更好的地位。社会成员中弱势者，又在争取个人完全的自由和平等。如此横切、竖切的后果，是美国最后会被切割成为许多孤立、离散的个人。——许倬云，历史学家
这是一个时代苍凉的侧影：受挫的努力，被辜负的信任，凋零的生机，以及日渐黯淡的希望。力透纸背的书写，栩栩如生的人物，呈现了美国30多年的沧桑巨变，也为当下社会撕裂的悲剧写下了发人深省的前传。——刘擎，华东师范大学教授
《下沉年代》有点像黄仁宇的《万历十五年》，试图通过一个年代，书写更为漫长的社会变迁。《纽约客》资深作家帕克巧妙地将大人物和小人物交错着写，兼顾造就时代的人和被时代造就（或毁灭）的人。——方柏林，旅美学者
如同乔治·奥威尔的作品，乔治·帕克的写作带着一股道义之力。《下沉年代》，一本横扫一切、铿锵有力、以至于每个人都应该阅读的作品。——大卫·格雷恩，著有《花月杀手》
《下沉年代》是我们国家过去三十年来发生的非凡故事。乔治·帕克写就了一部定义我们时代的史诗，读起来奇妙、亲切和真实。——戴斯特·费尔金斯，著有《跑步在最绝望的城市》
乔治·帕克呈现了我们生活和时代的历史，以洞察的眼光捕捉到我们失去的美国。——劳伦斯·赖特，著有《末日巨塔》
现在，那些在第二次经济大萧条中破碎的心灵和生命，为自己找到了雄辩的代言人和狂热的捍卫者：乔治·帕克。《下沉年代》是美国的悲剧，亦是文学的胜利。——大卫·弗鲁姆，美国知名时评人
独创，锋利，勇敢，至关重要。我这么多年来读到最好的非虚构作品之一。——凯瑟琳·布，著有《地下城》
乔治·帕克为二战后的美国社会契约写出一曲忧伤但又如爵士乐般轻快的安魂曲。在这片越来越吵、难以抑制的土地上，你会为那些活在越来越沉默的绝望生活中的人们发笑和落泪。——大卫·M. 肯尼迪，普利策奖得主
————
结合小说般的叙事和严谨的纪实报道，乔治·帕克撕开美国表面下的破碎裂痕。通过贯穿大城市和小城镇的经济衰退，他以敏锐的眼光审视银行家和华尔街，同时追踪我们诸多经济基础设施的痛苦解体。他精准描绘了奋斗者和普通工人的肖像，对富人、野心家、乃至恶臭的名流进行了快照般的捕捉，生动展现了富层阶级与平民之间日益扩大的鸿沟。——美国国家图书奖授奖辞
从现在开始的一百年里，第一本能让人理解这个时代的书，可能是乔治·帕克的《下沉年代》，一部既详尽又意义深远的里程碑作品。——《西雅图时报》
一本兼具野心和慈意之书，以多重角度看待当下的美国。书中充满蜂鸣般的悲情和愤怒，对那些困在校准不当的金融机械齿轮的人们传达了特别的同情。——《纽约时报》
从沃尔特·惠特曼到约翰·多斯·帕索斯，从诺曼·梅勒和厄普代克到汤姆·沃尔夫和亨特·汤普森，小说家和记者总能在普通美国人的生活中发现顽强且机敏的个人主义，对机遇的坚硬信念，以及走出黑暗时代的道路。当下，帕克对国家现状进行了灰暗的描写，令人痛心，却也真实准确。他没有提供虚假希望，亦不给出好莱坞式结局，但是在另一种美国创造力中，在雷蒙德·卡佛式故事和爱德华·霍珀式画像中，在人的尊严和心灵中，他找到了一种力量——当人们因生活崩溃而深感孤独时，这种埋藏在肌肉记忆中的力量会爬升上来。——《华盛顿邮报》
《下沉年代》是一部将叙事推向极限的非虚构作品，直抵通常只有虚构作品才能达到的罕见层级。它写了一部伟大小说所能写尽的一切，但更为特别的是，它也完成了小说似乎不再愿意做的事——更为有趣，更愿意做实验。作者帕克迅速转换视角，打乱叙事，相信读者会在令人震惊的平行叙事中做出自己的判断。——《Esquire》
《下沉年代》是一段献给迷失时光的抒情安魂曲，为了那些被裁减的梦想和屈服的希望。这本书让人着迷，也令人心碎，它是一部丰盈的艺术之作，展示了所有失去希望和允诺的美国人如何受苦。——《每日科斯》
作为《纽约客》特约作家，乔治·帕克是美国最好的非虚构作家之一。就其敏锐性而言，《下沉年代》更像是一本小说，而不是非虚构作品。此书更有感染力。——《金融时报》
一本庞大、高度原创的纪实作品，证明了在这个世界上，新闻报道的未来并不黯淡。帕克的写作是一场险峻的冒险，让人为之侧目。——《纽约书评》
这是最好的时代，也是最坏的时代，帕克出色的叙事如同狄更斯本人第一次将所有这些历史都融入一本书中。这本书事关各种各样的人，无论贫富，他们都陷入经济动荡和社会变革的持续风暴中。人们周围的一切都在变化，珍爱之物尽被销毁。帕克以绝对专业的纪实手法讲述了人们的故事，却比大多数美国当代小说敢于做到的要更加详尽，更有质感，当然，也更具野心。——《洛杉矶时报》
帕克发出一种异常清晰、充满人道的美国之声，它继承了纪实文学的传统，让常人生活超越日常。当我们的后代审视这个现代帝国的遗迹，并从中筛选出文化残骸，这样的美国之声便是延续久远的微小宝藏。——《独立报》
除了本身题材外，《下沉年代》更像是一本实验小说，以其书写的范围、对当代生活质感的体现及包容不同思想的方式，从扬斯敦的社区组织者写到自由主义互联网大亨，它会让读者们联想到“美国三部曲”和《无尽的玩笑》。诸如书写鲍威尔的传记体文章，发在《巴黎评论》中也并不违和，因为这本书不只是关于真相，更是充满智慧、讽刺和惊人的想象力。——《巴黎评论》
帕克的叙事是文学性的，而非规范性的：他不提供政策建议，也不谋求崇高。如同一本伟大的政治小说，《下沉年代》以前所未有的清晰揭示了一个问题，但让读者自己去寻找解决方案。但是，这既是一个绝望的故事，也是一个坚韧的故事。帕克的角色们会做出或好或坏的决定，享受意外好运和不幸，他们竭力维持，他们屈服于生活，接着又更加努力。他们的生活值得被细细讲述，不仅因为具有启发性，更因为它们是如此美丽动人。——《华盛顿月报》",https://img3.doubanio.com/view/subject/l/public/s33792562.jpg,2021-1,https://book.douban.com/subject/35230281/,8.5,,4,,,2021-02-05 15:51:20,[美] 乔治·帕克 / 2021 / 文汇出版社
2710699792,以自由看待发展,《以自由看待发展》是阿马蒂亚·森综合他在经济学基础理论、经验研究以及道德——政治哲学领域多年成果的一部里程碑式的著作。他改变狭隘发展观的旧范式，阐述人的实质自由是发展的最终目的和重要手段，建立了全新的理论框架。全书论证，发展是涉及经济、政治、社会、价值观念等众多方面的一个综合过程，它意味着消除贫困、人身束缚、各种歧视压迫、缺泛法治权利和社会保障的状况，从而提高人们按照自己的意愿来生活的能力。森根据大量的经验研究资料，分析了发展中国家面临的重大问题，阐明在实践中富有成效的解决途径。在强调市场机制、全球化对提高人们生活水平做出基础性重大贡献的同时，他指出还需要政府和社会在人的生存、保健、教育等领域承担责任，更需要人作为发展的主体在全面的社会交往和变革中发挥主动作用。,https://img3.doubanio.com/view/subject/l/public/s1084702.jpg,2002-7,https://book.douban.com/subject/1084434/,9,,3,可以说是圣母阿玛蒂亚·森了，观点大而化之，论断多、论证不详。自由是发展的首要目的，也是发展的主要手段。促进发展的五种最重要的工具性自由：政治自由、经济条件、社会机会、透明性保证、防护性保障，互为补充和强化。财富自由是一种通用手段，为获取更多自由。人是发展的核心，自由应当扩展人的可行能力（Capability）。翻译也怪怪的。,,2021-02-03 15:44:50,[印] 阿马蒂亚·森 / 2002 / 中国人民大学出版社
2687209725,中国人太多了吗,《中国人太多了吗？》，本书讲述：中国的年轻人口正在迅速减少，现在已经开始影响中国经济的各个方面。民工荒，大学生生源萎缩，房价，经济结构转型等很多经济问题都和人口问题密切相关。年轻人少了，对中国经济是祸还是福？中国的经济的快速增长能持续多久？ 中国不是人太多了，而是小孩太少了。中国人口的生育率已经降到了很低的水平，一些大城市的生育率更是降到了世界最低的水平。长此以往，中国将面临人口过度老化，经济缺乏活力，男女比例失调、社会不稳定以及国力衰落等各类问题。本书以坚实的理论为基础，结合各国的经验和中国发展的特点，论证中国人口发展政策已,https://img1.doubanio.com/view/subject/l/public/s9084759.jpg,2012-4,https://book.douban.com/subject/10574253/,7.6,,4,,,2021-01-26 22:41:29,梁建章 李建新 / 2012 / 社会科学文献出版社
2126474792,六论自发性,"【内容简介】
著名的当代思想家、耶鲁大学教授詹姆斯•斯科特曾告诉我们国家的视角为什么是错的。现在，在这本简短易懂、极其个人化的新作中，他论证了无政府主义者的视角为什么重要。他用引人入胜、斗志昂扬，甚至幽默的方式，捍卫重视地方性知识、常识、个体创造力、自发性的无政府主义思维，令我们能够审视世间百态……小到学校、工厂、养老院、游乐场里的日常社会政治互动，大到民众抗议和革命。
【编辑推荐】
书中的无政府主义不是意识形态，也无关政治立场，而是一种批判性的思维模式，可以适用于日常生活中的各类现象，如红绿灯的设置、抄近道形成的小径、地名的设置、林场或种植园的管理、游乐园的设计、科学文献索引体系的意义、养老院与老人间的关系等。通过带入无政府主义者的非国家视角，斯科特讨论了这些现象中蕴含的悖论。例如福特的种植园反映了一些为追求效率而设定的规程反而造成了效率的缺失，危地马拉当地农民的果园看似杂乱无章的表面安排后面之下却又更科学的逻辑。总之，作为一位社会科学大家撰写的关于自发性的随笔集，这本小册子中汇集了对生活中小事的思考，有助于读者培养批判性思维和辩证思维。",https://img3.doubanio.com/view/subject/l/public/s30015832.jpg,2019-4,https://book.douban.com/subject/30441554/,8.9,,5,这是我看的第二本斯科特，是他无政府主义视角的延伸，带给人思维上的启发。小到日常生活的体验，大到历史上的民众抗议和革命，碎片化的例子可以是城市规划、农作物种植、工业流水线生产、学校考试、游乐场养老院便利店……看似毫不相及，又都被糅在一本册子里。视野广阔，短小精辟，名言警句引人深思。,,2021-01-24 15:59:18,[美] 詹姆斯·C. 斯科特 / 2019 / 社会科学文献出版社
2705096925,指数基金投资指南,"每年只花少许时间，就能跑赢通胀，并跑赢70%以上的市场参与者，真的有这样的好事吗？答案是肯定的，那就是定投指数基金。
股神巴菲特说“通过定期投资指数基金，一个什么都不懂的业余投资者竟然往往能够战胜大部分专业投资者”；另一位投资天才彼得•林奇也说过，大部分投资者投资指数基金会更好些。
指数基金是一种新型的投资工具，每年持续有越来越多的投资者和资产管理人进入。一般的基金是依赖于基金经理的投资能力，而指数基金追踪指数，对基金经理没有什么依赖。每个指数基金会同时投资几十只甚至上百只股票，可以最大化分散投资者的非市场风险。而且在所有同类基金中，指数基金的费率也是最低的。投资者通过指数基金就可以低成本、有效地跟踪指数，可以获得跟指数所代表市场一样的收益。
《指数基金投资指南》作者银行螺丝钉，专注于低估值指数基金投资，系统性地讲解各类指数基金，以及投资指数基金的有效策略，教你“买什么，怎么买；卖什么，怎么卖”。针对不同需求，设计出三种投资模式：养老定投计划、上班族加薪计划、子女教育定投计划，全面介绍如何通过投资指数基金，稳赚！
不管你是投资小白，还是进入股市厮杀多年也没找到可靠的、可复制的盈利路径的投资者，阅读《指数基金投资指南》，就可以笑看股市风云，静待财富增长了",https://img1.doubanio.com/view/subject/l/public/s29618589.jpg,2017-11-1,https://book.douban.com/subject/27204860/,8.2,,4,手把手入门级理财小书。买指数近乎于买国运、价值投资、数学和人性。,,2021-01-23 15:36:28,银行螺丝钉 / 2017 / 中信出版社
2590537926,自由主义被遗忘的历史,"★ 自由主义仅是英美特有的政治传统吗？
★ 自由主义的核心是个人权利吗？
★ 本书反思和还原被扭曲的自由主义的完整历史
★ 破除流传甚广的错误认知
★ 重新思考自由的价值
【内容简介】
在当今日益撕裂的公共空间中，“自由主义”俨然成了一些人的战斗口号，也成了另一些人嘲讽批判的对象。“自由主义”真是很多人认为的那样，仅是英美特有的政治传统，核心便是个人权利吗？
海伦娜•罗森布拉特通过梳理“自由”和“自由主义”从古罗马时期到当代的词义演变，以及历史上围绕这一词义展开的各式论战，破除了这一流传甚广的错误认识。在她看来，自由主义者起初在内心里都是道德主义者，他们从不抛开公民义务空谈个人权利。自由主义被人为地塑造成了一种只关注个人自由的美国意识形态是冷战和美国全球霸权扩展的产物。这本著作为重新思考自由的价值，以及对自由、民主展开更加富有建设性的讨论奠定了良好的基础。
【本书荣誉】
《自由主义被遗忘的历史》是迄今为止这一题材中极具洞见且非常细腻的作品。海伦娜•罗森布拉特的成果卓著，对我们这个时代的意识形态讨论具有重要意义。
——塞缪尔•摩恩，耶鲁大学法学和历史学教授
这部系统化的概念史大胆且引人入胜，它展示了应当如何将自由主义不断演变的伦理特性作为一个中心议题来讨论。这本“被遗忘的历史”回顾了自由主义传统与宗教之间的紧张关系以及与其他思想体系的交锋，使我们不得不重新评价论述自由主义的起源、含义和发展的各种理论。
——艾拉•卡茨尼尔森，哥伦比亚大学拉格尔斯政治学和历史学讲席教授
这本简明且功力扎实的思想史透过几个世纪以来有关品格和公共利益的讨论回溯了自由主义传统的演变，法国和德国在其中发挥了重要作用。在此背景下，关注权利的当代英美自由主义可以看作是对20世纪极权主义挑战的一种回应。
——威廉•A•高尔斯顿，布鲁金斯学会高级研究员
罗森布拉特这部优秀的作品促使读者反思自由主义的完整历史。它还原了历史中被遗忘的诸多元素，并展示了我们对自由主义的理解是如何被第二次世界大战后一系列作家对个人主义的认同所扭曲的。
——杰罗德•西格尔，纽约大学荣休教授",https://img3.doubanio.com/view/subject/l/public/s33728752.jpg,2020-10-1,https://book.douban.com/subject/35081726/,8.7,,4,自由主义的词语史，从“慷慨”等美德到个人权利，重新发现法、德对自由主义的重要贡献。,,2021-01-17 15:39:21,[美]海伦娜·罗森布拉特 / 2020 / 社会科学文献出版社
2691277441,我等就来唱山歌,《我等就来唱山歌》是钟永丰首部内地随笔结集，收录钟永丰回忆性质的散文二十余篇，述及其个人成长中的思想文化资源脉络、作者获台湾金曲奖专辑《我等就来唱山歌》的创作过程、台湾客家文化的源流传承及台湾当代社会的变迁。书中有对你我身边平凡人的描摹，也有对家乡童年风物的浅吟低唱，有对民谣参与社会环保行动的如实记述，也有对现代化进程中得与失的反思。,https://img9.doubanio.com/view/subject/l/public/s28876145.jpg,2015-11-1,https://book.douban.com/subject/26678752/,9.1,,4,扎到土里去、有力量的文字和音乐。,,2021-01-14 11:23:36,钟永丰 / 2015 / 上海文艺出版社
2688638423,我为什么自己的书一本没写,"一本挑战悖论的不可能之书。
乌力波文学经典。法国黑色幽默文学大奖获奖作品。
幽默解剖写作欲、探究写作之难。
诺贝尔文学奖热门作家比拉-马塔斯在《巴托比症候群》中致敬之作。
“我之所以从没写过一本自己的书，决不是意图和文学一刀两断；我从未把颗粒不收当作实现目标，或把生产乏力当作生产模式。我无意破坏，恰恰相反，我打定主意要遵守图书界的规则。”
……
主人公充满写作欲望，却又难以成篇。是什么阻碍了他的写作？与文字的关系？与语言的关系？与自身经历的关系？与自我理想的关系？
短小精悍，博学幽默，这本自称不是书的书以自嘲的笔法，或明或隐地引用、摹仿了近两百位哲人、文豪，在脱口秀般的节奏中设下一个个脑力挑战，抽丝剥茧地解剖写作欲望，令人思考写作与文学的真谛究竟为何。
本书引用作者（不完全统计）：
《传道书》、荷马、伊索、毕达哥拉斯、索福克勒斯、欧里庇得斯、苏格拉底、柏拉图、亚里士多德、狄摩西尼、伊壁鸠鲁、西塞罗、维吉尔、李维、塞内加、马提雅尔、塔西佗、德尔图良、阿普列尤斯、普洛提诺、圣奥古斯丁、迈蒙尼德、但丁、阿布拉菲亚、比特沃的阿尼乌斯、拉伯雷、佩里耶的博纳旺蒂尔、塞夫、龙沙、蒙田、培根、莎士比亚、梅纳尔、霍布斯、笛卡儿、高乃依、拉罗什富科、拉封丹、帕斯卡、斯宾诺莎、布瓦洛、拉辛、拉布吕耶尔、孟德斯鸠、伏尔泰、卢梭、狄德罗、莱辛、尚福尔、利希滕贝格、萨德、梅西耶、歌德、茹贝尔、约翰•保罗、夏多布里昂、荷尔德林、斯科特、诺瓦利斯、谢林、叔本华、司汤达、维尼、海涅、德拉克洛瓦、巴尔扎克、雨果、大仲马、果戈理、坡、盖兰、缪塞、萨克雷、梅尔维尔、阿米尔、波德莱尔、福楼拜、龚古尔兄弟、凡尔纳、阿布、左拉、哈代、雷东、马拉美、詹姆斯、尼采、魏尔伦、洛特雷阿蒙、于斯曼、洛蒂、佩雷茨、兰波、康拉德、阿莱赫姆、拉弗格、勒纳尔、乌纳穆诺、赞格威尔、吉普林、塔罗兄弟、威尔斯、班达、纪德、普鲁斯特、瓦莱里、雅里、托马斯•曼、里尔克、鲁塞尔、阿波利奈尔、阿沙尔、雅拉贝尔、弗齐、弗莱、乔伊斯、卡夫卡、波扬、卢卡奇、萨克斯、伯努瓦、茹弗、勒韦尔迪、韦费尔、科克多、本雅明、阿尔托、巴塔耶、博尔赫斯、米舒、莱里斯、拉迪盖、格诺、萨特、尼赞、布朗肖、夏尔、波伏瓦、热内、劳瑞、齐奥朗、达雷尔、雅贝斯、范德梅尔施、加缪、巴特、阿尔都塞、比森斯、卡尔维诺、布尔迪厄、德里达、佩雷克……
媒体推荐：
此书一出，叫人以后还如何写作？
——法国《世界报》

这是一本美丽的书，讲述了对书籍、对语言的热爱，以及所有造就这一热爱的元素，纸也好，词也好。
——美国《出版人周刊》

包裹在令人捧腹的自嘲之下，是对写书之难的严肃思考。
——美国《时代周刊•文学副刊》
自白文学、觉醒作者及努力创作之间趣味横生的悖论。
——美国《柯克斯书评》",https://img1.doubanio.com/view/subject/l/public/s33784978.jpg,2021-1,https://book.douban.com/subject/35297079/,7.2,,4,,,2021-01-12 15:48:31,[法]马塞尔·贝纳布 / 2021 / 上海文艺出版社
2684261209,逃避统治的艺术（修订译本）,"作者通过东南亚山地的历史指出，国家总是试图将山地的居民集中到平地，从事水稻种植，而山民则通过各种方式来逃避国家的控制。传统的观点将山地的居民看做是落后和野蛮的，国家政权延伸到这些地区被看做是推动了这些地方的进步。但是斯科特通过对这个地区历史的研究发现，看起来似乎是落后的 山地少数民族可能并不落后，他们居住在山上，选择了不同于谷地的生活和生产方式是因为他们希望借此逃避国家的统治。
作者指出，他讨论的对手是法国学者布罗代尔，因为在布罗代尔那里，文明与国家经常是被混在一起的，而作者则强调，在国家统治范围之外，有着同样的文明。
作者詹姆士•斯科特是美国人类学界研究农民问题的领军人物，其《农民的道义经济》一书出版以后，在学界引起了广泛的反响；其《弱者的武器》和《国家的视角》都对学术研究和政策制定产生了巨大的影响。作者现在是耶鲁大学的政治学和人类学斯特林讲座教授，美国艺术与科学院（American Academy of Arts and Sciences）院士，其主持的“农业研究”是一个跨国的高水平博士后研修项目，至今已经延续了近20年。
【推荐】
这部著作可能是迄今为止詹姆士·斯科特最重要的著作。它具有深入的洞察力、创造性和同情心。很少有学者具有更敏锐的能力可以洞察那些没有历史、居于在完全不同的地点，并采用完全不同的实践和形式的人群的能动性。事实上，这已经使他非常接近于无政府主义的理想，也就是人们不仅可以逃避国家 ，而且可以避免国家形式本身。
—杜赞奇 (Prasenjit Duara)
这是一个出色的研究，富有人文和文化的洞察力，这部著作将改变读者对人类历史，以及对他们自身的思考方式。这是我所阅读过的社会历史和政治理论中最具吸引力和激动人心的著作。
—罗伯特·郝夫纳 (Robert Hefner)",https://img3.doubanio.com/view/subject/l/public/s33507357.jpg,2019-9,https://book.douban.com/subject/33476133/,8.7,,,,,2021-01-09 21:05:11,[美] 詹姆士·斯科特 / 2019 / 生活·读书·新知三联书店
2676247691,给无价的孩子定价,"1985年美国社会学界最有权威性的赖特·米尔斯（C.Wright Mill）奖年度作品
===========================================================
二十年前，泽利泽的著作在社会学、历史学和经济学的交叉点开辟了一个新的研究领域。在美国，“泽利泽视角”（Zelizerian perspective）在很大程度上促进了经济社会学的复兴。泽利泽的著作深深地鼓舞了新一代学者，他们通过研究那些之前不被认为是“严肃的”经济现象，重新定义了经济社会学领域的界限。除了公司、网络和市场之外，研究重点转向家庭生产、日常货币交易、身体用品、护理工作和艺术等方面。
如今，泽利泽的影响力越出了美国。2005年在法国，她的作品由皮埃尔·布迪厄收入到Le Seuil系列中出版，受到人类学家、社会学家、历史学家、经济学家的欢迎。同样地，在阿根廷，2001年经济危机之后出现了一种研究日常货币交易的显著趋势。2010年，泽利泽的作品被翻译成西班牙语……总的来说，这些作品引发了对经济生活中的价值和评价问题的重新讨论，给大西洋两岸智识生活带来了持久影响。
——《思想生活》（ La Vie des Idées）
===============================================================
本书关注的是19世纪70年代到20世纪30年代美国社会关于儿童的社会价值观念的转变过程，即经济上无用而情感上无价的孩子的出现过程。通过透视儿童问题的巧妙视角，作者细腻探讨了那个时期人们对儿童死亡的态度的改变、童工立法的斗争、儿童工作的分化过程、儿童保险的推行、儿童意外死亡的赔偿以及儿童的领养与买卖等。它们共同指向一个深刻的理论话题，这就是：孩子的社会文化属性，他们在道义上的“无价性”如何在市场机制的重重包围中穿越而出，形成一个非常规的市场，由非经济的标准来规则？从而最终指向一个更为深切的理论关怀：社会如何“大于”市场？",https://img9.doubanio.com/view/subject/l/public/s29652926.jpg,2018-1,https://book.douban.com/subject/27616926/,8.5,,4,还是非常佩服泽利泽裁剪和组织材料的能力。一项浩大的历时性分析浓缩于薄薄的书页之中，论证19世纪与20世纪之交儿童价值在美国的变迁。文化/非经济因素参与重新界定儿童价值，经济上无用、情感上无价，演变到今天，儿童恐怕已经是家长的“负资产”了。,,2021-01-04 17:26:34,维维安娜·泽利泽（Viviana A. Zelizer） 薇薇安娜·泽利泽 / 2018 / 华东师范大学出版社
2674223956,Unequal Childhoods,,https://img3.doubanio.com/view/subject/l/public/s10390332.jpg,2003-9-11,https://book.douban.com/subject/1781232/,8.5,,3,concerted cultivation和accomplishment of natural growth两种养育方式的区别。第一部分organization of daily life写得比较好，越往后读越感到叙述冗余和归因单一刻板，可供咀嚼的新鲜细节不多。小孩也在不停地和父母的养育方式互动和对抗着，到一定阶段后，peers的影响尤其大，也不尽然是社会结构和家庭经济状况塑造了他现在的样子。教育资源同样是家庭资源的组成部分，现实就是更好的家庭背景的确更有概率获得良好的教育资源，从而让自己的孩子再生产和承继阶级。还是放弃通过教育促进社会公平的指望吧，富豪家庭根本不用参与这个游戏（作者也没写）。,,2021-01-03 16:35:42,Annette Lareau / 2003 / University of California Press
2653469668,生老病死的生意,"★ 美国社会学会2013年度“亚洲研究最佳著作奖”
★ 社会研究协会2012年度“全球化研究最佳著作奖”
★ “玛丽·道格拉斯图书奖”提名
================================================
作者通过在上海等地进行的深入细致的民族志访谈，记录了中国人寿保险市场在避谈死亡的文化禁忌下的发展历程及其背后的微观政治。书中提出的“文化多重互动模型”，对市场起源进行了具体而微的文化解释，呈现了作为共享价值观的文化和作为工具箱的文化的精彩交互。本书同样面对学术圈外的读者，包括人寿保险公司、经理和代理人，计划在中国开展业务的跨国公司，想要拓展海外业务的中国公司员工，以及希望了解中国文化是如何影响我们思想和行为的读者。
================================================
学者推荐:
==============================================
陈纯菁教授的这部著作始于田野（field work），却又超越了田野（field site），为我们精湛呈现了中国寿险市场上传统文化因素与现代经济理性的碰撞交织、全球化与本土化力量的纵横博弈、历史形塑的当下现状与未来趋势之间的内在关联，堪称新兴市场形成史的一幅优美画卷，也为我们如何进行中西学界之间的建设性对话提供了一个优秀范本。
——符平教授，华中师范大学社会学系
可以有把握地说，《生老病死的生意：文化与中国人寿保险市场的形成》中译本的出版会给中国社会学，尤其给初创期的中国文化社会学，带来一缕清风。作者用其扎实而丰富的田野调查资料，简洁规范的行文方式，探讨了中国人寿保险业形成和发展过程中的文化作用。这一基于“工具箱”视角的经验发现，拓展了我们对于文化的认识，也为解释中国社会的关系特征注入了不少新解。同时，作为一本精良的社会学定性研究范本，相信在研究生及学者中一定能寻获知音、捕获佳碑。
——周怡教授，复旦大学社会学系
陈纯菁这部精彩的民族志研究，把文化与经济是否具有兼容性的重要性提到一个新的高度，并精辟地剖析了与国际营销模式不兼容的中国本土文化（“死亡话题禁忌”）如何形塑了新营销模式的过程。《生老病死的生意》是一部富有理论创见的著作，选题新颖，资料详实，论证严密，从一个独特的视角为经济社会学的发展做出了重量级贡献。我相信，这将成为经济社会学领域的一本经典著作。
——王宁教授，中山大学社会学与人类学学院",https://img3.doubanio.com/view/subject/l/public/s33721607.jpg,2020-10,https://book.douban.com/subject/35200807/,8.1,,4,是非常努力扎实的博士论文啊。倒不是观察有多新鲜、对理论的阐发有多具穿透力，而是它这个研究本身所呈现的思维方式——如何试图解答一个大问题的微观过程让人学到很多、抱以极大耐心读下去。结构工整细致，逻辑层层推进，叙事一致流畅，如果我要做以民族志作为主要研究方法的研究，我会将这个文本作为典范来模仿写作。,,2020-12-23 00:19:48,陈纯菁 / 2020 / 华东师范大学出版社
2642959424,天真的人类学家,&nbsp;&nbsp;&nbsp;&nbsp;本书的独特之处在于以一种学术作品罕见的软性触角，以一种英国式幽默风趣的笔调彻底摧毁了田野工作的美丽幻想，将隐匿于严肃人类学专著背后的鲜活经历与感触一一呈现给读者。,https://img9.doubanio.com/view/subject/l/public/s1101376.jpg,2003-8,https://book.douban.com/subject/1129216/,9,,4,非常有意思啊！作者抖包袱一流，多少田野工作中的心酸往事、顿挫困难都在谈笑间释怀了……,,2020-12-15 12:58:59,[英] 奈杰尔·巴利 / 2003 / 上海人民出版社
2516770244,回归故里,"“我们来到这个世界时，命运是否早已被宣判？”
.
当代著名思想家、《米歇尔·福柯传》作者
迪迪埃·埃里蓬切身之作
出版后即在《世界报》《自由报》等知名报刊引发热议
.
一部引发强烈共鸣的自我剖析之作
一部探讨底层民众成长困境的社会批判之作
.
著名知识分子如何与原生阶层 和解？
不再将问题归咎于家人与心理创伤
而在教育制度、阶级差异中反思社会对人的塑造
.
这是“一场自己改变自己的劳作”
却在为更多贫困者寻找反抗的可能
🐜 编辑推荐
◎享誉国际的当代著名思想家，反思自身出身背景和成长轨迹
作者为法国当代著名哲学家、思想家、社会学家迪迪埃·埃里蓬，已出版十几种著作，多部作品被认可为经典，也包括此书。这本书介于坦白和反思之间，既是一部个性化的学术著作，也是作者结合自己的出身背景和成长经历讲述的故事，在研究者眼中是学术讨论，在普通读者眼中，是深入浅出、令人共鸣的回忆录。目前该书已由德国著名导演托马斯·奥斯玛雅（Thomas Ostermeier）改编为同名戏剧。
◎关注阶级固化问题和边缘群体，以实际案例为依据为努力生活而奋力抗争的人发声
父亲死后，作者回到阔别三十年的家乡兰斯（Reims），并重新反思了自身过往经历、家乡及其周边地区的境况。从家人、家乡工人阶级民众的生活，女性长辈被剥夺的权利，到兰斯这一区域的被边缘化，相对主流文化而存在的“亚文化”……迪迪埃·埃里蓬关注的是阶级壁垒中下平民阶层的生活，是“被侮辱和损害的人”，是使他们获得“启蒙”的可能。
◎反思学校教育在社会对人的塑造中扮演的角色，致力于审视教育系统施加的社会指令
从父辈的教育经历到自己的教育经历，埃里蓬致力于冷静反观学校教育与社会秩序的“合谋”。从大批辍学的孩子，到无法融入校园文化而反叛、加入“亚文化”群体的孩子，埃里蓬说：“教师们已经尽其所能！……他们能改变的东西太少了。”学校是社会的战场之一，阶级的壁垒也存在于校园文化之中，埃里蓬致力于打破隔阂，探寻新的可能。
◎从“小家庭”到“大世界”，剖析了权力与抵抗的多种形式
从因无法完成学业而懊怒一生的母亲，有暴力倾向、总是大喊大叫的父亲，到把孩子们丢给孤儿院的外祖母，作者重新理解了家人的处境和家长在家庭教育中缺失的原因。由此，他也看到了家乡误入犯罪歧途的青少年、在阶层固化中放弃学业的工人们……社会如何塑造着底层民众，底层民众又是如何屈从的？作者试图剖析塑造和屈从的机制，重新理解他曾厌恶和逃离的人。
◎结合现实，深入浅出地消化著名哲学家、社会学家的理论和思想
喜欢让-保罗·萨特、皮埃尔·布尔迪厄、米歇尔·福柯的读者将会深感亲切，因为作者会满怀激情地讲述自己是如何被他们鼓舞的，他们的理论也将与作者所经历的社会现实融合在一起，产生新的生发点。
.
🐜 内容简介
《回归故里》是法国哲学家、社会学家迪迪埃·埃里蓬结合自身经历创作的一部反思性社会学著作。父亲去世后，作者迪迪埃·埃里蓬决定回到自己的出生地兰斯，重新了解他最初诞生的社会阶层和那群他已经告别三十年的人。他重返过去，回顾家族的历史，回忆童年时身处的工人阶级阶层，回溯了他如何从工人家庭的穷孩子成为法国著名的知识分子……
在这场极为内在又颠覆的心灵之旅中，作者思考了社会阶层、学校教育、身份建立等一系列主题，通过梳理集体决定论中不同个体的命运轨迹，剖析了不同社会环境下，人的“个人选择”是如何被影响、被决定的。
.
🐜 名人和媒体推荐
《回归故里》是一部引人入胜、充满勇气的作品，讲述一位法国著名作家如何使复杂的、时常冲突的社会身份与精神身份交汇在一起。
——利奥·贝尔萨尼（Leo Bersani）
这是一本扣人心弦的书，关于压抑，关于抛弃自己的出身，关于重获平衡。
——《美国艺术》
埃里蓬总是会回到他所说的发现心灵生命的“奇迹”中。“毕竟，”他指出，“人们应该学习，阅读令人愉快，书是你能够热爱的东西——这些态度并不是普遍的，实际上与社会条件以及你的出身背景密切相关。”我们这些足够幸运，从小时候开始就能拥有这些的人只能向他致敬。
——《卫报》
“我曾经以为，”迪迪埃·埃里蓬说，“人们可以远离家庭独自生活，可以忘却个人历史以及那些生养自己的人，重新创造自己”——在回顾了那段逝去的历史，并心怀敬畏地对那些他曾经背离的人们致以敬意之后，作者用这段颇具美感的文字陈述着这样一个事实：背离家庭与过去是永远无法彻底实现的。或许真正的“回归故里”并不存在，但至少让我们努力“与自己，以及那个被我们抛下的世界和解”。
——《世界报》",https://img3.doubanio.com/view/subject/l/public/s33659613.jpg,2020-7,https://book.douban.com/subject/34942789/,8.7,,3,完全能想象这本小书何以红，几乎处处戳中痛处。但既然是自我剖白，一定会有撒谎和修饰的成分，这才更让人觉得机巧，文字背后究竟又有多少自我宽慰和辩白。,,2020-12-03 14:15:49,[法]迪迪埃·埃里蓬 / 2020 / 上海文化出版社
2615164948,昨日的世界,"◎作品看点
★著名作家茨威格代表作，精装全译本。附作者创作年表、多国学者对谈（茨威格研究中心独家授权）
★茨威格于1942年2月22日自杀，本书是他鼓起生命中最后的热情，留给世界的一份礼物。
★奥地利人、犹太人、作家、人道主义者与和平主义者，每一个身份都让茨威格处于天崩地裂时的风口浪尖。
★繁荣背后掩藏着巨大的危机，战争成为手段，和平被当作筹码，个人在时代的巨浪中无所适从。
★极具个人视角的欧洲精神衰落史，既不“客观”也不“全面”，只是饱含情感，渴望激起每个心灵的回声。
◎内容简介
茨威格生于19世纪末，恰好来得及亲身经历欧洲文化在一战前最后的繁荣和稳定，也能觉察到隐藏在这背后的停滞、老朽和虚伪。在随后的两次世界大战中，欧洲逐渐从精神的巅峰坠落到道德的深渊，和平与人性遭遇越来越严重的挑战，一败再败。茨威格目睹了这一切，开始成为一位不情愿的见证人，在生命沉入黑暗之前，为后人留下了一个高贵而残破的昨日镜像。
“我所讲述的，并不单单是我的命运，而是整整一代人的命运。我们这一代是独一无二的，历史上几乎没有哪一代人像我们这样命运多舛。我们当中的每一个人，哪怕是最渺小、最微不足道的人，内心的最深处也被我们欧洲大地上无歇止的、火山喷发般的天摇地动所搅扰。在这成千上万的人群当中，没有谁比我更首当其冲了：我，作为一个奥地利人、犹太人、作家、人道主义者与和平主义者，每一个身份都处于天崩地裂时的风口浪尖上。”",https://img9.doubanio.com/view/subject/l/public/s29620945.jpg,2017-9,https://book.douban.com/subject/27591677/,9.3,,3,,,2020-11-24 18:55:59,斯蒂芬·茨威格 / 2017 / 民主与建设出版社
2387202279,少年凯歌,在成为著名电影导演之前，他曾有过怎样的人生？陈凯歌亲自执笔，直面他的少年时代。他敢于面对，勇于审视自己，并承认曾经犯过的错误。他的回忆与思考，既富于自省和批判精神，又具有相当的思想深度和历史的鲜活性。深刻的思想、优美的文笔、个人的视角，对成名之前生活、思想、艺术积累的小结，能够启迪我们许许多多的人。,https://img9.doubanio.com/view/subject/l/public/s1077996.jpg,2001-6,https://book.douban.com/subject/1091203/,9.3,,4,不单单是文笔好，文字背后的自知自省意识都是非常强烈的，只是后半部稍许泄气。也有点明白了现在的他（展现出来的）听不得批评，毕竟还是恃才之人。,,2020-11-10 17:37:25,2001 / 人民文学出版社
2582999351,黑王子,《黑王子》是默多克后期最受好评，同时也是最为艰深的作品之一。主人公年近六旬的作家布拉德利意欲逃离都市避隐郊野，就在出发前夕，前妻之弟不期而至，从这一刻起，他便宿命般地陷入了无穷无尽的噩梦之中：前妻的骚扰；被丈夫抛弃的妹妹神经错乱；老友之妻对他暗生情愫；最不可救药的、亦为故事核心的是，他与老友之女发生了不伦之恋，最终冤死狱中。在这部哲学与艺术高度融合的小说中，以文本的自我解构为突出特征的后现代主义实验性手法值得研究与玩味。作者在建构自己的叙述世界的同时，又通过自我解释或评论来解构这个世界，一边进行虚构又一边将虚构戳穿，颠覆了小说创作中作者隐藏在虚构世界后面的传统。,https://img9.doubanio.com/view/subject/l/public/s29071834.jpg,2016-10,https://book.douban.com/subject/26748177/,8.5,,4,这部小说打开两次才读了下去，要读懂它并不容易，直到后半部才渐入佳境。默多克或许信奉哲学是文学的责任，她很聪明地将自己的哲思融入了文学创作中，一边虚构，一边解构，制造重重迷障。当读者已试图相信主人公布拉德利的呓语，小说最后的四篇（以第一人称叙述的）后记却又让布拉德利的叙述变得不可靠。至此，如何理解前三分之二的篇幅、如何理解每一位角色、作者在想什么，留给了读者广阔的空间。另外，作者对人内心活动的发掘细致幽微，让读者对布拉德利的耽于自我感到厌烦；但又因在所有人身上看到太多布拉德利的特质而同情不已。人生而自私，以自省获得拯救，而艺术则是一种补偿。,,2020-10-30 14:37:00,[英] 艾丽丝·默多克 / 2016 / 上海译文出版社
2011303715,知识分子的鸦片,"《 知识分子的鸦片》一书是雷蒙·阿隆在冷战初期,针对当时法国特别是法国知识界的情况而作的一本法国人反思法兰西病的著作。在  《 知识分子的鸦片》一书中,作者对偏爱走极端的法国知识分子本身进行了剖析和批判,是研究法国现代思想史的重要参考资料,也是知识社会学的名著。在许多情况下,深刻的思想往往采取片面的姿态,左派的作品是这样,右派的作品也是如此。所以,即使在时过几十年之后,我们再来阅读阿隆的这部著作,仍会为其间的清醒与尖利惊叹。
""    没有雷蒙•阿隆，世界将感到更孤单，而且更空虚。——亨利•基辛格
《知识分子的鸦片》是20世纪最有开创性的书之一，是对研究知识分子的“虚妄”这一主题最有价值的贡献之一。本书出了要让知识分子们回归平凡务实的正道，也希望能让他们免于在智识方面的混乱不清，正是这种混乱不清造成了许多智识上的“怪胎”。——罗杰•金巴尔""",https://img3.doubanio.com/view/subject/l/public/s10482672.jpg,2012-6,https://book.douban.com/subject/10571622/,8.6,,4,,,2020-10-12 15:56:36,[法] 雷蒙·阿隆 / 2012 / 译林出版社
1398433508,记忆小屋,"◆列选《纽约时报书评》年度瞩目之书
◆一部映照世纪浪潮的知识分子回忆录
◆托尼·朱特最私人的回忆录，新增朱特之子关于父亲的纪念长文
···
【内容简介】
本书是托尼·朱特罹患“渐冻人症”后口述的回忆录。
在一个个无法动弹的寂静黑夜里，朱特以空间为线索搜索、整理了过往的记忆，筑成了一栋“记忆小屋”。他坦言，病中的写作基本上来自对记忆小屋的夜访。他有时关注小事，描写祖母的犹太料理、伦敦的绿线巴士、瑞士的小火车。有时放眼大千，论及西欧战后一代闹剧式的革命，时代的思想禁锢，以及自己对政治的观察与参与。这些文字在动人与锐利、私人性与公共性、具体发生的历史与身处其中的个体感受之间穿梭，追索的既是一个历史学家的人生历程，也是20世纪的复杂历史。
···
【媒体评论】
既是一部自传，也是一本叙述20世纪下半叶历史的有趣小书。
——《时代周刊》
·
一本直率的知识分子自传，和穿过朱特记忆小屋的瑞士空气一样令人心旷神怡。你可能会认为这种境况下写出的回忆录会有伤感的氛围，但是书中却没有任何临终的低落。好奇心、无畏的智识、对有趣细节的品味和水晶一般的文笔，都显示出主宰这个人的并不是死亡，而是生命。
——《每日电讯报》
·
这些文章并非为了出版而作……在生命的最后，他尝试寻找和定义自我，给他亲近和亲爱的人们留下一些可以回忆和相信的事实。……他的文字在才华、愤怒和爱之间来回震颤。他既有历史学家捕捉细节的眼光，也有作为一个平常人的同情。
——《观察家》
···
【编辑推荐】
编辑推荐：
◆托尼·朱特是西方学界最著名的公共知识分子之一。他曾入选《外交政策》杂志评选的“全球百大思想家”，2009年因他的“智慧、洞察力和非凡的勇气”获奥威尔终身成就奖。
◆《记忆小屋》收录了托尼·朱特在患病后写下的文字。在病中那些不眠之夜，朱特一次次走进“记忆小屋”，检索和整理自己一生的回忆，并在白天向记录者口述。这些自传故事充满鲜活的细节和独特的生活感受，过去时日的气息声响宛然重现。
◆新版《记忆小屋》首度收录了朱特之子丹尼尔·朱特回忆父亲的文章，丹尼尔写到了历史学家朱特不为人知的一面，但更多的是对作为父亲的朱特的描摹和怀念，丹尼尔的笔触温情而克制，细腻且动人。",https://img1.doubanio.com/view/subject/l/public/s29807129.jpg,2018-7,https://book.douban.com/subject/30256632/,8.7,,4,一点都没嗅到“气人的知识分子的孤高”，而是一部处处凝结着反思，依旧交付真诚之心的回忆录，可亲可爱的朱特。,,2020-08-30 18:40:50,[美] 托尼·朱特 / 2018 / 中信出版社
1621309158,卡尔·马克思,本书以卡尔·马克思的生平经历与思想发展为主线，从他在德国的成长与求学，在巴黎的工作与斗争，一直写到流放伦敦的最后岁月，涉及青年黑格尔派运动、1848年欧洲革命浪潮、国际共产主义运动、《资本论》出版等众多历史事件，完整勾勒出了马克思传奇而动荡的一生。伯林在书中尤其关注马克思在各个阶段的思想发展轨迹，客观评述了他在哲学、历史学、政治经济学等领域的学术成就，力图还原马克思作为知识分子的历史地位。伯林对马克思的研究摆脱了后续众多马克思主义者的二次阐释的影响，从历史文献与马克思本人著述出发，生动呈现了马克思富于人性色彩的真实面貌。,https://img1.doubanio.com/view/subject/l/public/s32302048.jpg,2018-10,https://book.douban.com/subject/26945180/,8.8,,4,“马克思可以被视为一位十分重要，事实上也是第一流的学术人物，超越了与布尔什维克主义、冷战、铁幕和柏林墙相关的过时争论，而这正是伯林的真正成就。”平视马克思。,,2020-07-30 22:08:34,[英] 以赛亚·伯林 / 2018 / 译林出版社
2463422597,把自己作为方法,两代学人，跨越北京、牛津、温州、杭州、上海五地，历时三年完成了这场谈话。从项飙教授的个人经验切入，追索一系列超越自我的问题，其中涉及对中国社会半个世纪以来的变化、知识共同体、全球化与民粹主义、人类学方法论等题目的思考。这本书提供了一份对话实录，也给出了一种审视问题、 思维操练的方法——在自我泛滥的潮流中，如何给自己定位，在全球化的年代，如何创造性地建设身边的小世界，在思想受困的社会，如何回答宏大的命题。,https://img9.doubanio.com/view/subject/l/public/s33683876.jpg,2020-7-1,https://book.douban.com/subject/35092383/,8.4,,4,问同事借的样书，两天读完，异常亲切。同为浙江人，更能感受并理解项飙身上的那种地方性。他对现象和问题的距离感及抽象能力，那种温和、诚实而具体的气质，还有非功利地投入自己所爱的事，真的非常令人羡慕。,,2020-07-22 18:35:35,项飙 吴琦 / 2020 / 上海文艺出版社
2456079872,美国精神的封闭,"简介：

本书论证现代民主的起源，品评马基雅维利、霍布斯、洛克、卢梭等启蒙思想家的意图及其得失，考察当代美国心智与德国思想之间的联系，批判20世纪60年代以来美国社会盛行的虚无主义及文化相对主义，揭示出民主政治之下高等教育的危机。


导读：

高等教育如何导致了民主的失败
如何导致今日大学生心灵的枯竭

《美国精神的封闭》是最动听、最精致、最博学，而又最危险的传单。
——本杰明·巴伯

这部书对人们大有启示作用。最重要的是使我们认识到：民主体制本身并不是一切，它的运作必须另有一种健全的文化精神与之配合。
——余英时

无论人们是否同意它的结论，它提供了一个不可或缺的讨论指南。它不仅是对传统的概述，也是一份表述得十分清晰准确的历史大纲，是对民主美国高层次精神生活的发展值得信赖的概述。
——索尔·贝娄



序

布卢姆教授做事有自己的风格。他在谈论美国的高等教育时，并不考察所谓学术共同体（这通常是它的自称）的形态、传统和仪式。但他的资格是无可挑剔的。他写过一本论述莎士比亚政治观的大作，翻译过柏拉图的《理想国》和卢梭的《爱弥尔》。那些恼羞成怒的同行想不拿他当回事都难，虽然很多人都想这样做，因为他目光犀利，勇气可嘉，而且博古通今，是门肯刻薄时所说的“高级学问”的大观察家。
但是，布卢姆教授既不是专揭老底的人，也不是讽刺作家，他思想的严肃性使他超然于学界的立场。他主要不是对教授们说话。他当然欢迎他们听听——他们肯定会听的，因为他们正处在猛烈的火力之下。他把自己置身于一个更大的共同体之中，更多地援引苏格拉底、柏拉图、马基雅维利、卢梭和康德，而不是我们的同代人：“在所有自相矛盾的共同体幻影中，真正的人类共同体是那些寻求真理者、那些潜在的智者的共同体，……全体渴望求知者的共同体。事实上，这只包括很少的人，他们是真正的朋友，就像在对善的本质有分歧时柏拉图是亚里士多德的朋友那样。……他们在探讨这个问题时绝对心心相印。按柏拉图的观点，这是唯一真正的友谊，唯一真正共同的善。人们不顾一切寻找的密切联系正是这里建立起来的。……这便是那个不可能的哲学王之谜的意义所在。哲学王们拥有真正的共同体，它是其他所有共同体的楷模。”
对现代读者来说，这种语气也许会因为那些古板的老词——“真理”、“智者”、“善”、“人”——而不受用，但我们不能否认，在我们反对这种语言的背后，有着对我们现代人关于“价值观”的浅薄、常常是琐屑无聊的言论的负疚感。
上面那段话引自布卢姆这本书的结语。他不顾自己读者的好恶，道出了肺腑之言。在讨论专业经济学家的势力、现代科学同先于它出现的“自然哲学”的分离、人称“文化相对主义”的现象或MBA（工商管理硕士）真实的基本含义时，他下笔别具一格。他时常一脸愠怒，咄咄逼人，不怀好意。谈到人文学科在大学中的地位，他称其为“久已沉没的大西岛”，我们重新回到那儿，力求“找回别人都已放弃的自我”。“人文学科就像古老的巴黎大跳蚤市场，眼力好的人方可从一堆堆破烂中找出被人丢弃的宝贝……”还有，“人文科学就像难民营，被不友善的当局剥夺了工作赶出家园的天才们，在那儿闲荡。……大学的另外两个部门（自然科学和社会科学）对历史毫无用处……”当他不忙于研究善的本质时，他能够运用人文学科的精华（或许我应该说，用其糟粕）发起猛攻。身为学者，他想给我们启蒙；身为作家，他从阿里斯托芬等人那里了解到，启蒙也应该是快乐的。在我看来，这不是一本教授写的书，而是出自一位思想家之手，他愿意承担作家才经常承担的风险。在一本讨论观念的书中，用自己的声音说话是很冒险的，但它也提醒我们，最真切的真理一向是源自个人的内心深处。布卢姆告诉我们：“贯穿全书，我始终在参照柏拉图的《理想国》。对我来说，它是独一无二的教育之书，因为它确实解释了我作为一个人和作为教师所体验到的一切。”学界中人，即便是那些自称为存在主义者的，也很少把自己作为个体、作为个人公开坦诚地呈现出来。可见，布卢姆教授是我们这个时代精神之战的前线战士，所以他特别投我的脾气。（既然他能个性十足，我认为自己也没有理由继续充当无名氏一般的评论者了。）
布卢姆在最后几页谈到了一名学生；这名学生读过柏拉图《会饮篇》以后说，如今很难想象那种神奇的雅典气氛了，“那时人们友善和睦，富有教养，生气勃勃，彼此平等，既开明又自然，大家聚在一起畅谈自己的渴望的意义。但是（布卢姆补充说），这样的体验一向是可以得到的。其实，这些令人心旷神怡的讨论，是发生在一场雅典注定要失败的可怕战争期间，阿里斯托芬和苏格拉底至少能预见，这意味着希腊文明的衰落。可是，在如此险恶的政治环境中，他们并没有陷于文化的绝望，他们忘我地沉浸于自然的愉悦之中，证明着人类最出色的能力，即不屈从于命运和环境的摆布。我们感觉自己太依赖于历史和文化了。……任何柏拉图式对话的本质就在于，它几乎可以在任何时间、任何地方重现。……这或许就是这种思考的全部意义所在。这正是我们逐渐做不到的事情。它就在我们鼻子底下，几乎不可能发生，却一直存在着。”
我非常严肃地看待布卢姆这一番话，被它深深打动，并且从中看到了我的生命赖以成长的种子。我出生在美国中西部，父母都是移民，所以我早年就认识到，我的犹太血统，我的环境（恰巧以芝加哥为背景）和我所受的教育，会在多大程度上左右我的人生历程，取决于我本人的决定。我不想完全依赖历史和文化，若是完全依赖，肯定意味着我不过是个玩偶。在我们这个时代，文明世界最常见的说教可以简单地表述为：“告诉我你的来历，我就能告诉你你是怎样一个人。”虽然我那一大家子渴望美国化的人一致同意，但芝加哥还是没有机会把我塑造成它的形象。在我能够清晰思考之前，我就对它的物质影响采取了顽强抵制。我说不清楚我为何不想让自己成为环境的产物，但我从未被利益、功利、审慎和生意所俘获。我母亲曾想让我当个小提琴手，不行的话就做个拉比。我可以自己挑选是在帕尔玛饭店的晚宴上拉琴，还是在犹太人集会上布道。有正统信仰的传统家庭都会教小男孩翻译《创世记》和《出埃及记》。所以，如果这个大千世界，这个花花世界，不是那样诱人的话，我也许很容易继续拉比的生涯。但是，虔诚恭敬的人生不适合于我。毕竟我在早年就开始了广泛的阅读，这使我很快脱离了古老的信仰。十七岁那年父亲勉强允许我进了大学，我是个热情（狂放）、乖戾、不愿随俗的学生。如果我报名选修本科二年级的经济学课程，我肯定会把时间都用在看易卜生和萧伯纳上。如果我注册了诗学课程，我很快就会对韵律和诗节生厌，转而去看克鲁泡特金的《一个革命者的回忆录》和列宁的《怎么办？》。我的趣味和习惯是一个作家的趣味和习惯。我宁愿自己去读诗，也不想从讲授韵律停顿法的课堂上获益。为了放松因阅读而疲乏的双眼，我就到男人俱乐部去打台球和乒乓球。
我很快意识到，依照先进的欧洲思想家的见解，一个来自粗俗的物质主义中心——芝加哥——的年轻人，他的文化抱负是必定要归于失望的。组成这个城市的屠宰场、钢铁厂、货栈、简陋的工厂平房，还有灰暗的金融区、棒球场和拳击场、机器人般的政治家、不准打群架的禁令，把所有这些东西凑在一起，你就会看见一张文化射线穿不透的“社会达尔文主义”的坚硬黑幕。根据高雅的英国人、法国人、德国人和意大利人这些现代艺术代言人的判断，那是个毫无希望的地方。对这些外国观察家中的某些人来说，美国与欧洲相比有许多优势，它更有效率，更生机勃勃，更自由，基本上未受病态政治和毁灭性战争的影响，但是说到艺术，正像温德姆·刘易斯所言，就算生为爱斯基摩人，也要强过一个想当画家的明尼苏达长老会教友。文明的欧洲人中能够摆脱本国阶级偏见者鲜有其人，他们会把自己不能完全支配的偏见带入一切自由的美国。无人能够预见到的事情是，所有的文明国家注定会降格为平庸的世界主义，古老文明各个支脉的衰落令人扼腕，但它会提供崭新的机会，使我们摆脱对历史和文化的依赖——这是隐藏在衰落背后的好处。这固然会导致野蛮的表现，但也可能产生独立的新形式。
在这方面，正像美国人时常说的，我发现自己“处境尴尬”。欧洲的看客有时把我列入杂交怪物，既不是地道的美国人，也不是十足的欧洲人，脑子里塞满了哲学家、史学家和诗人的语句，这是我在中西部自己的小窝里生吞活剥的成果。当然，我是个自修者，现代作家也一向如此。一位勇敢的新人，19世纪的小说家，曾大胆地进行猜想、冒险和推测。独立思想结出了硕果。巴尔扎克宣称：“这个世界属于我，因为我理解它。”布卢姆教授的书让我担心，这本通过自修，从事了大量研究而写成的讲述世界的书，会遭到“有学问者”的封杀，他们正在筑起舆论的高墙，把整个世界挡在外面。
美国读者站在不同的立场上，不时指责我的书有外国味。我提到欧洲作家时有点儿盛气凌人，似乎是在摆架子。我乐于承认，我的作品中或许有一些让人读起来吃力的地方，随着公众中无知之人的增加，我的书可能越来越难读。评估自己读者的智力一向不是件容易事。如果人们还打算看书，即便只是出于对书的尊崇，或只是装装样子，那么有些事情他们是本应知道的。所以，假设他们熟悉20世纪的历史超出了能够客观证明的程度，这并没什么不妥。另外，某些精神上的一致性也被作家们视为理所当然。“从本质上说别人跟我相似，我大体上也跟别人差不多，只是有些小小的差别而已。”一部作品就是一件祭品。你把它献上祭坛，希望得到接纳。你祈祷自己至少不会因为遭到拒绝而发怒，变成该隐。你也许很天真，炮制出自己心爱的宝贝，把它们不加区别地堆在一起。那些现在没有认识到它们价值的人，以后也许会明白。于是你觉得自己不是在为同代人写作。也许你的真正读者还没在这里，而你的书会让他们现身。
有时我很喜欢拿有教养的美国人开玩笑。譬如，我想把《赫索格》写成喜剧小说：一个毕业于美国一所不错的大学的博士，妻子为了另一个男人离他而去，他变得失魂落魄。他迷上了书信体写作，写一些悲伤、尖刻、讽刺、放肆的书信，不仅写给自己的朋友和熟人，而且写给一些伟人，那些塑造他的观念的思想巨人。在这种危机时刻，他又能做些什么呢？从书架上取出亚里士多德和斯宾诺莎的著作，怒气冲冲地从字里行间寻找慰藉和建议？这个遭受打击的人，他想让自己重新振作起来，想给自己的遭遇找个解释，让人生重新具有意义，他逐渐清楚地意识到这种努力的荒唐。他最终还是向自己的荒唐处境屈服了，他写道：“这个国家所需要的只是一句价值五分钱的花言巧语。”这是在跟威尔逊总统的副手马歇尔先生学舌，大概是在那场大战时期，他曾经说过“这个国家需要的是一支价值五分钱的上等雪茄。”《赫索格》的一些读者抱怨此书难读。他们可能对这位既不幸又滑稽可笑的历史教授报以同情，但也会不时被他那些卖弄学问的冗长信件搞得不胜其烦。有些人觉得，自己是在被迫参加一场思想史概论课程的艰苦考试，认为我是把同情与智慧跟晦涩和迂腐一锅煮。
然而，我是在嘲笑书生的迂腐！
有人回答说：“如果这是你的目的，你可就彻底落空了。有些读者会认为你是在跟别人过不去，布置类似于障碍赛的任务，或是门萨协会会员玩的高智商字谜游戏。”有些人会从中获得虚荣心的满足，另一些人却会憎恨被人测试。人们把自己最好的智力留给自己的专业，其次是警觉的公民面对的大事——经济、政治、核废料的处理，等等。忙完了一天的工作，他们想放松一下，他们不明白为何不能让娱乐简简单单地进行。在某些方面我同意这种意见，因为我本人在阅读蒙田的著作时，也情不自禁地想绕开那些古典名著的冗长引文，它们使我觉得高中学的拉丁文不够用，再把自己送回高中并不好玩。
在《赫索格》的结尾部分，我想表达这样一种观点，“高等教育”为遇到麻烦的男人提供的力量是多么有限。到头来他会领悟到，在应付生活方面，他根本没有受过任何教育（在大学里，谁会教他如何对待情欲、女人和家庭呢？），用体育比赛的话说，他又回到了起点——或者像我写书时提出的，回到了平衡的原点。赫索格的迷惑太放肆。是的，可他又能怎样呢？有时，他借助于自己的喜剧感是能够做到自持的。最大的迷惑中也依然有一条通向灵魂的幽径。也许它很难被发现，因为在人生的中途，周围已是杂草丛生，其根源便是我们所说的我们的教育。然而，那条幽径一直就在那儿，我们要做的事情就是保持它的畅通，以接近我们内心的最深处——接近我们的内心对一种更高层次的意识的清醒认识。我们借助于它做出最终判断，把一切理出头绪。这种意识有着不受历史噪音和我们当下环境干扰的力量，它的独立性便是人生奋斗的真谛。心灵为了找到并固守自己的地盘，要同各种敌对势力抗衡，这些势力有时表现为否认心灵的真实存在，并且看起来确实经常想把它彻底干掉。
19世纪的浪漫诗人和一些好为人师的理论家，在一件事上搞错了——诗人和小说家从来不是人类的立法者和导师。如果必须把艺术家的事业解释成有目的的，那么诗人——艺术家——应当赋予人类新的眼光，使他们能够从不同的角度认识这个世界，转变僵化的经验模式，这就堪称雄心大志了。训练有素的无知在无情地四处蔓延，以及不良思想的膨胀，使艺术家的这项事业举步维艰。若是还事物以本来面目，我们是生活在一个思想世界中，而思维的运行确实糟得很。因此，艺术家，无论他是否把自己视为知识分子，都被卷入了思想斗争。思维本身永远不能治愈他的痛苦，任何一个艺术家都应该感谢朴素的魅力，这使他无需苦心思索。在我看来，大学一向是个卸去伪装的地方，我在摈弃不良思想的艰巨工作中，可以从这儿找到帮助。正是在大学中，我开始了对现代意识形态的研习，资本主义和马克思主义、心理学、社会理论和历史理论，当然还有哲学（包括逻辑实证主义、自然主义和存在主义，等等）。我甩掉多余之物，使自己的精神机体恢复呼吸能力，我维护植根于生活的朴素，但我从不把大学看作逃避“外部世界”的圣殿和避难所。远离喧嚣的大都市，在一个刻板的学术村落里过日子，对我来说是一种折磨。所以，我从来不是“激进的”中欧小说家所称的“校园作家”。恰恰相反，我训练自己去辨识激进派和右派那些变化无穷的话题，这使我能够（不是什么令人羡慕的技能）嗅出百年来革命词藻散发出的那种未经处理的污浊恶臭，或从另一个方向分辨出最近戈尔·维达尔“原创的”地缘政治学不过就是赫斯特的《星期日副刊》的“黄祸”主题，其气味并不比20世纪30年代更令人愉快。在这极具煽动性的“激进”作家的狂暴姿态中，根本就没有什么新鲜东西。倘若他们也能拿出自己的观点，大学就保不住在知识生活中的垄断地位了。
布卢姆教授的核心观点是，在一个受舆论控制的社会里，大学过去一直充当着思想自由的岛屿，所有的观点都能无拘无束地进行研究，慷慨大度的自由民主制度使其成为可能。但是，由于大家都想让大学在社会上扮演积极的或“正面的”参与角色，这使它淹没在了社会“问题”的逆流之中。全神贯注于健康、性、种族和战争问题的学术界名利双收，大学成了社会的概念仓库，常常起着有害的作用。针对通识教育提出的任何改革都是难以想象的，它有可能使大学陷入与全美国的对立之中。“圈内人”的欲望和动机日益变得跟“圈外人”一模一样。这就是我对布卢姆的言论的理解，如果他只是说了些有争议的话，那么对它置之不理很容易。本书之所以成为一部极为严肃的著作，在于它不但有论证，而且伴有对历史背景的准确说明。他运用对政治学说令人赞叹的把握，揭示了这一切是如何发生的，现代民主源自何处，马基雅维利、霍布斯、洛克、卢梭和另一些启蒙哲学家的意图及其得失。
左右两派的争论在过去十年里变得异常火爆，让文明对话的习惯受到讪笑。对手们似乎不再倾听对方的意见了。如果聪明的对手只因兴趣索然而不读布卢姆教授这本书，那将是非常遗憾的。该书的陈述十分重要，值得细细研究。无论人们是否同意它的结论，它提供了一个不可或缺的讨论指南。它不仅是对传统的概述，也是一份表述得十分清晰准确的历史大纲，是对民主美国高层次精神生活的发展值得信赖的概述。

索尔·贝娄


前　言

这本书，作为对我们的心灵、尤其是年轻人的心灵以及他们所受教育的沉思，是从一个教师的视角写成的。这是个得天独厚的视角，虽然它有很多局限，包含着危险的诱惑。教师，特别是从事通识教育的教师，必须始终盯住人类完美的目标，同时也要把握自己眼前的学生的禀赋。他得不断地认识前者，评估后者达到这个目标的能力。关注年轻人，摸清他们的渴望和领悟能力，是这一行的本质。必须探测和找出这些渴望。不能对切实的需求做出回应，就算不上真正的教育；缺了这一条，再多的收获也无足挂齿。每一代人的状况，要从他们与人类的永恒关切的关系中才能找到，而这种关切又能从每一代人的情趣、娱乐尤其是愤怒（这在以冷静自觉而著称的年代尤为真切）中找到。尤其能够揭示真相的就是专门勾引年轻人的各路骗子。这些文化贩子有着投年轻人所好的强烈动机——所以他们也是引导我们进入时代精神迷宫的有益向导。
教师的观点不是随便想出来的。它既不完全取决于学生想成为什么人或他此时此地恰好成了什么人，也不屈从于特定的社会需求或变幻无常的市场。人们费了很大力气，想证明教师一向只是这些力量的代理，但事实上不管他愿意与否，他都是受一种意识或预见的引导，他认为确实存在着某种人的天性，他以帮助实现这种天性为己任。他不是用抽象思维或复杂的推理做到这一点，而是从学生的目光中看到它的。学生只有潜能，但潜能可以超越自身，这就是希望的源泉，虽然几乎总是让人失望，但这种希望仍在不断复活：人并非全然是偶然的产物，被他出生时的特定洞穴束缚和塑造。助产术认为，一个鲜活的婴儿降生人间，不是因为有助产士，而是出于自然。用它来描述教育过程要比“社会化”一词强多了。一个健壮孩子不靠助产士的帮助而诞生，是老师的真正欢乐。这种喜悦对他的激励作用远大于任何乏味的道德责任感，他的基本经验是，沉思要比任何行动更使人满足。凡是真正的老师都不会怀疑，自己的使命是帮助学生抑制世俗和偏见的扭曲力量，使人性臻于完美。对人类天性的洞察力有可能受到遮蔽，教师多少也有一定的局限性，但他的行为是由他本身以外的因素引发的，同时也为他提供了评判学生能力和成就的标准。另外，没有哪个真正的教师在实践中不相信心灵的存在，以及通过授课影响心灵的魔力。所以，老师们肯定认为，在教育起步时，或许要从外部对心灵给以奖惩，以便给它注入活力。但说到底这种活力是它自身的收获，它是自给自足的。
这有助于解释一个成年人愿意跟青年而不是同辈相处的怪癖。他喜欢充满希望的“或然”胜过喜欢有缺陷的“实然”。这个成年人会受到很多诱惑——尤其是虚荣和夸夸其谈而不传授知识的欲望；这种活动也具有重讲课轻求知的危险，即迎合学生，只教那些他们能学或愿学的东西，只用学生的眼光来认识自己。
由此可见，教育能威胁到哲学，因为哲学思考是孤独者的探索，追求它的人切不可盯着听众。但是，要求所有的老师都成为哲学家，那是太过分了；多少附和一下听众也在所难免。只要有所防范，坏事也能变好事，能鼓励哲学思考。对学生着迷，可以使老师认识心灵的不同类型，认识他们的学习能力以及把握真理和谬误的能力。这种经验是探讨“人是什么”这个大问题的前提条件，它关系到与人的低级日常需求相对的最高志向。
通识教育的确切含义是，它帮助学生对自己提出这个问题，让他们明白答案既非一目了然，亦非无从寻觅；不去持续地关注这个问题，严肃的生活就无从谈起。尽管旁门左道应有尽有（本书会讨论其中的一部分），但每一个年轻人提出的“我是谁？”的问题，以及我们人人内心固有的遵从阿波罗神殿上的神谕“认识你自己”的强烈冲动，都意味着“人是什么”是个第一位的问题。我们长期缺乏确切的答案，所以才去了解各种可供选择的答案，并对它们进行思考。通识教育使我们得以了解这些选择，其中很多有悖于我们的天性和我们的时代。受过通识教育的人能够抵制那些唾手可得和受人追捧的答案，这并不是因为他固执己见，而是因为他知道另一些答案更值得考虑。相信书本知识就是教育的全部固然愚蠢，但书本知识总是不可缺少的，在一个高尚人格缺少活榜样的时代，就更是如此。书本知识是教师所能给予的大部分——但要在一种与生活有着合理关系的气氛中适当地加以调理。他的学生得面对生活。他的最大愿望就是他所传授的东西与生活息息相通。大多数学生会满足于我们的现状所看重的事情；还有一些人会怀有热情，他们因为家庭和个人志向而另有所求，这种热情也就靠边站了；只有极少数人会献身于追求独立精神。通识教育就是专为最后这些人而存在的。他们会成为人类运用自己的伟大才智的典范，从而也能使我们大家受益，这并不取决于他们做了些什么，而取决于他们是什么人。缺了他们（也许应该补充说，缺了他们值得敬重的表现），没有哪个社会能被称为文明社会，不管它多么富裕，多么舒适，也不管它有多么精湛的技术或多么温情脉脉。
可以理解，我是从教师的角度用三十多年的时间怀着浓厚的兴趣观察学生，倾听他们的观点。他们怀着激情、好奇、渴望，尤其是早年的经历带给高等教育的一切，都已发生了变化；教育他们的任务也随之发生了变化。我在这本书里希望能为理解这代人做出一些贡献。我不想说教；我既不想做盲目的乐天派，也不想杞人忧天。这本书首先应当被视为发自前线的报道。读者可以自己去判断事态的严重性。每个时代都有自己的问题，我不认为过去的一切都很精彩。我描述了我们现在的处境，我不打算与过去做任何比较，以此来赞扬或贬低我们自己，我只是想阐明什么对我们有价值，以及我们的处境有何特点。
关于这项研究的“样本”，在此聊缀数语。它是由数千名学生组成的，他们有着较高的智商，物质优裕，思想自由，在他们有幸成为大学生的几年里，几乎可以做他们想做的一切——总之，他们是就读于美国最好的二十或三十所大学的学生。还有各种类型的学生因为这样那样的环境限制，不能自由选择接受通识教育。他们有着自己的需求，而且很可能有着非常不同于我这里所描写的性格。我的样本不管有什么局限性，也有其优点，它集中体现了那些最有可能利用通识教育的优势，从道德和思想上对国民发挥最大影响的学生。时常有人说，这些处境优越的年轻人不需要我们过多的关注和资源投入，他们拥有的东西已经够多了。可是切莫忘了，他们最需要教育，因为最伟大的才智是最难获得的，而且，天性越复杂，就越容易堕落。
教育的重要性是无需证明的，但也应当指出，对于从各方面运用理性超过了历史上的任何国家，并且以此作为基础的现代国家来说，作为理性家园的大学的危机，也许是它们面对的最深刻危机。
这本书凝聚了我对一生教学经验的思考。我的职业生涯异常幸福，每念及此，感激之情油然而生。所以我得感谢自己的全部经历而不只是这本书所得到的帮助。首先得感谢我的全体学生，他们使我有幸在三十多年里讲授经典文献，尤其是那些我逐渐熟稔了的学生，透过他们，我对这里讨论的问题有了深入的了解。
他们中间有些过去的学生，如今已是十分独立的思想家和我的朋友了，他们向我讲述自己的经验和观察，帮我理清了思路，他们是：布鲁内尔（Christopher J. Bruell）、弗拉德金（Hillel G. Fradkin）、尼科尔斯（James H. Nichols Jr.）、奥温（Clifford Orwin）、潘格尔（Thomas L. Pangle）、舒尔斯基（Abram N. Shulsky）、塔科夫夫妇（Nathan and Susan Tarcov）。尤其是博洛廷（David S. Bolotin），他对我的主题做出回应，并且让我对它的严肃性有了信心。他们中的每一个人都以其独特的方式激励和诱导着我的热情。吴（Michael Z. Wu）以其敏锐的见解和批判精神给了我极大的帮助。
在同我一起教学和探讨问题的同事中间，我得提及索尔·贝娄和唐豪瑟(Werner J. Dannhauser)。前者以其特有的豁达心胸，深入了解我的思想，鼓励我在过去从未涉足的道路上走下去；后者一直是我成年后的思想伴侣，他一如既往地阅读我的手稿，透彻的眼光和真诚都让我受益匪浅。
在编定手稿的过程中，切尔尼克（Judy Chernick）、德诺夫（Terse Denov）和阿伦森（Erica Aronson）令人放心地投入工作，就像忠贞不二的朋友一样，他们使图书生产过程中最乏味的阶段也变得令人兴奋。我同自己的编辑、西蒙舒斯特出版公司的亚沙纳(Robert Asahina)以及朱利亚出版社的弗洛斯(Berdard de Fallois)也相处愉快，他们先是敦促我写这本书，然后又花费大量时间进行编辑，远远超出了我的想象。埃尔哈特基金会（The Earhart Foundation）和奥林基金会（John M. Olin Foundation）长期资助我的教学和研究，在此对它们的官员深表谢意。
最后，我要向辛德勒（Allan P. Sindler）表达敬意，他为我树立了一个无私的大学教师的榜样。他用一生的品行证明，干事业依然可能，而且是值得的。
我必须申明，而且不是为了走形式，我提到这些人，绝非暗示他们赞同我的观点。

艾伦·布卢姆
芝加哥，1986年5月

",https://img9.doubanio.com/view/subject/l/public/s29417046.jpg,2011-3,https://book.douban.com/subject/5980592/,8.6,,4,坦白讲，卷二《虚无主义，美国风格》读起来还是有难度，但这不影响作为21世纪读者、大学生的我，和布鲁姆在书里握手。一些犀利而辛辣的点评完全没有过时。“我们的一切改革都是为了打掉我们齿轮上的齿，让它们不再相互啮合”、“自私被表述为客观原则”、“理性解放的荒谬结果是让人更多地跟着舆论走，是对独立精神的削弱”、“在历史上，善与享乐之间从来没有过如此奇妙的一致”，等等。博学而雄辩的老派男孩，愈发显示出他发言的价值。,,2020-07-16 22:37:21,[美国]艾伦·布卢姆 / 2011 / 译林出版社
2303202946,孟买,"打开一本书，许你一座城。
★ 入围普利策奖决赛作品
★ 由当代印度最著名作家苏科图·梅塔历时两年半采访创作
★ 特邀职业插画师量身定制，展开护封即得地图！
★ 手绘明信片随机倾情赠送！
“新闻叙事佳作，堪称近年来描绘印度且出自印度的最优秀纪实文学。梅塔精准把握住了‘城市丛林’——时局动荡的孟买之鲜活脉搏。”——《纽约时报》
“笔歌墨舞、扣人心弦、极富感染力、惊才绝艳。”——《洛杉矶时报》
“苏科图·梅塔之于孟买，有如查尔斯·狄更斯之于伦敦、约瑟夫·米切尔之于纽约。梅塔直抒胸臆，他笔下的孟买仿如徐徐展开的画卷，既恢宏壮阔又妙趣横生。”——《圣地亚哥联合论坛报》
“梅塔绘声绘色、一波三折的记述将孟买之内情表露无遗，《孟买》一书也因此达成了看似不可能完成的任务：将无限广大、丰富之孟买浓缩于有限的书页之间。”——《西雅图时报》
作为土生土长的孟买人，梅塔对这座奇幻之城如数家珍。他以罕见的洞察力、惊人的细节和独特的切入点描绘与孟买的无限亲密。书中的故事次第展开，我们得以走入暗昧地带，见识穆斯林和印度教派面对孟买错综复杂的政商体系，为谁执牛耳不惜流血冲突。我们得以跟随酒吧舞女，看她从备受凌虐、食难果腹的孩童成长为不得不向现实妥协的青年。我们也得以推开宝莱坞的大门，一窥其中的五光十色和森严等级。我们更得以认识那一张张渴盼的面孔，怀揣对美好生活的希望从乡村来到孟买，却未能被孟买温柔以待。坦诚、激昂、幽默与哀恸，无不交织书中。翻开它，便能走进那个古老而历久弥新的世界。",https://img9.doubanio.com/view/subject/l/public/s33600006.jpg,2020-4,https://book.douban.com/subject/34991869/,8.6,,4,读城系列里目前最吸引我的一本，有被作者、译者奇妙戏谑的叙述逗笑。只不过，孟买人或印度人未必买梅塔的账吧？这可能是一本能满足外国人对狂野印度一系列幻想的作品。,,2020-07-09 16:38:44,[印] 苏科图·梅塔 / 2020 / 上海文艺出版社
1317760785,存在主义咖啡馆,"巴黎，1933年……
三位朋友正坐在蒙帕纳斯大道上的煤气灯酒吧里喝着杏子鸡尾酒。其中一个叫雷蒙·阿隆的年轻哲学家，正在向同为哲学家的让-保罗·萨特和西蒙娜·德·波伏娃盛赞一种他在德国发现的新鲜哲学——现象学。“你看，”他说，“如果你是一个现象学家，你可以谈论这杯鸡尾酒，然后从中研究出哲学来！”
就这样，20世纪影响最广泛也最深远的哲学运动发端了。受到启发的萨特，将现象学与他那种法式的人文主义情感结合在一起，创立了一门全新的哲学思想——现代存在主义。
在本书中，英国著名作家莎拉·贝克韦尔将历史、传记与哲学结合在一起，以史诗般恢弘的视角，激情地讲述了一个充满了斗争、爱情、反抗与背叛的存在主义故事，深入探讨了在今天这个纷争不断、技术驱动的世界里，当我们每个人再次面对有关绝对自由、全球责任与人类真实性的问题时，曾经也受过它们困扰的存在主义者能告诉我们什么。",https://img3.doubanio.com/view/subject/l/public/s29675043.jpg,2017-12-1,https://book.douban.com/subject/27170538/,8.6,,4,对“真实”的渴望不灭。这也是我们和那些存在主义思想家们的联结点。,,2020-06-14 18:53:11,[英] 莎拉·贝克韦尔 / 2017 / 北京联合出版公司
2398032567,此时怀抱向谁开,"“此时怀抱向谁开”，取自顾随之词，作于北平沦陷时期。借为书题，因此集所录之文，多探求明暗之间的历史，微婉隐曲的表达，及历史中人欲言还止的心事。
文史互通，通向何处?其交汇处或许在作为研究对象的人身上。对人——特别是历史中人的理解，不该被学科、家法所拘囿。本书侧重于 1937 至 1945 年间，沦陷下的人事与风景。第一辑以人物为中心，探究沦陷下知识阶层的伦理境遇与修辞策略；第二辑以空间为单位，考察沦陷北平的日常生活与文化氛围。第三辑为学术书评，不限于自家的专业背景，意在展现个人的读书趣味，力图探索书评作为一种述学文体的多样性。",https://img9.doubanio.com/view/subject/l/public/s33601455.jpg,2020-4,https://book.douban.com/subject/35000681/,8.5,,4,,,2020-05-26 13:31:40,袁一丹 / 2020 / 上海文艺出版社
2391024087,走出唯一真理观,"★陈嘉映2007—2018自选文集。
★《何为良好生活》后新作，认真思考，认真表述这些思考，召唤爱思考的人来一道思考。
★在危机与纷争爆发的时代，哲学如何协助我们反思生活。“我们与其说需要共识，不如说需要学会，没有共识的人应该如何一起生存。”
本书是陈嘉映先生选编自己于2007—2018年间所作演讲、访谈与评论结集。
有不同的道，从前有不同的道，现在有不同的道，将来还有不同的道。重要的问题不是找到唯一的道，而是这些不同的道之间怎样呼应，怎样交流，怎样斗争。你要是坚持说，哲学要的就是唯一的真理体系，那我不得不说，哲学已经死了。
哲学，尤其今天的哲学，不是宣教式的，不是上智向下愚宣教。我们之所求，首先不是让别人明白，而是求自己明白。
“我个人想要的是，认真思考，认真表述这些思考，召唤爱思考的人来一道思考。”",https://img3.doubanio.com/view/subject/l/public/s33591973.jpg,2020-5,https://book.douban.com/subject/34988734/,8.6,,4, “哲学，尤其今天的哲学，不是宣教式的，不是上智向下愚宣教。我们之所求，首先不是让别人明白，而是求自己明白。有好多人懒得思考，或者，工作太忙没有闲暇思考，他们等着有人来宣教。的确有这样的社会需求，那就让别人去满足这种需求。我一向希望哲学有更广泛的社会作用，但无论怎么广泛，它都只能达乎那些本来愿意思考的人，希望参与对话的人们……我个人想要的是，认真思考，认真表述这些思考，召唤爱思考的人来一道思考。”陈老师总善用最质朴的话打动人。,,2020-05-20 16:43:30,陈嘉映 / 2020 / 上海文艺出版社
2055545345,历史学与社会理论,"社会理论对历史学家来说有什么用？历史学对社会理论家又有什么用？作为一位杰出的文化史学家，伯克在此书中对这两个乍看简单的问题作了清晰有力、影响深远的回答。这个经典文本的第2版作了修改和更新，伯克重新检讨了历史和社会科学这两个领域的关系以及它们在最近几十年间的初步交汇。
《历史学与社会理论》的第2版将会通过挑战对历史学和社会科学之角色的当下定位，继续激励学生和学者跨越学科边界。",https://img9.doubanio.com/view/subject/l/public/s33522825.jpg,2019-11,https://book.douban.com/subject/34842935/,9.3,,4,格局大，系统，丰富。理论和文献的索引，对人文社科的学习者来说，常翻常新。,,2020-04-28 21:48:56,[英国] 彼得·伯克 / 2019 / 上海人民出版社
2040737562,浪漫主义的根源,"浪漫主义之后，世界不再一样，
伯林之后，浪漫主义不再一样。
本书根据1965年伯林所做的“浪漫主义”梅隆讲座录音整理而成。自浪漫主义的定义始，历陈其滥觞、生长和壮大，抉发其巨大而持久的影响力，伯林借前人所未发的观念史视角，展现出浪漫主义革命作为认知方式和思想意识的无比力 量。伯林的演讲结构了然，思维缜密，典故如排山倒海，排比如山洪倾泻，是豪宕的思想音乐，是天神眷顾的天才时刻。
“伯林在这部作品中淋漓尽致地展现了他的学术天分：思维敏捷、博学机智、深刻且令人振奋。阅读本书，犹如目睹鲜活的思想从天才头脑的熔炉中锻造而出。”
——约翰·班维尔
“无论是对首相、总统来说，还是对文化批评家而言，本书都是一部开卷有益的作品。伯林的写作为我们展现出，当我们面对人类需求和渴望的多样性，以及不同理想之间互不兼容的态势时，我们需要具备怎样的宽容和理解力。”
——彼得·马德福德，《泰晤士报文学增刊》
“你能听到语言的洪流不断膨胀，互相撞击，一次次地汹涌澎湃……发人深省，激荡人心，充满自然的原始张力。这也正是浪漫主义的核心所在。”
——《关键报道者》",https://img3.doubanio.com/view/subject/l/public/s33497653.jpg,2019-10,https://book.douban.com/subject/34449286/,9.6,,5,对浪漫主义的定义、发生、在十九世纪后的壮大作了谨慎的探讨，如何承启蒙运动、理性主义，如何对艺术和政治领域产生深远的影响和后果、又如何启发了存在主义。末尾点睛，继续发扬作者本人的核心观点：“浪漫主义的结局是自由主义，是宽容，是行为得体以及对于不完美的生活的体谅；是理性的自我理解的一定程度的增强。这些和浪漫派的初衷相去甚远。”可以说是一部才思敏捷、汪洋恣肆、一气呵成的演讲集了，阅读体验极佳。,,2020-04-18 23:53:30,[英]以赛亚·伯林 著 [英]亨利·哈代 编 / 2019 / 译林出版社
2337811084,自由及其背叛,"简介：

本书原为以赛亚·伯林1952年在BBC第三套节目所做的系列讲演。他从自由主义的基本理念出发,讨论了近代思想史上的著名思想家爱尔维修、卢梭、费希特、黑格尔、圣西门和迈斯特等人对自由以及人类历史的看法。根据伯林的看法,除了迈斯特是人类自由的公然反对者外,这些思想家都对人类的自由持肯定态度,但他们对自由的理解,却导致了反自由的历史后果。

导读：

伯林最著名的演讲,从未有人以如此流畅和热情的文字谈论过这么抽象的主题。……这些讲座不要求你有专门知识,它们以非常平易的方式介绍了现代政治理论中的一些关键概念。
——诺埃尔·马尔科姆

伯林最出色的文字:充满活力而不流于浮夸,博学多识而没有卖弄。
——彼得·沃森
编者前言：
50年前,本书收录的这些长达6小时的演讲在英国广播公司(BBC)无线电台播出,引起了轰动。在此之前,还没有谁在没有现成讲稿的情况下,可以发表这么长时间的演讲,时年43岁的以赛亚·伯林是首开这个冒险先例的正确人选。他情感奔放的演讲风格、别具特色的嗓音(虽说有些人因此很难听懂他的话)、非凡的口才、对论题明显专注的程度、不为人知但马上就能扣人心弦的内容——这一切合在一起,产生了一股强烈的冲击力,时至今日,当年的听众对此依然记忆犹新。每个星期,人们都带着期盼的心情打开收音机,沉浸到伯林的演讲中。约翰·巴罗写道(当年他还是中学生),这些演讲“令我十分激动,每次播出,我都坐在地板上,一边听着身旁的收音机,一边做笔记”。这一系列演讲结束后,《泰晤士报》发表了一篇社论,进行了报道和评论,在读者来信栏目里引发了一阵通信活动,伯林本人也躬与其事。
这些演讲巩固了伯林节节上升的名气:他能把思想哲理方面的东西讲得明白晓畅、引人入胜;而且,在伯林看来,这些演讲也为他五年之后就任牛津大学齐切利社会及政治理论讲座教授奠定了基础。然而这种名望也有令人不快的一面。让伯林一直忧心忡忡的是:他担心自己受到片面的对待,被认为善于做秀,给当成杂耍演员。第二年,他到伦敦经济学院做奥古斯特·孔德纪念基金会讲座的首场演讲,(据说)迈克尔·奥克肖特向听众介绍,他是“讲坛的帕格尼尼”。他的恐惧还是有些根据的,因为他已经成了语速迅疾的高深演说的代称——“惟一能以一个音节说出‘认识论’的人”。不过,他这方面的公共形象并没有对他造成永久性损害,他庞观博采的思想资源,他以独特的风格、明晰性和说服力调动这些思想资源的能力,得到了人们的重要认可。
只有一次演讲(讲卢梭的那次)的录音得以保存下来,录音里有一些噼噼啪啪的杂音,这段录音可以在伦敦的大英图书馆听到。今天要再现该讲座在1952年的效果,这是我们所能接触到的最贴近伯林原意的东西了。不过,这六次演讲的录音(文字)记录还在(虽说有的地方差强人意),经过编辑整理,还可以重新见证伯林非凡的阐述能力,感受到这些较早体现伯林自由观的论述所造成的冲击力;这些自由观之所以广为人知,是因为他在1958年就任齐切利讲座教授时发表的演说《两种自由概念》。不过《自由及其背叛》绝非他后来进一步锤炼的思想的粗糙先导。贯穿于这些早年演讲中的自由观,其基本要义已经全面形成,这种清晰易懂的论述,特别因为它是对具体思想家的口头论述,而不是一部抽象专著,而且还包含那篇就职演说所没有的许多内容,是对他生前已经出版的著作的一个重要补充。
我脑海中曾闪现过一个比较轻薄的念头:将这本书的副标题署为“并非里斯演讲”。安娜·卡琳,英国广播公司第三套节目的制作人,曾经制作过伯林的许多访谈节目。她知道伯林一直准备为宾夕法尼亚州布莱恩·莫尔学院的玛丽·弗莱克斯纳讲座发表系列演讲(他在1952年2月至3月做了演讲),便邀请他在广播中做一遍。她很清楚,说服他不易,因为他经常拒绝上镜,她已做好了失望的准备。不过,让她高兴的是,他居然很乐意。她听了弗莱克斯纳演讲的录音(现已亡佚)之后,就毫不犹豫地另外派给他一个声望很高的角色:里斯讲座演讲人,他是担当这一角色的理想人选。
可是,上级得知后,却裁定伯林不适合,这让卡琳十分尴尬。他们是基于什么理由而得出这种看法的,对此我还未发现任何文字记载。可能只是因为,当时伯林的地位尚未充分确立,而当年选择里斯讲座演讲人的标准比现在保守得多。不管怎么说,没有证据表明反犹主义从中作祟。无论出于什么理由,那些要员的决定是不容变更的,卡琳只好将这个消息透露给伯林。好在他没有生气,这让她很宽慰。
应当说一说伯林对待出版这些录音记录的态度。总的说来,他的态度接近于他对出版自己的梅隆讲座的看法,那个系列讲座13年后发表于华盛顿特区,1999年出版,题为《浪漫主义的根源》。他知道,如果这些录音记录在他有生之年整理成书,就得大幅度修改而且还得扩充内容。正如他在1951年12月11日给卡琳的信中所说:“你不难看出,很多东西向听众泛泛而谈是一回事,把它们付诸冷冰冰的文字则是另一回事。”他当然想以布莱恩·莫尔系列演讲为蓝本出一本书,在演讲发表后一两年之内付梓,可是,正如其他著作一样,他从未试图尽力完成这一必要工作,这两个系列演讲依据的长篇录音记录草稿给放到一边,忘掉了,虽说他已经进行了彻底修改。1993年,我替他弄出一份字迹清晰的复印件,其中包括他对手稿的全部改动以及他后来写的一篇导言,不过我相信,他没有再去看它。这部演讲录的标题是《浪漫主义时代的政治观念》(弗莱克斯纳演讲的原标题),全文接近11万词,我想今后它会在适当时候出版。
我将本书收入的BBC演讲的录音记录整理出来,把最初的草稿交给他,但这份草稿他本人也未曾去审查。我想,几乎可以确定,他再也不会理它了,我曾向他提到过这一想法,还表示了一番遗憾。或许是出于好意,他对我说,我不该那么肯定将来什么都不会发生:“谁知道呢?没准儿12年之后,我会一下子把它拿起来,狠劲修订一番。” (或类似的话)可说这话时是他已经八十多岁了,那活儿可不是九十多岁的人干的。
虽说他的态度有所保留,可并不认为这些演讲全然不可取。他认为有些演讲要比别的好,不过他还是同意,经过“清理”,它们“可以编成一个小册子”。我想,即使它们按照目前的样子出版,也不会有问题。我咨询了在这个论题上比我懂得更多的专家,我的判断进一步得到支持。他们也发现,有些演讲胜过其他,有的阐释目前看来有些过时;但他们几乎一致同意,它的出版是极为可取的。我希望,不应该认为这个结果得到了伯林本人的全面认可 ,这是不言而喻的;不过我的确相信,它公正地体现了伯林对自由的这些敌人的看法,而且,它有助于读者更全面地理解这些观点,将这些出色的演讲添加到他已经出版的著作中,无损他的令名,只要理清它们临时的、即兴的、非正式的性质,不要对本书提出超过它的起因所允许的要求。

BBC演讲不完全是为弗莱克斯纳讲座所准备的打字稿的简缩,也不完全是弗莱克斯纳讲座的重演,就像布莱恩·莫尔的《校园新闻》的每周记要所表明的那样——虽说由于该演讲更早的完整录音记录以及录音缺失的缘故,很难逐句对比二者之间的差异。伯林本人有时说这两场演讲大致相同,例如1953年1月22日他在写给布莱恩·莫尔学院院长凯瑟琳·E.麦克布赖德的信中说:

我在伦敦的广播电台的演讲内容基本上与玛丽·弗莱克斯纳赞助的演讲相同,在此间演讲,我经常想起布莱恩·莫尔,我面对的可不是一百张面孔,我面对的是一张干干净净的办公用桌和边上镶着软木的墙壁——总的说来,我可能更愿意在电台演讲:当众演讲令我惶惑不安。这里的演讲带来了大量的听众来信,它们都是那些最不寻常的人写的,他们好像听过这些东西,他们对于以最惊人的方式出现的历史和政治的主题充满了难以言喻的情感和思想,对于所有来信,我想我有义务做出某种解答。

然而,从BBC和布莱恩·莫尔学院保存的档案材料明显可以看出,就在伯林在美国演讲的前后,这一系列演讲经过了相当大的重新编排,而且,不管怎么说,把同一部演讲辞发表两遍,这不符合伯林的特点,因为他热中于修正自己做过的东西,除此之外,他几乎总是在讲台上对自己的演讲另起炉灶,即便他多次运用同一批材料。
伯林在信中说,他在面对听众时心怀恐惧,我们且引用莱莉娅·布罗德森提供的材料来印证。伯林在布莱恩·莫尔学院的时候,她临时给伯林当秘书,后来她成为该校儿童心理指导门诊的心理工作者。当时她正在读研究生,因而手头拮据,总要想方设法打工挣钱。在写给朋友的一封信里,她描述了伯林的讲学风格,这是我所见过的对伯林演讲风格最生动的描述:

周一晚上我去听他讲费希特,着实给吓了一跳。他匆匆忙忙地向听众鞠了一躬,就在讲台后站稳了身子,眼睛紧盯着他的右边、观众头上的某个地方,然后侃侃而谈,他语速快得吓人,整整一个小时之内,几乎没有片刻的停顿,这个滔滔不绝的演讲显然很出色,不过我没大听懂。他目光注视的方向一直没变,他身体在讲台上前后摇摆不停,每晃一次,大家都以为他要倒下——要么往前倒,要么向后倒。他把右手掌放在左手的掌心,在整整一个小时之内,他猛烈地晃动双手,好像要从中取出什么东西似的。说起来很难让人相信。他话语连珠,说个不停,每句话都很漂亮,却没有停顿,除了出现某些不可思议的、表示转折的标志之外,例如“……所以说,显而易见,康德的自由观在某些方面不同于费希特,唉!”到最后我精疲力竭,不过我敢肯定,要是说我曾听到或看到有人真正处于一种神灵感应状态,当时那一幕便是。几乎无法进行交流,这真是不幸。

现在回过头来说一说本书的形成经过:这部长篇打字稿共有四章,各章标题分别是“作为一门描述性科学的政治”、“自由的观念”、“自由的两种概念:浪漫派和自由主义”、“历史的进程”。就算伯林还写过其他章节,作为最后两讲的底稿,可它们目前并不存在。也许是因为时间不够,伯林没有写出这两讲的底稿,虽说在迈斯特那一讲,他可以利用几年前准备好的打字稿。不管怎么说,演讲最开始是论述六个主题的——虽说在布莱恩·莫尔学院,(在大多数情况下)主要通过阐述两个人的思想来说明每一个论题——最终变成了目前的样子:每一章以标题中人物为中心。在最终选择本书正标题之前,BBC的档案称这个演讲为“人类自由的六个敌人”,我就以它为副标题。我还把演讲的第一部分单独拿出来,作为整部演讲的总论,因为这是演讲本身所提供的。

编辑这个演讲集在很多方面类似于编辑伯林的梅隆讲座的演讲,虽说在编辑后者的时候,我手头上有更多不同版本的录音文稿、作者对录音文稿的更多评注、更多的相关笔记可供发掘。在此,我就不重复我在《浪漫主义的起源》前言中谈到的编辑过程,《自由及其背叛》收入的演讲与它的主要区别在于,《自由及其背叛》只有一篇演讲的录音。这就意味着,我要花更大的气力四处猜测,以恢复伯林讲话的原貌。本书的主体部分根据BBC员工的原始录音记录, BBC员工当然不熟悉伯林的声音和他的论题,他们发现这项工作很难进行;他们时常被难倒,录音记录也让人莫名其妙[例如:圣西门(SaintSimon)给记录成了“Sir Seymour”]即便录音里的话经常让人听起来疑窦丛生,不过,很显然,伯林说的是圣西门,几乎一直如此。
同以往一样,我在寻找伯林引文出处的过程中得到了一些专家的帮助,正如我在本书[边码]第155—156页注释的序文中所说。让我和读者受惠最多的自然是作者,不过,还有已故的安娜·卡琳,不应低估她在伯林思想生涯中的作用。她坚定不移、一再敦促他到电台演讲。在长时间的录音以及必要的重录过程中,她一直在诱导他,支持他,因为在演讲的过程中,他发现自己很有压力(部分原因是它助长了他毕生的自我怀疑态度),这是他的特点。她是一位出色的编辑:“你剪辑、浓缩、提炼的本领真是不得了”,伯林在写给她的信中说——这封信我已经引用过,他还在信中提到她的“神手”。他们的通信表明,这两位俄国犹太移民是多么注重个人感情。无论当时还是后来,伯林需要一位思想上的监制帮助他实现全部潜能。安娜·卡琳凑巧有效承担了这一角色,这就是我将此书题献给她、以资纪念的原因。

亨利·哈代
牛津大学沃尔夫森学院
2001年5月",https://img9.doubanio.com/view/subject/l/public/s29448855.jpg,2011-3,https://book.douban.com/subject/6068432/,9.2,,4,爱尔维修、卢梭、费希特、黑格尔、圣西门、迈斯特，伯林眼中自由的六个敌人。汪洋恣意说了一通，别人的话和他的话扭在一起。还是要仔细读读六位的原话，作为比照。,,2020-04-11 23:28:17,[英国] 以赛亚·柏林 / 2011 / 译林出版社
2246171935,扭曲的人性之材,,https://img9.doubanio.com/view/subject/l/public/s29337686.jpg,2014-10,https://book.douban.com/subject/25982070/,9,,4,,,2020-04-05 01:06:54,[英] 以赛亚·伯林 / 2014 / 译林出版社
2040736722,伯林传,"以赛亚·伯林有着多重身份和传奇的经历：生于俄国，犹太血统，英国学者。作为20世纪重要的自由主义知识分子，他与各界的许多名人都有交往。这本根据大量资料和伯林自己口述写成《伯林传》，记述了他如何在复杂动荡的历史环境中走出自己的生活道路，并对自由和多元主义等重要问题形成了自己的独特观点。传记作者（亦为著名学者）叶礼庭保持一种平衡的态度，欣赏伯林的思想，但对其弱点也不加回避。正是伯林身上这种人性的真实让这本书和这个人散发出永久的魅力。
自1987年9月始的十年里，叶礼庭定期拜访伯林，同他一起回忆人生，重新经历他在俄国度过的童年、牛津的求学岁月、美国的外交生涯、对苏联的访问，以及不曾远离思想前线的学术生活。这不是一部用文献堆砌而成的人物评述，而是用伯林自己的回忆写成的思想传记。在本书中，你会看到伯林如何经历暴风骤雨的20世纪，度过诚实且负责任的一生，并且从这个世纪的灾难和成就中提炼出他回响至今的原创思想。",https://img1.doubanio.com/view/subject/l/public/s33477580.jpg,2019-10,https://book.douban.com/subject/34468924/,9.3,,5,能够花十年定期拜访伯林，这对评述他的一生颇有助益。叶礼庭写得很好，几乎让整个暴风骤雨般的20世纪透过伯林浮现眼前。“在这么多的恐怖当中，我居然如此平静而幸福地活过来了，这一点是最让我吃惊的。”伯林如是说。难得的是，并没怎么体验过生活悲剧的人却能对深受内在矛盾性折磨的人们展现出移情；在颇具争议的事务中持超然立场，“在我身后任凭洪水滔天”；也并不讨好左右两派。但这都不能算懦弱。至少，对两种自由的区分、对人内在困境的苦恼、认为悲剧的不可避免等等皆是他终其一生都在坚持和思考的问题。由他，我读到更多的是自由主义的温和性，所有选择皆有代价，苦苦思索后的妥协，人应当免于受到因极端手段所带来的痛苦。,,2020-04-05 00:48:09,[加拿大] 叶礼庭 / 2019 / 译林出版社
2300360026,你的夏天还好吗？,"“韩国八零后天才女作家”金爱烂累积五年的八段人生
《你的夏天还好吗？》是金爱烂的第三部短篇小说集，共收入八篇作品。书中形形色色的人物大多面临绝境，赤裸裸地暴露在现实之中，却试图寻找渺茫的希望。尤其值得一提的是，其中五篇作品聚焦于三十岁左右的年轻女性，细腻地描摹了她们在爱情、友情、婚姻、工作等方面的心理状态，或许会激起中国女性读者的共鸣。作为韩国文坛*有代表性的女作家，金爱烂赢得了大量读者的喜爱，很大程度上归功于作品主人公的力量。",https://img1.doubanio.com/view/subject/l/public/s29347170.jpg,2017-1,https://book.douban.com/subject/26953294/,8.7,,3,朋友和我推荐好几次金爱烂了，这是读的第一本。怎么说呢，我反倒觉得还是太写实了，一种类型化写作，无穷尽的自我投射和当下性，想象部分的笔力也有所不逮（不知是否是翻译缘故）。一篇篇读下来并无期待中的惊喜和不舍，读多了会有点乏。不过，如同困兽一般的东亚女性，在三十岁上下的年纪，所面临的窘境，那些细腻而微妙的情绪倒是都写出来了。,,2020-03-22 00:12:01,金爱烂 / 2017 / 人民文学出版社
2274353417,紫罗兰的魅影,"周瘦鹃是民国时期通俗文学“礼拜六派”创始人之一，著名的翻译家、作家、出版家和电影评论家。在思想上他实践“新旧兼备”的改良主张，将国粹与西化熔于一炉。其小说创作颂扬“高尚纯洁”的爱情，同情妇女与弱势群体；形式上文言与白话并重，传承中国抒情传统，借鉴西方小说技巧，具有雅俗共赏的美学价值。他通过“影戏小说”等引进西方电影观念，为中国早期电影做出了重要贡献。
周瘦鹃与紫罗兰的爱情传奇，事实与虚构交错，反映了民国时期爱情、婚姻与家庭的复杂性。同时，周氏及其同人把紫罗兰打造成文学杂志的品牌，以传统名花美人的审美意趣打造时尚女郎的形象，藉以传播现代物质文明，给市民大众带来美好明天的憧憬。
本书凝聚了陈建华教授多年研究成果，材料扎实，角度新颖，方法上将微观与宏观、实证与理论相结合，充分体现海内外关于民国文学与城市研究的研究成果，展示了中国学术传统的优势，不仅对于周瘦鹃研究具国际前沿性，对于民国通俗文学与都市大众文化的研究也具示范意义。",https://img3.doubanio.com/view/subject/l/public/s33590563.jpg,2019-3-1,https://book.douban.com/subject/30489949/,9.3,,4,透过文人周瘦鹃，不止于文学，还得以窥见他身后（民国时期）上海都市的社会生活风貌、大众心态等及其变迁。一部信息量极大且融通的书，文献和图像，勾勒出一部微型文学史、新文化史、思想史。我们或许可以循着这本书的线索展开更多探索。不敢妄议这本书的学术价值，但也觉得724页不够写。,"周瘦鹃,上海文化,陈建华,文化研究,文学",2020-03-19 18:26:36,陈建华 / 2019 / 上海文艺出版社
2292552035,妻妾成群,"《妻妾成群》借旧中国特有的封建家庭模式作小说的框架，一个男人娶了四个女人做太太。但作者关心的不是一个男人如何在四个女人中周旋，如何控制她们，而是关心四个女人怎会把她们一齐拴在一个男人的脖子上，并且像一棵濒临枯萎的藤蔓在稀薄的空气中相互绞杀而争得那一点点空气。
《妻妾成群》被改编为电影《大红灯笼高高挂》，张艺谋导演，获奥斯卡金像奖提名。",https://img9.doubanio.com/view/subject/l/public/s6478105.jpg,2004-8,https://book.douban.com/subject/1025753/,8.3,,4,迷失。,,2020-03-17 21:19:51,苏童 / 2004 / 上海文艺出版社
2292167248,天才为何成群地来,"【内容简介】
本书为中研院院士王汎森先生部分重要文章的结集，共可分为四部分。一是作者在历史研究过程中的感想，对学术界动向特别是历史研究领域问题的观察和思考，这被作者以“天才为何成群地来”为总结，并作为本书的书名。二是演讲稿《如果让我重做一次研究生》和《再谈假如我是一个研究生》，作者结合自己的经验和体会，谈了他认为一个历史学专业的研究生应该学些什么，做些什么，注意什么。三是作者对自己的几位老师，包括余英时、牟复礼、杜希德等的回忆文章。四是作者几次接受访谈的记录。
---------------------------------------------------------------------------------------
【编辑推荐】
如果没有人文，我们只有“生存”，没有“生活”。
每个时代的文明都是多元力量或多元价值竞逐的状态。
人与动物最大的不同之一，恐怕就是动物不需要历史感，而人类需要。",https://img1.doubanio.com/view/subject/l/public/s33320468.jpg,2019-8,https://book.douban.com/subject/33450028/,7.8,,3,密度不大，闲谈而已。,,2020-03-17 17:36:06,王汎森 / 2019 / 社会科学文献出版社
2273844419,Sidewalk,"An exceptional ethnography marked by clarity and candor, Sidewalk takes us into the socio-cultural environment of those who, though often seen as threatening or unseemly, work day after day on “the blocks” of one of New York’s most diverse neighborhoods. Sociologist Duneier, author of Slim’s Table, offers an accessible and compelling group portrait of several poor black men who make their livelihoods on the sidewalks of Greenwich Village selling secondhand goods, panhandling, and scavenging books and magazines.
Duneier spent five years with these individuals, and in Sidewalk he argues that, contrary to the opinion of various city officials, they actually contribute significantly to the order and well-being of the Village. An important study of the heart and mind of the street, Sidewalk also features an insightful afterword by longtime book vendor Hakim Hasan. This fascinating study reveals today’s urban life in all its complexity: its vitality, its conflicts about class and race, and its surprising opportunities for empathy among strangers.",https://img2.doubanio.com/view/subject/l/public/s28917231.jpg,2000-12-20,https://book.douban.com/subject/2909294/,9.3,,5,,,2020-03-09 14:20:06,"Mitchell Duneier Ovie Carter [美国] 米切尔·邓奈尔 / 2000 / Farrar, Straus and Giroux"
1363359022,天朝的崩溃,"本书大量使用中国第一历史档案馆所藏清朝奏折，和英国所藏中英交涉文件、日本学者汇编资料集等等，详尽考订并重建了与战争相关的大量基本史实。作者抓住几个主要人物为线索展开叙述。从武器装备、防御工事、兵员训练到作战战术的运用；从后勤、兵力动员、兵员调动到军费的来源、筹集与分配，更涉及交战国可用于战争的经济实力、负责运筹帷幄人员的心态、他们的战争观(从文化层面言)、战术观(从军事角度言)等等。这些面相在过去的鸦片战争研究中或被忽视，或语焉不详，但在本书中却得到充分的展现。
鸦片战争在中国近代史上的影响重大，也是中国百年国耻的开端，给中华民族带来巨大的精神创伤，本书对当时的人和事的评价，均从事实认定来加以判断，尤其严肃检讨清朝奏折中呈现的天朝心态，直指中国战败的深层原因。该书展现的严谨论证破除过去误谬之学术性，以及避免再蹈历史错误覆辙之强烈爱国情怀，令人读之震撼动容。
《天朝的崩溃》出版十余年，流传较广，影响颇大，学术价值历经时间考验，已广为读者肯定推崇，即在海外，都成为治近代史之学者、学生，以及一般人士广泛阅读的著作，视之为中国近代史研究中最具代表性的著作。
修订版全面核订了注释、引文中的错讹，重排精装，列入“三联哈佛学术丛书二十年纪念版”再刊。",https://img9.doubanio.com/view/subject/l/public/s27685036.jpg,2014-10,https://book.douban.com/subject/25935941/,9.4,,5,“忠奸善恶”的二分思维属于一种道德主义、单一因果的评判标准，是情绪化的、也易受人摆布，直到现在都十分流行。它让一些人背负一个庞大体系的罪名，沦为“替罪羊”，也让另一些人成为英名的神话。这种道德评判，让人以为只要罢黜奸佞和昏聩之人、命英雄忠臣操刀，历史便不会重演。但事实恐怕并非如此，历史上，人类所犯的错何其相似，悲剧一次次重演，难道只是某些个人的问题吗？经典作品试图对历史和人类境况作出公允的评判，那些作者在警示我们：以史为鉴，切忌得意忘形，切忌昏聩颟顸，而是该正视究竟犯了什么错、如何犯错。,,2020-02-22 17:46:42,茅海建 / 2014 / 生活·读书·新知三联书店
1615716455,权力结构、政治激励和经济增长,本书选取民营经济极为发达、中国*富裕的省份之一浙江作为分析对象，在考察了1949年后浙江民营经济发展背后的政治逻辑之后，提出了一个典型的政治经济学分析框架：地方政治精英在历史原因所造成的政治权力结构中所处的不同地位，决定了地方政治精英出于自身政治利益*大化而对发展民营经济采取了不同的态度和方式。全书共分7章。书中的逻辑不仅能够分析包括浙江在内的中国地方经济发展的绩效差异，同时也为进一步理解集权体制下的政治经济学及其性质提供了一个分析框架。,https://img1.doubanio.com/view/subject/l/public/s28738450.jpg,2016-3,https://book.douban.com/subject/26762440/,9.2,,4,政治生存是政治精英进行一切经济决策的基本动机和出发点。在权力结构中位于次要乃至边缘位置的政治精英，才会有动力与企业家形成互惠互利的隐性契约关系（政治和经济的资源置换）。在特定历史条件下，双方对彼此持续提供资源的需要和能力，维系着这层非正式的契约关系。但这种关系似乎并未促生一个具有自觉意识和集体行动能力的企业家阶层，对现代公民社会的推动力也并不足。,,2020-02-09 22:23:54,章奇 刘明兴 / 2016 / 格致出版社 上海三联书店 上海人民出版社
2174992268,On Tyranny,"A historian of fascism offers a guide for surviving and resisting America’s turn towards authoritarianism.
On November 9th, millions of Americans woke up to the impossible: the election of Donald Trump as president. Against all predictions, one of the most-disliked presidential candidates in history had swept the electoral college, elevating a man with open contempt for democratic norms and institutions to the height of power.
Timothy Snyder is one of the most celebrated historians of the Holocaust. In his books Bloodlands and Black Earth, he has carefully dissected the events and values that enabled the rise of Hitler and Stalin and the execution of their catastrophic policies. With Twenty Lessons, Snyder draws from the darkest hours of the twentieth century to provide hope for the twenty-first. As he writes, “Americans are no wiser than the Europeans who saw democracy yield to fascism, Nazism and communism. Our one advantage is that we might learn from their experience.”
Twenty Lessons is a call to arms and a guide to resistance, with invaluable ideas for how we can preserve our freedoms in the uncertain years to come.",https://img1.doubanio.com/view/subject/l/public/s29903939.jpg,2017-3-2,https://book.douban.com/subject/30343961/,8.2,,4,一份时代的公民宣言，纽约时报畅销书，打脸川普，当然我们也不妨读一读。,,2020-02-04 23:29:00,Timothy Snyder / 2017 / Bodley Head
2001079630,维特根斯坦传,"内容简介：
维特根斯坦，20世纪最重要的哲学家之一，语言哲学的奠基人。
本书是迄今为止最具权威性的维特根斯坦传记，自出版以来广受赞誉。
本书以时间为线索，运用大量生动、翔实的第一手资料描绘维特根斯坦独特的精神世界以及传奇的一生，堪称一流的思想传记。",https://img9.doubanio.com/view/subject/l/public/s6850776.jpg,2011-6,https://book.douban.com/subject/6152040/,9.1,,5,“告诉他们我过了极好的一生。”——严肃的，忠实的，虔诚的，宗教性的一生。文笔、译笔俱佳，细节和内涵相当丰富，具有持续启示性的一本书。,,2020-02-03 17:22:22,[英] 瑞·蒙克 / 2011 / 浙江大学出版社
2155626624,事实改变之后,"◆“全球百大思想家”、奥威尔终身成就奖得主托尼·朱特最后一本文集，由其遗孀珍妮弗·霍曼斯整理出版；
◆收录了朱特对他持续关注的话题的最终看法。事实改变之后，朱特不畏惧修正自己，亦不畏惧站在潮流的反面；
◆一本关于我们时代痛点的书，深入讨论了中东危机、伊拉克战争、“9·1 1”事件、世界新秩序等问题；
◆交付“真诚之心”的公共知识分子写作，关注公正、历史、国家、公共领域、记忆与遗忘的深层意义。
···
【内容简介】
本书是由托尼·朱特的遗孀珍妮弗·霍曼斯整理并作序出版的朱特的最后一本文集，收录了朱特作为一位公共知识分子所写作的诸多重要文章。这些文章记录了他思想的改变轨迹，也代表了他对公共生活持续的、充满热情的介入。无论是谈论巴以冲突中人类所面临的道德困境，还是“二战”中对自己国家犹太人的遭遇选择性失明的法国人，抑或他所崇敬的加缪和奥威尔，朱特都带着一种公正的视角、清晰的道德判断和绝佳的智识标准。他提醒我们这个时代潜藏的危机，让我们在走进21世纪时不忘回顾20世纪的历史，亦使我们更加接近当下世界的真相。
···
【媒体及名人推荐】
在这些文章中，你会看到托尼既是一个头脑清晰，相信事实、事件、数据的现实主义者，也是一个追求过上一种良善生活，不只为自己也为社会而生活的理想主义者。
——珍妮弗·霍曼斯（历史学家、本书编者）
·
在一个越来越反智的时代，托尼·朱特的文章提醒我们，当紧紧持守高贵的道德和智力标准的时候，我们将得到什么，而让它们溜走的时候，我们将失去什么。
——马克·马佐尔（《谁将主宰世界》作者）
·
托尼·朱特常被视为爱德华·萨义德之后美国最优秀的公共知识分子之一……朱特一生中学术方向不止一次发生变化，但对专制暴力之恶的憎恨、对人权道德价值的肯定却是一以贯之。今天，在史学的成就之外，人们记得他，是因为他曾经致力于用公共写作来防止民主因自身的堕落而被毁掉。
——徐贲
·
朱特这样写加缪：“加缪是一个道德主义者，他在对善恶的区分上毫不犹豫，但他不去谴责人性的弱点。”这句话作为朱特自己的墓志铭也很恰当，他的充满智慧、人道主义和勇气的学识被很好地记录在了这本书中。
——《纽约书评》乔纳森·弗里兰德（Jonathan Freedland）
·
托尼·朱特对我们永远是一种鼓舞：一个智识上的巨人，一个勇猛的战士，一个才华横溢的发声者，一个充满魅力的公共知识分子。……但他从来无意主动获取以上的任何一种褒奖。他只想讲述他认为必须被讲述的，一直到人们注意到他所讲述的问题。
——《观察家》",https://img9.doubanio.com/view/subject/l/public/s29630035.jpg,2018-1-1,https://book.douban.com/subject/27008294/,8.7,,5,这是一本写给我们所有人看的书，无论这些文章谈论的是什么主题。,,2020-01-28 17:06:35,[美] 托尼·朱特 / 2018 / 中信出版社
2143854614,鼠疫,"阿尔贝•加缪（1913—1960）是法国声名卓著的小说家、散文家和剧作家，“存在主义”文学的大师。1957年因“热情而冷静地阐明了当代向人类良知提出的种种问题”而获诺贝尔文学奖，是有史以来最年轻的诺奖获奖作家之一。
加缪在他的小说、戏剧、随笔和论著中深刻地揭示出人在异己的世界中的孤独、个人与自身的日益异化，以及罪恶和死亡的不可避免，但他在揭示出世界的荒诞的同时却并不绝望和颓丧，他主张要在荒诞中奋起反抗，在绝望中坚持真理和正义，他为世人指出了一条基督教和马克思主义以外的自由人道主义道路。他直面惨淡人生的勇气，他“知其不可而为之”的大无畏精神使他在第二次世界大战之后不仅在法国，而且在欧洲并最终在全世界成为他那一代人的代言人和下一代人的精神导师。",https://img2.doubanio.com/view/subject/l/public/s27003191.jpg,2013-8,https://book.douban.com/subject/24257229/,9.1,,5,至少在现在，于我而言，加缪的“平凡人抗争”视角是重要的。当灾祸来临，我们无法将获胜的把握寄于非凡的个人英雄，而是要去相信——一个集体或者说这个集体中的每一位平凡人，以良善和仁慈之心，去抵抗、去付诸行动。知识分子的确容易产生种种道德优越感，却没做什么。另一方面，他又相信“没有采取行动的人只是因为惯性或无知”，真是宽容又乐观的立场呀。但真是如此吗？,,2020-01-20 17:07:11,[法] 阿尔贝·加缪 / 2013 / 上海译文出版社
2052015064,东课楼经变,"《东课楼经变》是曾悠游于那最好的时光才可能有的作品，它天才洋溢、自在挥洒，却又再正经八百不过的讲着“人不中二枉少年”的天真之事，那巨大的反差所撑饱欲炸的张力好看极了，是我个人最喜欢的一种“现实与虚构奇想成分比例恰当”的小说配方。
——朱天心
台湾台积电中篇小说奖首奖
联合文学报短篇小说奖大奖
“紫金•人民文学之星”文学奖
阿城、毕飞宇、格非、金宇澄、李敬泽、唐诺、朱天心 惊喜推荐
《东课楼经变》是费滢的中短篇小说集。收入《东课楼经变》《佛说Naga救疾》《朝天宫》《鸟》。
•东课楼经变
我自诩为隐身侠，我玩时间的捉迷藏游戏，我自以为别人瞧不见我，我便可以偷窃时间，自由自在浪费它。
东课楼：金陵中学老建筑之一，已经拆毁。
经变：汉传佛教中，以绘画形式通俗地表现深奥的佛教经典称为“经变”。
•佛说naga救疾
话说山高水长时，在江边有个二馕神，面对莽莽波涛无法渡过，遂解下随身的包袱，从中掏出两个馕饼，先后抛将入水，接着，提气纵身一跃……
naga：小费的好基友，好病友。也在巴黎学习生活。流传在外的小费照片里大多有这家伙的身影。
•朝天宫
不过是过手如云烟，过眼即拥有。
致敬汪曾祺先生
朝天宫：没错，就是南京市秦淮区水西门内的朝天宫。
•鸟
像梦境一般，空中传来尖锐的哨声，夜晚正式的、沉沉的降落，他处理一段未知之友谊，如正在消失中的一段生命气息。",https://img2.doubanio.com/view/subject/l/public/s33535661.jpg,2020-1-1,https://book.douban.com/subject/34897099/,7.2,,4,,,2020-01-09 14:41:27,费滢 / 2020 / 上海文艺出版社
2011883241,天才主厨的绝对温度,"二十五岁才开始学厨的米田肇，三十六岁开了自己的餐厅，开业一年便拿到米其林三星。
他是没有段位的空手道高手，一度想当“会做料理的格斗家”，现在则是“喜欢格斗的厨师”。
他为了在法国学厨，克服了常人无法想象的困难。
他有着足以自傲的厨界履历，但那同样也是某种负担。
他光是找开店的房子，就找了一年多。
很多常人觉得容易的事，在米田肇的世界，变得无比复杂。
很多普通人感到无法越过的障碍，被米田肇轻巧地跨越。
笨拙与热情，加上无比的决心。
一位天才厨师的成长记录。",https://img1.doubanio.com/view/subject/l/public/s33485158.jpg,2019-9,https://book.douban.com/subject/34833879/,7.8,,4,出乎意料地好看。料理人也好，编辑也好，甜点师也好，日本人好善写“职人”的故事。又被热血一把，却也无法、并不想像书里的“职场怪物”一样忘我和极致。因为，太累了！哈哈。,,2020-01-08 23:53:34,[日] 石川拓治 / 2019 / 上海文艺出版社
1705153599,清算,"获美国文化人类学学会2010年格雷戈里·贝特森图书奖荣誉奖
金融崩溃——无论是垃圾债券市场、互联网泡沫，还是高杠杆的房地产市场——通常被解释为市场周期的必然结果：上涨的一定会下降。在《清算》一书中，人类学家Ho Karen刺破了抽象的、无所不能的市场光环，揭示金融市场的繁荣和萧条是如何形成的。
曾在投行工作过的Karen访谈了压力重重的第一年的金融从业人员、工作过劳且漠然的证券分析师、渴望被雇佣的大学生、经验丰富的董事长和总经理。这些从精英大学招聘的投资银行家被社会化为一个高风险、高回报的世界。他们得到了丰厚的报酬，条件是随时都可能被解雇。他们的工作场所文化和特权网络造成了这样的印象：工作无保障会塑造性格，而员工的流动性会带来聪明、高效的生意。基于这种与挥霍无度的交易相联系的流动性和补偿行为文化，华尔街的投资银行家们重塑了美国企业的形象。他们的使命是创造股东价值，然而他们的做法和假设却会产生危机。通过将投资银行家的价值行动与市场建设和美国公司重组联系起来，《清算》一书揭示了华尔街特有的文化，而这种文化常常被资本主义全球化的胜利解读所遮蔽。
-------------------------------------------------------------------------------------------------------
媒体推荐：
就实地考察而言，华尔街并不是一个典型的人类学领域：人类学家通常在遥远的第三世界社会工作……然而，Karen Ho博士以经典人类学的方式开始了她的研究：融入背景，专心倾听，客观中立非评判的方式，然后试图将这些点连接起来，得到关于华尔街文化如何运作的“整体”图景。这种耐心的民族志分析呈现出一个迷人的景象，这甚至对大多数银行家来说都是新奇的。
——吉莉安·泰特，《金融时报》（Financial Times）
Karen Ho是我的英雄。她的20世纪末投资银行家民族志准确描述了投行文化的虚张声势、冷酷无情和矛盾等特征。
——米切尔·阿沃拉菲亚，《美国社会学杂志》（American Journal of Sociology）
人类学家Karen Ho对华尔街投行的民族志书写是一次成功的尝试，旨在打破华尔街的优越光环，揭示其脆弱、矛盾的一面，以及其企业文化和集体行动常常带来的破坏性影响，这些影响不仅和金融工作者和金融市场有关，也波及美国其他企业。虽然这本书名列人类学和商业研究领域之内，但它具有更广泛的吸引力，并将引起地理学、经济学、社会学人，以及任何试图了解华尔街投资银行的文化、实践与金融变革之间关系的人的兴趣。
——赖凯伦，《经济地理》杂志（ Journal of Economic Geography）
《清算》一书对大型投资银行的运营进行了生动的描述，证实了读者的某些猜测：这些机构正在成为傲慢及坚不可摧的“宇宙主宰”，从业人员获得了难以理解的巨额收入和“做上帝的工作”的想法。然而，这也表明了金融社会学研究力量的逆转。本书有助于解释投行从业者的思考和行动方式。
——詹姆斯·G·卡里，《皇家人类学研究所》杂志（Journal of the Royal Anthropological Institute）
对于任何打算进入全球各大银行工作的人来说，《清算》一书是必读的。事实上，即使是精英学校的教员，也开始质疑为何有这么多毕业生最终会投身金融行业。这本书应该是这些学校的学生和教师必读的书。”
——本·洛里卡，美国金融工程专业权威排行Quant Net
《清算》这本书的强大之处在于，它仔细观察了人们在华尔街成功或失败的方式，戳穿了很多关于市场运作的假设。”
——基尔·马丁，时代文学增刊（ Times Literary Supplement）
《清算》提供了一个丰富详细的华尔街投资银行的民族志…我在本科经济社会学课程中使用了节选，并向一位投资银行家推荐了该课程。
——Aaron Z. Pitluck，《工作、就业与社会》（Work, Employment and Society）",https://img9.doubanio.com/view/subject/l/public/s29736564.jpg,2018-2,https://book.douban.com/subject/30164457/,7.5,,4,,,2019-12-22 16:49:04,[美] 何柔宛 / 2018 / 华东师范大学出版社
1685280728,大国大城,"★限制户籍解决不了城市病，让农民工返乡治愈不了乡村隐痛！
★基于本土实证，以经济视角谏言社会问题，著名经济学家的反成见、聚共识之作。
房价陡升、雾霾遮天、交通拥堵；空巢老人、留守儿童、农民工的窘境……中国的城市化进程刚刚过半，但大城市的病状和乡村的隐痛已经成为人们关注的焦点。限制大城市人口流入，让农民工返乡，问题就能解决吗？不！去往城市，来谈乡愁。社会经济学家陆铭比较全球经验，立足本土现状，基于实证，力倡中国发展大城市的重要性。社会问题宜疏不宜堵，只有让市场本身充分发挥对包括劳动力在内的生产要素的调节作用，才能从根本上解决当下棘手的社会问题。政府的功能不是与市场博弈，而是在市场失语的地方，以长远眼光，布局科学的基础设施、提供公共服务供给。《大国大城》将告诉你，只有在聚集中经济发展才能走向均衡，地理的因素不容忽视，只有以追求人均GDP的均衡取代追求区域GDP的均衡，才能充分发挥出大国的国家竞争力，最终提升全体人民的公共利益。",https://img1.doubanio.com/view/subject/l/public/s29440008.jpg,2016-7,https://book.douban.com/subject/26824237/,8.7,,4,一位朋友和我说，他在北漂时读到这本书，直接导致了他做出从一线城市撤退的决定。而此刻的我也处在同样的情境当中。读此书时，倒不是净想着自己，而是想到了更广泛的劳动者，他们同样为大城市做出贡献，却无法享受与本地户籍居民均等的公共服务。这本书苦口婆心地提点着政策制定者和每一位普通人，去消除傲慢、偏见和短视，不要跌落到“既得利益者”的陷阱中去。工作不分贵贱和高低，大国大城需要不同种类的劳动力相互配合。靠外来劳动力输血，最后却将其“扫地出门”的做法是残酷的，无益于大城市的长线发展，也会为其它二三线城市带去压力。面临资源紧张的问题，当务之急是增加供给，而不是人为地作出限制…这些观点和理念听起来都十分理想化，但我认为恰恰值得被强调和重复，理想当然关乎实践，也可实现，取决于我们是否还能看到别人生活不易的样子。,,2019-12-09 00:48:20,陆铭 / 2016 / 上海人民出版社
1776773206,与病对话,"一部融合科普性与趣味性、兼具心理学与哲学意味的医学散文。
一位满怀仁心的资深医者对几十年行医生涯的回望与省思。
感冒发烧、上呼吸道感染、先天性心脏病、阿尔茨海默病、胆结石、肠梗阻、胰腺炎、便秘、血尿、荨麻疹、慢性带状疱疹、瘢痕体质、酒精中毒、狂犬病……每一种疾病背后都藏着特殊的故事。
精神病院里心灵手巧的优雅女士、富有托尔斯泰式尊严的酒鬼、带着神经性皮炎走四方的美丽医生、蛇群缠腰的“拉奥孔”婆婆、在遥远国度救死扶伤的基督徒……每个人都携带着欢乐、苦痛的生命印记。
那些或神奇、或感人、或伤痛、或遗憾的经历，会启发我们重新看待疾病与身心的关系、看待身体与心灵的关系，珍惜自己与他人独一无二的感受与经验，活出自在、快乐、健康！
全书以真实的病例和鲜活的故事贯穿始终，作者从一位全科医生、心理学者的视角观察、解读疾病与患者身心之关系，厘清大众对诸多常见疾病的误解和误治。读者既能收获医学常识与专业知识，也能窥见包罗万象的人生故事，读来温暖愉悦又令人思索。",https://img9.doubanio.com/view/subject/l/public/s30022074.jpg,2019-3-31,https://book.douban.com/subject/30485206/,8.3,,4,与病对话，我至今没有这种勇气，但这本书似乎在同你并肩作战，帮你拾起它。医者仁心，想起医生亲人，鼓劲和关怀，对待家人、病患皆是如此。我在想，有些善意是否是这份职业所天然萌发的。,,2019-11-28 00:15:42,胡冰霜 / 2019 / 北京联合出版公司
2057886782,特权,本书是一部参与式观察研究的范本，作者通过考察一所美国精英高中的日常，研究精英意识和行为是如何一步步在社会互动中形成的。尤其是在现代信息社会知识易得的情况下，这些年轻人在接纳美式勤奋观的同时，不再比拼知识的占有。他们淡化了对“高尚情趣”和“你认识谁”的重视程度，取而代之关心一个人认识世界的方式和在这个世界里扮演的角色。这条成为精英的道路很特别，奇妙地结合了当代文化习俗和古典价值观。像圣保罗和常春藤这样的院校看上去越来越不像一个排外的游艇俱乐部，而是越来越接近我们多样性社会的一个缩影——一个包含细致具体的社会规则的微观世界。,https://img1.doubanio.com/view/subject/l/public/s28380758.jpg,2016-1,https://book.douban.com/subject/26705829/,8.3,,3,所有“平等”不过是如何“叙述”罢了。另，译得不太行。,,2019-11-27 00:04:33,西莫斯·可汗 / 2016 / 华东师范大学出版社
2049092564,理想青年,"《理想青年》是上海文艺出版社新出“朱光潜三书”之一。全书分为三部分，第一部分题为“天地之间”，讲社会人的自我意识与实现；第二部分题为“理想青年”，讲成为理想的青年需要怎样的标准，做怎样的准备；第三部分题为“身心之美”，极力强调健康的身体与健全的人格并重，探讨生命力。朱先 生由《给青年的十二封信》开始，即和广大青年建立了友好的关系。文集中的话题，个个切中青年成长和个人修养的要点，而朱先生熟谙东西方哲学、文学与艺术，对个人成长、社会进步、民族发展一直在作认真深入的思考，所以本书的每一篇文章，由今天的青年读者（当然不止于年轻人）读来，当仍有“擦拭心性”之效。
朱光潜谈修养
一个青年应该悬什么样的标准，做努力进修的依据
成为理想青年
全书文字行云流水，自在极了。他像谈话似的，一层层领着你走进高深和复杂里去。他这里给你一个比喻，那里给你来一段故事，有时正经，有时诙谐；你不知不觉地跟着他走，不知不觉地“到了家”。
——朱自清
给理论作详悉的疏解，得有深入的学力；把语言说得亲切有味，有见地而不是成见，有取舍而不流于固执，得有开阔的襟怀。孟实先生这些文字是深入的学力跟开阔的襟怀交织而成的。
——叶绍钧序《我与文学及其他》",https://img9.doubanio.com/view/subject/l/public/s33490454.jpg,2019-9,https://book.douban.com/subject/34842411/,8.8,,4,,朱光潜,2019-11-20 19:20:54,朱光潜 / 2019 / 上海文艺出版社
2046736783,One Child,"For over three decades, China exercised unprecedented control over the reproductive habits of its billion citizens. Now, with its economy faltering just as it seemed poised to become the largest in the world, the Chinese government has brought an end to its one-child policy. It may once have seemed a shortcut to riches, but it has had a profound effect on society in modern China.
Combining personal portraits of families affected by the policy with a nuanced account of China’s descent towards economic and societal turmoil, Pulitzer Prize-winning journalist Mei Fong reveals the true cost of this most controversial of policies. Drawing on eight years spent documenting its repercussions, she reveals a dystopian legacy of second children refused documentation by the state, only children supporting their parents and grandparents, and villages filled with ineligible bachelors. An exceptional piece of on-the-ground journalism, One Child humanizes the policy that defined China and warns that the ill-effects of its legacy will be felt across the globe.",https://img9.doubanio.com/view/subject/l/public/s28396145.jpg,2016-1-14,https://book.douban.com/subject/26720831/,7.4,,3,整本书都有种立场先行、带着种种预设再去找材料填充文本的不扎实和不公正感。可见作者本人是带着很深的憎恶情绪写就的。谈不上深刻，但还是抛出了那么多无法回避、令人担忧的问题。失独父母、人口警察、代孕市场、小皇帝、人口老龄化等等，每个小问题拿出来都能更理性而周祥地分析一番。（随着年岁增长和所见所闻，我本人对这项政策的态度是越来越消极的）,,2019-11-18 21:41:09,Mei Fong / 2016 / Oneworld Publications
2041910902,编舟记,"怀才不遇的人、不得人缘的人、想换工作的人……
究竟要燃烧什么，才能激发出真正的热情？
传说中的玄武书房编辑部的“编舟计划”，正式启航！
玄武书房拟定出版一部面向当代人的中型国语辞典《大渡海》，这项工作由阅历颇丰且行事一丝不苟的学者松本老师主持，谁知他最为器重的编辑荒木公平却到了退休的年龄，选择回家照顾病中的妻子。此时编辑部中仅有做事浮躁的西冈正志和临时工佐佐木。荒木和西冈多方物色，终于相中了营业部内不善于和人交往却对词语有着敏锐认知度，并且做事极为认真投入的青年马缔光也。浩瀚的词语海洋，马缔与同事们用长达十五年的时间编制一艘驶向彼岸的小船。他们甘于寂寞，却也收获着弥足珍贵的幸福……
让宫崎骏赞叹不已的才女作家
2012年日本书店大奖NO.1
文学作品年度畅销NO.1
日本全国书店店员与读者的最爱，夺得口碑与畅销纪录双冠
改编电影好评热映，横扫第37届日本电影学院奖，入围奥斯卡最佳外语片奖
松田龙平、宫崎葵、小田切让，实力派演员共同出演",https://img1.doubanio.com/view/subject/l/public/s28041280.jpg,2015-3,https://book.douban.com/subject/26261735/,8.5,,4,三浦紫苑真的是很神奇的作家，从编书到跑步，能把小人物和小事写得异常热血。由最近推得比较热的《强风吹拂》联想到。,,2019-11-15 18:46:46,三浦紫苑 / 2015 / 上海文艺出版社
1988544376,日本人为何选择了战争,"第九届小林秀雄奖获奖作品、日本近现代史研究前沿之作、畅销日本十年的近代史经典。
从甲午战争到日俄战争，直到二战战败，日本人缘何一次次走向战争？上至世界顶尖的优秀人才，下至普通的日本百姓，为何认定“唯有战争才是出路”？东京大学历史学教授加藤阳子通过层层推进的多维分析，深入浅出地探究了当时日本为政者和国民如何看待世界局势、为何每一次都最终选择了战争。在这本被称为 “日本近代史研究最前沿”的著作中，她回答了历史是如何推进的、战争是如何发生的等一系列问题，帮助读者从更多元的视角理解日本近代史上几次改变国运的战争。",https://img9.doubanio.com/view/subject/l/public/s33456165.jpg,2019-9,https://book.douban.com/subject/34204669/,8.1,,4,,,2019-10-26 23:34:10,[日]加藤阳子 / 2019 / 浙江人民出版社
1337220040,跨越边界的社区（修订版）,"持续至今的真实“北漂”史。转型中的中国城市、流动人口、经济与社会。北京“浙江村”与“浙江村人”三十年生活记录研究。

“浙江村”，20世纪80年代起渐次于北京天安门以南5公里的 南苑地 区汇聚成形。30年来，其经济生产与社会再生产的特殊面貌、内部空间与外部环境的互动演变，已成为研究改革开放以来中国流动人口与城市社会经济发展，体制、权力与政策的鲜活样本。
作者借同乡之便，于90年代中期6年时间里对“浙江村”进行实地调查，深入“浙江村人”的日常生活，以近乎白描的写作手法，细致呈现了“浙江村”这一流动群体的落地、发展和变化中的诸多细节。对于“浙江村”的形成、结构、运作、变迁，“浙江村人”作为“外来人口”在北京的生活、生产经营、乡情民愿、与流入地及户籍所在地管理部门的互动等等，均加以极近距离的分析记录。
本书时隔20年后修订再版，除对前版内容进行补充订定外，于新增序言部分特别回顾了“浙江村”和中国社会自2000年以来的变化，对“正规化”及“分割—攫取模式”进行了分析阐述。同时为便于历史比照，增绘了2017年“浙江村”疏解前分布示意图。",https://img2.doubanio.com/view/subject/l/public/s29673011.jpg,2018-3,https://book.douban.com/subject/30116399/,9.5,,5,这本书的序（正规化的纠结）值得好好读。,,2019-10-21 21:31:31,项飙 / 2018 / 生活·读书·新知三联书店
2002311253,网内人,"豆瓣2019读书榜单·推理悬疑第1名
新周刊·硬核读书会虚构类十大好书
四十年来首度入选《周刊文春》海外推理BEST10的亚洲作家，《周刊文春》2018年度推理小说&海外推理双冠军得主
2018“这本推理小说了不起！”（このミステリーがすごい! ）海外作家第二名
获岛田庄司、王家卫盛赞，重新定义华文推理新高度
14岁的女中学生曲雅雯死了，她 从二十二楼坠下，警察说是自杀，但她的姐姐阿怡知道，小雯是被“杀死”的。毕竟她在去世前，才因为一起性骚扰案遭到网络霸凌，姓名、学校都被公开，一个网名“kidkit727”的网民以骚扰犯外甥的名义对她发动攻击，声称她是诬告。小雯每天忍受着网友不 堪的辱骂和陌生人恶毒的眼光。
为找出背后攻击小雯致使她自杀的始作俑者，阿怡找上了神秘的无牌侦探阿涅，阿涅茧居在破落的旧大楼里，生活邋遢、性情乖戾，却拥有超凡的黑客技术。他很快缩小了调查范围，推断幕后黑手就隐藏在小雯身边，小雯的死会是校园霸凌的恶性后果吗？
但随着真相一层层剥开，阿怡心底那个“妹妹”的形象却渐渐模糊。不知不觉中，她陷入亲情与谎言的迷障里无法抽身，而罪与罚的天平也开始倾斜，急速倒向难以意料的结局。
【编辑推荐】
每个人都是网络暴力潜在的施暴者与受害人
★深入都市日常，捕捉真实生活，构筑一出后真相时代的人物众生相。
——如果说陈浩基之前获奖无数的《13•67》构架的是昔日香港的光辉与焦灼，那么这部《网内人》刻绘的就是今日香港乃至所有超级都市中芸芸众生的迷惘与焦躁——在迷失中成长与夭折的中学男生女生、为生计奔波的普通职员、野心勃勃的职场精英、无形之中推波助澜的网络暴民。陈浩基以推理小说的逻辑推演方式，将现代社会中的生存困境与人心诡谲展示得淋漓尽致。
★质问弱肉强食的都市生存逻辑，真实构建互联网时代的职场争斗与残酷角逐。
——在这个弱肉强食的社会，每个人都分饰着“利用者”和“被利用者”，擅长利用人性弱点的人跻身成功人士之列，被侮辱与被损害者无力通天。陈浩基借用主角阿涅的双重身份，揭露所谓职场精英在飞速发展的社会环境中的扭曲心态与行为，对当今社会的生存逻辑发出质疑。
★讲述现代都市中的生存压力与复杂人性，披露无所不在的网络安全危机，直面互联网时代的网络霸凌现象。
——从地铁wifi到邮件追踪，从网站讨论区的匿名帖到生命的真实陨落，陈浩基真切而残酷地揭示了，网络的能量如何变成杀人凶手，面对这个瞬息万变的信息社会，我们应当如何在妥善保护自身信息的同时，维持内心的正义。",https://img9.doubanio.com/view/subject/l/public/s33442256.jpg,2019-8,https://book.douban.com/subject/34262174/,8.1,,4,有社会关怀和现实感，可以说在这个推理小说里看到了一个社会新闻合集，网络暴力、校园霸凌、隐私侵犯、贫富分化、性骚扰等等都比较写实。文本的结构也还不错。问题是，文学性较弱、大篇幅人物独白（说教）最后看得人有点疲倦。,"陈浩基,推理,香港,网络",2019-10-21 17:34:04,陈浩基 / 2019 / 九州出版社
1876301739,在别人的句子里,"☆《毛姆短篇小说全集》《海风中失落的血色馈赠》译者陈以侃，接引英美文坛新风，挥洒一流文字趣味。
☆ 捕捉阅读时的每一次动心。投身字里行间，每一句都是热恋。
☆ Book-chat is still the best game in town.
这里什么都没有，只有读过残留的快感。评判一个作者合不合自己的心意，先别翻那本大部头，找篇聊阅读聊作家的文章，要是读来还没有下楼取快递心潮澎湃，那就先搁置一旁吧。
前编辑、现翻译兼评论，总之靠写字吃饭的陈以侃，把阅读时的动心捕捉为文字，引诱我们直面文学、相信文学，再相信阅读。
---------------------------------------------------------------------
——你读过这本书吗？
——不算亲身读过。
写出这本《一年危险阅读》的安迪·米勒，如果跟我在一个单位，恐怕会成为饭搭子。我们不但都认清，“此生非读不可的书”，恐怕八十辈子都读不完；而且，那些我们骗人家读过的书，用余生去补也早已无望了。后来他也去做了编辑，但在儿子出生后的两年里，意识到工作之外，只读过一本书。丹·布朗的《达·芬奇密码》。这就很严重了。
这本书最好的地方，在于他要你相信，好书已经足够好了，你要舍得辛苦。我也认同，阅读的一大销魂之处，是某个从来没有想过要讨好你的作家，在熬到百来页的时候，突然跟你勾肩搭背引为知己，不管你朝哪边看，都是四目相接；不管你怎么跑，都跟他踩在同一个步点上。
---------------------------------------------------------------------
陈以侃在以一位真正的读者的身份，去创造一种作者文本，通过称叹、训斥与从不间断的调试，去接近那些难以言喻的瞬间，某个自我的核心。与此同时，他还拥有一副那么迷人的腔调：无比桀骜，又像在密谋。使人想要痛击，或者与之痛饮一场。——班宇，作家
陈以侃下笔有一种罕见的、时刻具有自觉意识的诚实——其实这很难，因为它一不小心就会被理解成自恋。读完这本书，在收获了无数让人为之击节抑或陷入沉思的见识之余，我也清晰地看到一个倔强的、试图从平稳持重中突围而出的写作者的轨迹。他熟读经典，却也质疑经典；他迷恋技术，却也解构技术——他永远更敏感于捕捉浩瀚文本里的那一点僭越的灵光。——黄昱宁，作家
我羡慕陈老师总是可以奋不顾身、毫无保留地投入他喜欢的作家和文本，也羡慕他转身又能找到描述和评价这种热爱的距离和准确性。他本质上和他写的那些有趣而有才能的灵魂是一类人。或者让我再诚实一点，这种羡慕其实已经严重到了嫉妒的程度。——吴琦，《单读》主编
任何编辑能够拥有陈以侃这样的作者，都是一大幸事。对我来说，拿到他的稿件之后，除了必要的技术处理，几乎不用任何改动，剩下要做的，无非就是欣赏他炼字锻句的工夫与推敲琢磨的巧思。我觉得他的这本文集，除了提示作者可以怎样写之外，更大的作用还在于提示读者可以怎样读。所以，任何作者拥有陈以侃这样的读者，也是一大幸事。——郑诗亮，《上海书评》执行主编
你可真敢胡来，陈老师那是多厉害的人和书，要我多嘴。——苗炜，作家",https://img3.doubanio.com/view/subject/l/public/s33441147.jpg,2019-8,https://book.douban.com/subject/34441048/,7.9,,3,记下了“你就是你的好恶。为偏心而奋斗终生”这句。,,2019-10-17 23:40:20,陈以侃 / 2019 / 上海人民出版社
1836942219,人行道王国,"社会学界最高奖项 赖特·米尔斯奖
《洛杉矶时报》年度图书
全球各院校社科课程 阅读书目
《街角社会》作者 威廉·怀特力荐——
“《人行道王国》延续了参与式观察的最佳传统。如果我仍在教书，我会让我所有的学生读读这本书。”
·
一部深刻、复杂、感人的纪实作品
猛地将你从自己 的生活经验中拉出来，然后扔向另一个世界。
充满社会道义的关怀、顾虑和尊敬。
·
⊹内容简介⊹
人行道的秩序、安全来自何处？怎样的人行道，才能维系个体的尊严，让人们拥有更好的城市生活？
·
本书关注在街头讨生活的人。他们在街上摆摊、睡觉、捡垃圾，游走在法律边缘，看似制造了混乱和威胁。但社会学家米切尔通过长达5年的参与式观察，深入街头人的生命世界，解释了人行道生活的社会结构和日常互动的逻辑。他提出，在街头谋生的人，实则借由在人行道上创造性地寻求生存空间，生成了一套非正式社会控制体系，维系着人行道的秩序和安全；而他们也得以“诚实谋生”，扭转自己的人生。米切尔提醒城市治理者，以及任何一位想要理解城市复杂生活的人，非正式经济和社会生活有巨大的、无可替代的价值，同时也不必然在审美上令人不悦。这有助于我们反思社会治理的局限，和城市生活更人性化的可能。
∞
《人行道王国》作为一个关于街道精神生活的重要研究，还包含了
社会学研究方法的详细说明和深刻反思
普利策奖得主奥维·卡特70余幅田调照片
街头书贩，一位研究对象，亲自书写的后记
·
这部迷人的研究揭示了今日都市生活的复杂性：它的活力、它的秩序和矛盾，以及它为陌生人提供共情的神奇可能。
·
⊹学界和媒体界力荐⊹
一部读起来鼓舞人心，细看之下观点饱满的作品。在民族志被陈词滥调所威胁的当下，《人行道王国》重新燃起我们对民族志的热情，打开崭新的可能。 ——乔治·E.马库斯，美国著名人类学家，《写文化》合著者
·
《人行道王国》延续了参与式观察的最佳传统。如果我仍在教书，我会让我所有的学生读读这本书。 ——威廉·怀特，《街角社会》作者，美国艺术和科学研究院院士
·
对都市生活问题的探究方式令人激动且深具原创性，信息量以长年累月密集的参与观察和对社会科学的深入理解为支撑。没人能如此成功地融合理论和关于城市街道的私密知识。田野调查中的大师之作。 ——霍华德·S.贝克，美国著名社会学家，符号互动论和标签理论的代表人物
·
邓奈尔绝对是这个时代杰出的民族志作家之一：他向我们呈现一个通常不为人所知的街道世界。这是一部深刻的、复杂的、感人的著作，猛地将你从自己的生活经验中拉出来，然后扔向另一个世界。 ——萨斯基雅·萨森，著名人类学家
·
人行道将会彻底改变我们对“公共空间”的想法。 ——罗宾·D.G.凯利，美国历史学家
·
我认为这部具有示范意义的民族志会成为一代又一代读者的读物。整本书显示出充满社会道义的关怀、顾虑和尊敬。邓奈尔用理论来理解和阐述他的观察，而非为了自己。就像所有经典的田野工作者那样，他心胸开放，会学习，会改变，而这正是民族志经验所带来的。 ——琼·卡塞尔，美国人类学家，执教于华盛顿大学
·
《人行道》是一场学识盛宴，会激励每一个学生。我将它用作我都市研究课程的阅读书目，并作为社会学入门的关键阅读材料。——哈维·莫罗奇（Harvey Molotch），美国著名社会学家
·
一部关于纽约格林尼治村贫穷街头摊贩的研究著作，细致入微……加深我们对种族、贫穷的理解，以及让我们明白我们都是如何对待他们的。 ——《科克斯书评》
———————————————————————————
《人行道王国》在普林斯顿大学、纽约大学等一系列课程中均属优秀的延伸教材：
·
社会学入门：这本书能告诉你如何在微观和宏观之间创造重要的联结；如何做一个研究项目；社会学如何能改变常识。
·
都市研究：公共空间如何被男人和女人、黑人和白人、富人和穷人利用且争夺，以及街头生活和政治经济结构如何交互发生作用。
·
研究方法：民族志如何书写；本书附有一份对方法论的详细说明，并以研究对象之一哈基姆·哈桑的文章作为后记。
·
越轨行为：针对无家可归者的处理方式如何成为标签化的过程；质问政策中的“破窗”理论。
·
法律和社会：近距离检视正式和非正式社会控制之间的关系。
·
文化人类学：《人行道王国》纳入了当下对方法发展中的丰富命题，包括再现、书写和正当性；延续艾略特·列堡的传统，讨论了亘久不衰的问题：不平等的社会和文化经验；一部对美国边缘群体文化的生动研究。
·
文化研究：摊贩和拾荒者如何利用文化知识在公共空间中生存。",https://img9.doubanio.com/view/subject/l/public/s29995845.jpg,2019-3,https://book.douban.com/subject/30441545/,8.7,,5,扎实、有温度，好研究！,,2019-10-07 22:22:50,[美]米切尔·邓奈尔 / 2019 / 华东师范大学出版社
1865446631,魔术师时代,"*2020年《卫报》年度推荐图书
*2020年《经济学人》年度推荐图书
*2020年《纽约时报》年度推荐图书
20世纪20年代，一个处在多彩生活与经济危机之间的年代，一个一战刚刚结束、纳粹主义正在酝酿的年代，一个德国哲学的黄金年代。
马丁·海德格尔的事业平步青云，并邂逅了与汉娜·阿伦特的爱情。跌跌撞撞的瓦尔特·本雅明在卡普里岛疯狂迷恋上了一个来自拉脱维亚的无政府主义者，也正是这 段爱恋使他自己成为了一名革命者。天才维特根斯坦是亿万富翁之子，他在剑桥被誉为哲学的上帝，而这样的天之骄子却来到了上奥地利州偏远地区担任乡村小学教师，过着完全赤贫的生活。最后还有恩斯特·卡西尔，他在迁居到汉堡中产阶级区的几年前，亲身经历了正在抬头的反犹主义。
本书除梳理了海德格尔、本雅明、维特根斯坦和卡西尔在1919-1929年间的各异的日常生活、情感经历和思想状况，还力求将四位哲人的思想予以对观，展现了他们在面临时代根本问题时各自的回答和应对方式。借助作者出色的叙述，我们在这四位卓越哲学家的生活道路和革命性思想中，看到了当今世界的根源。回望20世纪20年代，既是感悟又是警醒。
—
◆“本书以高超的叙述方式描绘了1919年至1929年间的故事。海德格尔、维特根斯坦、本雅明和卡西尔赢得了世界性的重要意义。他们一同绘制出了一幅令人赞叹的精神图景，留下了四种不同的生活轨迹。由此，在二战阴影前后的一段时期里、在一片广阔的视野中，显现出了一幅哲学星座图。”——吕迪格•萨弗兰斯基（Rüdiger Safranski）
◆“在很长的一段时间里，很难再出现一本这么好的书了”。——Micha Brumlik，《日报》
◆“以令人赞叹的叙述技巧将人物传记和思想史结合到了一起”。——《西班牙国家报》
◆“就如同一部长篇小说，必定引导读者置身于一场极其复杂的讨论之中”。——意大利《共和报》",https://img3.doubanio.com/view/subject/l/public/s33443563.jpg,2019-8,https://book.douban.com/subject/34464687/,8.6,,4,是一本很有意思的哲普书。对于更广泛的，没什么哲学基础的公众而言，读着吃力，却也不吃力，这样的行文节奏或许恰恰好。,,2019-09-05 21:14:37,[德]沃尔夫拉姆·艾伦伯格 / 2019 / 上海文艺出版社
1542772492,作家和出版人,"在《作家和出版人》中，温塞德通过考察 黑塞、布莱希特、里尔克、瓦尔泽等德国作家的写作史和出版史，生动阐述了作家和出版人的默契、合作、冲突与误解，进而探讨了出版人与生俱来的“角色冲突”，阐释了文学对时代的意义何为，文学出版人的职责何为。
温塞德坚信出版肩负的教育和变革的任务，出版人必须摈弃对极端与过度的偏爱，在想象和严肃的游戏中行事。出版人既顺应潮流，又批判潮流，服务于“神圣的商品”（布莱希特语）——书籍。出版人的工作本质可以概括为：为作品时刻准备着，为作家时刻准备着，为他作品中的创意时刻准备着，并帮助他取得影响。
——————
“我们的工作如果不是促进单纯、伟大、自由的变革，那还会是什么？” 因为变革是一切伟大文学的动因。伟大的文学通过让人不安而使人强大，伟大的文学讲述现在曾经，也述说将来何为。
出版人总是身处这种冲突之中。主张社会变革的人即便不是先锋，也是小众，因为文化历来就不属于大众，它属于少数派，属于富有，往往是一种偶得的幸福。谁主张改变，谁认为文化必须民主化，谁把文化理解为日常生活的人道化进程，谁就几乎不可避免地陷入到与自身时代的冲突中，这句话特别适用于那些不追求畅销书籍的出版人、那些为进步书籍出力的出版人。——西格弗里德•温塞德",https://img1.doubanio.com/view/subject/l/public/s29792238.jpg,2018-11,https://book.douban.com/subject/27112574/,8.5,,4,作为书和影视剧的出版，似乎总比作为工作的出版要鼓舞人心。,,2019-08-31 15:43:49,[德] 西格弗里德·温塞德 / 2018 / 人民文学出版社
1921781324,外面是夏天,"《外面是夏天》是金爱烂的第四部短篇小说集，共收入七篇作品。故事中的主人公大多在经历“失去”，失去孩子，失去父亲，失去能用母语与之交流的人……金爱烂似乎有意将这种种失去之痛揉碎，均匀地分布在字里行间，让痛感不时击中读者的心。在本书中，作者依旧保持着都市生活观察员和记录员的角色，叙述平实，贴近生活。
《外面是夏天》是第四十八届东仁文学奖获奖作品，其中《沉默的未来》《您想去哪里》分别为作者赢得第三十七届李箱文学奖和第八届年轻作家奖。",https://img1.doubanio.com/view/subject/l/public/s33451310.jpg,2019-8,https://book.douban.com/subject/34464677/,8.7,,,,,2019-08-23 13:42:12,[韩]金爱烂 / 2019 / 人民文学出版社
1870434961,书读完了,金克木先生一代大家，其读书与治学自有独到幽微之处。惜其著作出版广而且杂，况未经人整理，故今日学子，得片羽易 ，而欲窥其全面则难。本书编者爬梳剔抉，参互考寻，从金克木生前约30部已出版著作中精选出有关读书治学方法的文章 50余篇，分“书读完了”——读什么书；“福尔摩斯与读书得间”——怎么读书；读书、读人、读物——读通书三辑，其文说理叙事，皆清秀流利，无晦涩难懂之处，普通读者循序渐进，或可一窥大家通人治学读书之堂奥。2017全新增订版，将金克木的读书心得完整呈现。,https://img1.doubanio.com/view/subject/l/public/s29464609.jpg,2017-5,https://book.douban.com/subject/27030775/,8.6,,4,,,2019-08-19 14:05:58,金克木 / 2017 / 上海文艺出版社
1886642508,横道世之介,"☆《怒》《同栖生活》作者吉田修一令人爆哭爆笑的青春缅怀大作。
☆获柴田炼三郎奖、《现代周刊》年度最有趣小说第四名、书店大奖第三名。
☆横道的青春里没有大事件；横道的青春本身，就是大事件。全新译本还你真实的横道君。
☆同名电影高良健吾、吉高由里子主演。
一个对人对事只说“YES”的小城青年，第一次离家来到东京求学。他太普通，但有个令人发笑的姓名；他太平凡，因不懂拒绝而总会干些叫人啼笑皆非的事。这一年里，他第一次跳了桑巴舞；第一次有了前女友；第一次体验了归省；第一次向在乎的人郑重告别；第一次，目睹生命孕育与降生的失措与喜悦。这一年里，他邂逅了吊儿郎当的同学仓持，特立独行的加藤，一派天真热列追求他的富家女祥子，暗恋着沉醉于交际生活的美女千春……世之介成长着，也用他的单纯、善良和发自内心的对生活的爱，感染了所有在青春岁月与他相遇的人们。
“年轻时没遇到过世之介的人多得不可胜数，想到这一点，我突然觉得自己比别人多了一份幸运。”",https://img3.doubanio.com/view/subject/l/public/s29782727.jpg,2018-6,https://book.douban.com/subject/30223812/,8.5,,4,读完最后一段，合上书本，有股淡淡的忧伤。这么好的年轻人，为什么被安排早早地离开了这世界呢？你的身边是否也有像世之介这样的朋友？从长相、家境到技艺，都毫无过人之处，却能被大家默默记在心上，时不时地想起。就是这样一位毫无主角光环的男主角，用平凡和善良打动着你。丧丧的同时又温暖如春。,,2019-08-15 20:09:53,[日]  吉田修一 / 2018 / 上海人民出版社
1895825989,海风中失落的血色馈赠,"《海风中失落的血色馈赠》所收入的七个故事，有少年渴望摆脱家族在海岛世代挖煤的命运而在成年之际离家远行，有人到中年的大学教师回忆少年时他那心怀壮志但困居海岛打鱼为生的父亲，有散居各地的大家族在老祖母96岁生日之际齐聚老祖母寡居的海角……这些故事勾画了男女之间、父母与子女之间 紧密的纽带和难以逾越的鸿沟，既温柔又残酷。
这些故事都发生在新斯科舍省布雷顿角那些严酷的风景中，写的都是复杂、神秘的人心。它们被记忆和传说浸润，被海水和鲜血冲刷，而这些海水和鲜血，都曾流淌于同土地和海洋漫长的搏斗中；麦克劳德颂扬的是一种和自然世界的深情交融，以及面对变迁、面对爱与失去，多少世代之间某些一脉相承的东西。
很难想出还有谁能写出具有阿利斯泰尔•麦克劳德般魅力的小说。
——爱丽丝•门罗
和福克纳或契诃夫的作品一样，阿利斯泰尔•麦克劳德的短篇小说既是地域的，又是普世的，而且，我也认为它们是不朽的。
——迈克尔•翁达杰
阿利斯泰尔•麦克劳德的《海风中失落的血色馈赠》自1976年出版以来，已经成了加拿大的经典。这些怀着深厚情感考究雕琢出来的短篇，背景都设在布雷顿角……但读者不会感觉他在描绘异域奇事，或在创造狭隘的地域文学，反而，他们会想到一些与之亲近的世界。……阿利斯泰尔•麦克劳德的布雷顿角无处不在。任何人只消跨一步便能进入。
——乔伊斯•卡罗尔•欧茨
因为这些故事的音调、节奏控制得极好，也因为麦克劳德擅于处理纯正、真实的情感，它们渐渐越来越出名……当代潮流和现代反讽，他都不感兴趣。他的故事天才之处就在于，他使笔下的虚构世界没有时代局限。
——科尔姆•托宾",https://img2.doubanio.com/view/subject/l/public/s28061231.jpg,2015-6-1,https://book.douban.com/subject/26357614/,9,,5,七个独立的小短篇，雕刻一般恰如其分的语言和译者卓越的翻译，让读这本书的人感到格外亲切。这七个故事里，有太多似曾相识的场景在我们的生活中路过。所有文学都是地域性的；也可以说，没有文学是地域性的。作者笔下的布雷顿角无处不在。,,2019-08-08 00:31:53,[加拿大] 阿利斯泰尔·麦克劳德 / 2015 / 上海文艺出版社
1862113154,聊天记录,"千禧一代的代言人
英国图书奖、科斯塔图书奖有史以来最年轻的获奖者
九零后爱尔兰女作家萨莉•鲁尼力作
网络交流文体精准捕捉当下青年现状
横扫社交平台的惊喜之作
-
在危急关头，我们都必须一次又一次地决定，
我们究竟要爱谁。
-
爱尔兰女大学生弗朗西丝写诗，爱文艺。21岁那年的夏天，她和女友博比结识了小有名气的女作家梅丽莎和她的演员丈夫尼克。在书店、花园、咖啡馆、公寓楼，弗朗西丝和她的新朋旧友谈天说地，妙语连珠之间，人与人的关系或拉近，或疏离。不知不觉，弗朗西丝与尼克开始了一段明知不会有结果的婚外恋。
生活渐渐失控，价值理念归零，弗朗西丝在爱欲和伤痛中迎来第二次成长，重新审视自己的脆弱与偏见，拷问并习得关于友谊、爱情、婚姻、金钱、宗教、疾病等一系列问题的答案。要明白世界与自身必须先要经历生活，弗朗西丝发现，她不能总是做一个纸上谈兵的人……
《聊天记录》是一个由年轻诗人讲述的故事。小说语言清澈直白，处理的却是现代社会的个体面对的一系列道德难题。弗朗西丝，或者说作者萨莉·鲁尼，像一个小小的哲人，勇敢地面对生活中的困惑，真诚地思考人与世界的关系。
-
【编辑推荐】
★ 九零后爱尔兰女作家，英国图书奖、科斯塔图书奖有史以来最年轻的获奖者莎莉•鲁尼的处女作。
★ 被誉为“千禧一代第一个伟大的作家”，小说平易近人的谈话风格充满了智慧和对人际关系中复杂动态的洞察，精准地捕捉了“后金融危机”时代年轻人的现状。
★ “不可救药地悲伤着的”年轻人，对自身的身体、智力、阶层的深刻敏感触发对权力的思考。
★ 电子邮件、网络聊天、短信、脸书融入角色的日常生活，网络交流口吻构建出一种全新的叙事文体和张力。
★ 青年作家张悦然、周嘉宁，青年翻译家陈以侃力荐！
-
鲁尼精准地捕捉了当代年轻人的现状：对话在电邮、短信、眼神之间无缝穿梭，对性爱与创作充满自信，爱慕写电邮时首字母全部小写的年长男人。她的第一人称叙述者、21岁的弗朗西丝，是一个无时无刻不在细致观察的人，然而鲁尼留出空间，让读者看到弗朗西丝忽视的一切。
——《巴黎评论》年度最佳小说推荐语
鲁尼这本从头到尾都精彩绝伦的小说，一大美妙之处就在于她犀利地洞察了与所谓的自知之明常常伴生的自欺欺人。……《聊天记录》是一本别出心裁的理念之书。但它对人的观察甚至更为聪慧。
——《纽约客》
鲁尼出色地描写了一个有才华、但有自残倾向的年轻女人，捕捉了她的精神与生理状态。她敏锐地意识到，表面的自由其实受制于肉眼看不见的栅栏。……鲁尼能言善辩的人物们或许没能表达脆弱的自己，她却用独有的声音替他们发声。
——《卫报》
我爱读那种让人根本无法相信是处女作的处女作……《聊天记录》刻画了一个冰雪聪明的女大学生与一个年长的已婚男人恋情纠缠的微妙画像，令人手不释卷。
——扎迪·史密斯
萨莉·鲁尼是文坛上冉冉升起的作家。《聊天记录》用B.E.埃利斯早期的那种紧凑、从容到酷的文风，写出一群二十一世纪的年轻人，活像塞林格笔下那种实诚、自命不凡的年轻的爱尔兰后裔。
——科林·巴雷特（《格兰贝的年轻人》作者）",https://img1.doubanio.com/view/subject/l/public/s33302678.jpg,2019-7-22,https://book.douban.com/subject/33422832/,7.4,,3,熟悉。像是在看差不多年龄的女孩在社交网络上发布动态。甚至觉得有时候我也是这种喜欢自我注视的人，只是，这个故事里的主人公似乎要更作一些，特别在谈论起一些“知识”的时候。,,2019-07-31 22:35:08,[爱尔兰] 萨莉·鲁尼 / 2019 / 上海译文出版社
1407916005,真理,"卡普托一直积极地尝试以解构的方式来重新探讨宗教与哲学的关系问题，他倡导一种流动而非静止的思考事物的方式。此部《真理》沿袭了他一贯的做法，作者首先从真理在后现代状况下的境遇入手，之后向前追溯真理观的历史发展脉络，从前现代的上帝即真理，到启蒙时代的理性判断，再到后现代的作为事件的真理（在这里上帝和理性都不享有骄傲的地位）。在生动诙谐的文字背后，卡普托力图阐明：任何一种静止的、稳固的思想理论体系都是被建构出来的，它并不能真实、生动、全面地解释纷繁复杂的现象世界，""真理""同样如此。",https://img9.doubanio.com/view/subject/l/public/s28725504.jpg,2016-4,https://book.douban.com/subject/26769134/,8.2,,4,谈论西方哲学史中的真理观，还是蛮有意思的。,,2019-07-29 00:49:23,（美）约翰·卡普托 约翰·D.卡普托 / 2016 / 上海文艺出版社
1836458539,风眼,"★  历经时代风云的曾经的出版社社长、出版局局长的诚意之作
★  真正揭开出版社神秘面纱、勾画图书市场冲击下编辑生态、探秘知识分子内心
《风眼》这部小说集中讲述上海一家大型出版社一套经济常识丛书遭上级领导严厉批评而产生风波的故事，恰恰呈现出时代转型时的众声喧哗，从而勾画出知识分子的气节与精神。作家孙颙亲历中国改革开放四十年来的出版历程，作为曾经的出版社社长、出版局局长，他有着对出版业风云变幻的体验与洞悉，以甘苦自知的体贴文字，心思细密地描摹了出版人的心境与生态。
《风眼》不仅拓展了出版界知识分子小说的思想深度和生活广度，呈现出丰满而庞杂的编辑内心、精彩纷呈的出版业生态，而且更以令人惊骇的观察力捕捉到了知识分子精神深处的图景。
由于改革开放之初，党内对走不走市场经济道路尚未达成统一认知，因此，上海的这家大型出版社因这套书出版所起的轩然大波，让一批知识分子在狂风暴雨中面临抉择、经受考验，而真正的探索和坚守，才是暴风中的“风眼”，平静却扣人心弦之所在。
中国特色的出版社，缺不了这些出版社掌舵者的管理经营，他们既承担着意识形态方面政治上的风险，又时刻得为出版社谋求经济利益上的开拓，此中甘苦，由一个出版人讲来，尤其活灵活现。这部作品，以小见大，以一件发生在八十年代的图书出版事件切入，带出了出版社生存状态和知识分子的人生道路、情感和命运的波澜，尤让人叹息。",https://img1.doubanio.com/view/subject/l/public/s32332028.jpg,2019-5-1,https://book.douban.com/subject/33444102/,7.6,,3,比较单薄。,,2019-07-24 23:55:24,孙颙 / 2019 / 上海文艺出版社
1862797378,文化就是身体(修订版),"日本国宝级戏剧大师、导演铃木忠志 一生创作总结
译文全新修订、增补中央戏剧学院名誉院长徐晓钟先生序言
表演是什么？
导演主要做什么？
如何成为一名演员？
舞台表演需要经受怎样的训练？
如何使高层次的艺术能力持续一生，怎样才能造就一朵持续盛开的花？ ——“演员如何面对这一问题，将决定他是一名专业演员，还是一名业余演员。”
铃木忠志的影响跨越文化和政治边界，从日本山区的利贺小村辐射全球。他对戏剧是什么、戏剧能做什么的鲜明观点，坚决而包容。铃木利贺剧团开创性的作品和训练方法，影响并持续激励着一代代的戏剧人和观众。见到铃木忠志先生的第一天，我的生命轨迹就不可逆转地发生了改变。萨拉托加（SITI）剧团的存在正缘于铃木先生的真知灼见、大气雅量和坚持不懈。
——安•博格(Anne Bogart),美国哥伦比亚大学导演系教授、前卫戏剧导演
铃木忠志对时间和空间处理之精微准确最让我惊叹。在一个半到两个小时的演出中，他以特有的导演手法，运用声音、精准的场景转换，将巨大的能量压缩，创造出持续的力量——这是一种令人震惊的风格。铃木忠志对演员独特严格的训练方法使他成为当世罕见的大师，引领他的剧团不断地激励着当代戏剧的变革。
——尤里•留比莫夫（Yuri Lubimov），俄罗斯戏剧导演
美国戏剧大部分是自然主义的，观众希望舒适，希望能立即识别规定情境，希望一切皆已完成，能打包进盒子，再扎上个蝴蝶结。但是，我坚信理想的戏剧是，你仍然能带着思索的余味离开剧场，继续质疑。我惊喜地发现铃木忠志的作品就是这样。因此我认为某种意义上，我的工作和铃木忠志所做的是一样的——戏剧必须让人重新思索，戏剧必须提出更多的问题，而非答案。
——罗伯特•威尔逊（Robert Wilson），美国戏剧导演、剧作家",https://img2.doubanio.com/view/subject/l/public/s32338561.jpg,2019-6-1,https://book.douban.com/subject/33440207/,8.5,,,一打开这本书，便想到我们专业研究声音艺术的王老师。,,2019-07-16 20:56:07,[日] 铃木忠志 / 2019 / 上海文艺出版社
1861824734,柔嫩的脸颊,"佳澄一直在逃离。
逃离故乡北海道和父母，逃离丈夫女儿和逼仄的现实。
和石山的恋情是她唯一的出口。
五岁的女儿有香，在石山一家新购于北海道的夏季别墅失踪。
由此开始的，不仅是两个家庭的崩坏，佳澄失去了女儿这个小小的时钟，她怀着缺损的时间，没有一刻放弃寻找女儿的希望。
身患癌症只余下半年寿命的前刑警内海也加入了佳澄的寻找，追寻真相的二人，前往佳澄的故乡。",https://img1.doubanio.com/view/subject/l/public/s32281070.jpg,2019-5,https://book.douban.com/subject/30448928/,7.8,,4,不会觉得它是一部推理小说——现实与梦境的重叠，直到最后，我们都不知道凶手是谁，但每时每刻，这个故事都在呼应我们的生活（从另一种意义上）。困境和绝望，我们一直想要逃开，却无人能逃离。,,2019-07-16 00:42:57,[日]桐野夏生 / 2019 / 上海文艺出版社
1815155445,金翼,"《金翼》1944年英文原始版，社会学经典著作最新译本首次出版，一部堪比《白鹿原》的雄奇家族史诗！
本书是著名社会学家林耀华先生用小说体写作的社会人类学学术专著，通过小说中张、黄两家在社会生活与经济变迁中的兴衰沉浮，刻画出了中国南方乡村生活的全景。面对生活中的机遇与挑战，张、黄两家的不同选择，演变出截然不同的家族命运与个人际遇。作者娓娓道来，在叙述张、黄两家生活场景的同时，对地方社会的信仰、习俗等进行了细致入微的描写，对个人在人际关系中的调适与制衡进行了分析与评述，为读者更好的解析人物故事内涵、解读中国传统社会的运行机制与内在逻辑，提供了社会学领域的最佳读本。
本书为《金翼》1944年英文原始版首次翻译出版。",https://img3.doubanio.com/view/subject/l/public/s29254737.jpg,2015-5-15,https://book.douban.com/subject/26410016/,8.7,,3,平庸。作为小说来读，缺乏文学性；作为人类学著作来读，缺乏理论性和洞见。,,2019-06-08 18:41:29,林耀华 / 2015 / 生活·读书·新知三联书店
1274779507,浪漫主义宣言,《浪漫主义宣言》是安·兰德唯一一部对创作、阅读、艺术、人生与娱乐等诸多精神产物进行彻底批评和完整评论的作品集。被称作充满尖锐批评和辛辣讽刺的安·兰德版“艺术与人生”，它不仅仅是解读《源泉》《阿特拉斯耸耸肩》等作品的重要参考，也是阅读艺术、阅读时代大潮流的优秀指导。书中安·兰德认为她的时代没有艺术，浪漫主义早已销声匿迹，“顶级的、纯粹的、始终如一的艺术家”少之又少。在本书收录的文章中，受到她讽刺和批评的艺术家大多获得过诺贝尔文学奖、普利策小说奖，他们代表了那个时代的辉煌，但安·兰德依然担心他们所引领的艺术航向。,https://img3.doubanio.com/view/subject/l/public/s28364793.jpg,2016-1,https://book.douban.com/subject/26320047/,8.4,,3,,,2019-06-08 16:03:46,(美) 安·兰德 / 2016 / 重庆出版社
1587622217,T. S. 艾略特传,"T.S.艾略特，1948年诺贝尔文学奖得主，一个比起成为诗人更想成为圣徒的人；却因为无法成圣，而成了伟大的诗人。
他总是言说那些""不被言说的""，在公众面具保卫之下的孤独里过着隐秘的生活。如果不是因为他是诗人，有探究并定义这种生活的需求，那么我们将永远无法了解他的生活。
他的诗从生活的酒滓里滤出一部结局早已注定的大戏，呈现的便是一部连贯的灵魂自传，诚恳，直接，比任何旁观者的考语都来得更洞明，更直指人心-——他的生活与作品就这样紧密相联，彼此创造。这部传记就基于这些由诗人亲自作出的表述，并与他实在的生活相印证。
林德尔·戈登考察了这位二十世纪最伟大的诗人的一生，那游走于他身上的圣徒与罪人之间的深壑。她将艾略特的生平与作品互参，以理解这位精神的求索者所经受的试炼：他的缺陷与怀疑能让一切过着不完美人生的我们找到共鸣。
""艾略特是20世纪英语文学文化中最重要的人物，这样伟大的地位，他在很短的时间、惨淡的境遇里，用为数不多的作品就已斩获。""——路易斯·梅南德Louis Menand《纽约客》
""戈登以明智的同情，穿梭于艾略特的人生与作品，带着对艾略特诗歌与戏剧无懈可击的谙熟和深刻理解，刻画出了一个精妙入微的艾略特形象。他犹如詹姆斯笔下的人物，在记忆与欲望、世俗幸福与更纯净的精神世界间徘徊撕扯。""——角谷美智子Michiko Kakutani《纽约时报》
""一部深邃、细腻、复杂的杰作。贯穿全书的是一个饱受折磨又毫不妥协的形象：他有着清教徒式的克己，在一个相对主义盛行的世俗化时代里平庸地度过一生的图景令他恐惧。他奋力前行，觉察着那'平庸的人无法感知的颤栗'。""——理查德·伯恩斯坦Richard Bernstein《纽约时报》",https://img3.doubanio.com/view/subject/l/public/s29956287.jpg,2019-1,https://book.douban.com/subject/30331839/,8.9,,5,,,2019-06-07 01:13:04,[英] 林德尔·戈登 / 2019 / 上海文艺出版社
1752870144,恐惧的政治,本书围绕“恐惧的政治表明了弥漫并侵袭公共生活的衰竭与疏离感的症状。普泛的公共生活与特定的政治活动都面临着失去其对意义和目标之感觉的危险”这个社会现状问题展开论述。书中指出政治活动的衰竭平行于启蒙时代之理想人格的衰落，而这两者之间的相互影响为恐惧的政治提供了动力。本书不仅在于讨论社会面临的这个严重问题，且试图与这一问题所揭示出的那种主导性的路径相对抗。,https://img9.doubanio.com/view/subject/l/public/s3026635.jpg,2007-9,https://book.douban.com/subject/2268621/,7.7,,4,最后一章《幼儿化公众》启发较大。培育一种脆弱感、无力感，不正是我们现在谈论的丧和佛吗？是一种主观意义上的放弃抵抗，任由统治精英们宰制了。包括情感方面的扶持、治疗，不正是在控制公众的主体性以培育依赖感？看似是主动接受积极福利，实则是被扶持、被治疗、被协商。,,2019-04-15 20:51:47,[英]弗兰克·富里迪 / 2007 / 江苏人民出版社
1685710920,中国古代的“家”与国家,本书作者尾形勇师出东洋学泰斗西岛定生门下，在中国秦汉史以及中国古代国家形态研究方面卓有成就。在本书中，作者通过对家、国、臣、民、天子、皇帝、家人、国家、官家等一系列政治称谓的条分缕析和深入考证，揭示了中国古代帝制时期，究竟是依靠何种政治方式实现了较为稳定的管理和统治。分析了中国传统社会家与国家之间既紧密联系又严格区别的复杂关系。,https://img9.doubanio.com/view/subject/l/public/s4144974.jpg,2009-12,https://book.douban.com/subject/4160536/,8.3,,4,,,2019-02-24 16:08:57,尾形勇 / 2009 / 中华书局
1605194043,英国进步主义思想,"【内容简介】
在19 世纪末和20 世纪初，“新型自由主义”是最具原创性、社会意识和影响力的英国政治思想形式之一。在本书中，迈克尔·弗里登考察了新型自由主义出现的过程，探究了共同体、福利和国家控制等概念在政治理论中的发展，强调了伦理和科学对自由主义思想流变的影响。
本书颠覆了关于自由主义思想发展的普遍观点，重新解释了许多影响了当代政治的思潮之起源。弗里登认为，新型自由主义建立在具有进步主义和人文主义特征的19 世纪中期自由主义的强大观念遗产之上，但又对那份遗产进行了拓展，创造了一个社会改革和意识形态革新的规划，为现代英国福利政治的成型奠定了基础。
···
【媒体推荐】
“新型自由主义”理论中哲学与法律之间的联系一直在被讨论，却从未被细致地论证过，直到这部兼顾了学术性和趣味性的著作出现，终于打破了这一现状。
——《卫报》
《英国进步主义思想》是一部迟到的重要著作……本书基于对大量文献资料的精准分析，做出了复杂、有力的论述，其中的细节和微妙之处只能由读者自己去探索。
——《英国历史评论》
说理清晰，令人信服……这本书会在我们的视野和讨论中停留很久。
——《美国历史评论》
···
【编辑推荐】
◆迈克尔·弗里登是“意识形态研究”学派的创始人，英国政治理论研究的权威人物。北京大学历史系青年学者张新刚为本书作中文版导读，引领读者更全面地了解这位顶级学者的思想脉络和学术贡献。
◆本书清晰、详尽地梳理了19世纪以来自由主义思想的流变，以及新型自由主义（New Liberalism）的出现与发展，是一部叙述英国政治理论发展史的重要著作。本书颠覆了关于自由主义思想发展的普遍观点，从进步主义、人文主义到自由主义，重新诠释了许多影响当代政治思潮之起源。
◆从密尔与格林到霍布豪斯与霍布森，这些伟大的自由主义理论家如何解决他们时代的社会和政治问题？他们的思想如何为未来的福利国家奠定基础？这些问题都可以在本书中寻得答案。
◆本书收录于三辉图书策划的“倾向与可能”书系，该书系汇集迈克尔·沃尔泽、本尼德克特·安德森、约翰·邓恩、查尔斯·泰勒等当今世界的一流头脑，他们试图用历史的经验和政治的知识，为今天的困难提供部分开放的讨论，这些讨论并没有最终的结果，然而其中所蕴含的视角和线索，每一个都充满深刻的洞见和面对真相的勇气。三辉将这些洞见和勇气集合在这里，奉献给所有愿意为当下和未来努力的汉语读者。",https://img9.doubanio.com/view/subject/l/public/s29770666.jpg,2018-5,https://book.douban.com/subject/30177153/,9.1,,5,写作非常扎实、清晰的一本书，记录了自由主义在19世纪末20世纪初的英国的转型过程。和以往政治学领域的哲学和历史取径都不一样，弗里登这部作品将意识形态和政治思想建立关联，关心普通人的政治思考，算是在该领域开辟了一种新的研究范式？原来，和社会实践结合的新型自由主义没有流于束之高阁的概念，而是针对具体社会弊病提出了积极的社会观点和计划，看到了不少理论家在其中做出的努力，还是蛮感慨的。平常理解很吃力的政治学也能如此接地气。同时，一个概念的内涵是动态变化的，而且你必须不断地辨析它，才能更全面地评判它，而不是拿来就随便用。,,2019-01-27 23:06:39,[英]迈克尔·弗里登 / 2018 / 商务印书馆
1594050028,祖国旅店,"★ 欢迎来到祖国旅店——在这里遇见所有孤独而癫狂的灵魂，在这里度过“没有死去也不是活着”的一生。
★ 一位反英雄的主人公，一段自我意淫的沉迷，一部宿命的家族史。爱琴海小镇的日常背后，竟隐藏着巨大的激情和灾祸。
★ 尤瑟夫·阿提冈——诺贝尔文学奖得主奥尔罕·帕慕克崇拜、追随的作家！20世纪世界文学遗珠，现代土耳其小说先驱，汉语世界首次译介。
★ 本书对人物心理的剖析精准之至，一度成为安卡拉各大医学院校精神病学学生的必读书目。
★ 改编电影曾斩获威尼斯电影节费比西奖以及国内外其他诸多奖项。
★ 精装小开本，封面烫亚金工艺，排版舒朗清晰，值得收藏。
···
【内容简介】
泽波杰特在一座偏僻的小城里经营着一家“祖国旅店”，他阴郁内向，渴望爱情，有着本能、频繁的性冲动。一日，一名来访的年轻女旅客触动了泽波杰特的内心，但一周后女子的失约也使他原本平静而单调的生活发生了巨变。
在祖国旅店这个狭小的空间里，幻想与现实交错上演，情欲与暴力轮番登场。有人从行尸走肉的人生中获得解脱，也有人在焦灼的等待中扭曲了自我，但似乎无人能逃脱孤独的宿命……
···
【评价赞誉】
尤瑟夫·阿提冈是我的英雄。——奥尔罕·帕慕克（土耳其作家、诺贝尔文学奖得主）
尤瑟夫·阿提冈，和帕特里克·莫利亚诺一样，展示了日常所映射出的巨大激情和灾祸。
——苏珊·戴奇（美国作家）
《祖国旅店》是一部令人心惊的杰作，一个完美的存在主义噩梦，一个迷失在永远向后退却的伊甸园门前的灵魂之肖像。
——阿尔维托·曼古埃尔（加拿大作家）
《祖国旅店》是土耳其文学史上一块当之无愧的珍宝。——埃斯马罕·艾科勒（土耳其作家）
恐怕没有其他土耳其作家像阿提冈这样，以区区几本小说就奠定了如此显著的声望。——吉泽姆·堂歌（牛津大学学者）
《祖国旅店》是一份在政治社会动乱时期对于艺术完整性的声明，那时的土耳其鲜有像阿提冈一样敢于偏离主流评论的作家。——弗雷德·斯塔克（本书英译者）",https://img9.doubanio.com/view/subject/l/public/s29857344.jpg,2018-10,https://book.douban.com/subject/30275094/,7.1,,3,从导言到正文，读得最明白的一段话是：“基本上，经营一家旅店与运行一家机构、打理一桩大生意，或统治一个国家并无二致。一旦你开始认清自己，开始了解到手头在做的都是些什么，那么你出错、垮掉的时候就到了。所幸政府的管理者们并没有意识到这点，不然他们所能造成的危害可比一家小旅馆的经理要大多了。”和这本书可以说是没缘分，不太感冒，得再读一遍。,,2019-01-18 16:27:57,[土] 尤瑟夫·阿提冈 / 2018 / 人民日报出版社
1625336538,成为母亲,"没有女人天生是母亲
洞幽察微的生育记录，道出女人的焦虑与煎熬
感谢时代，生育终于也和婚姻一样成为了可讨论的问题
怀孕生子不仅区分了男人和女人，也区分了女人和女人。怀孕生产后，女人对于存在的意义的理解发生了巨变。她体内存在另一个人，孩子出生后便受她的意识所管辖。孩子在身边时，她做不了自己；孩子不在时她也做不了自己。人类的每一位成员都会经历从出生到独立这一异常艰辛的过程，而这一过程必须征用某个女人的一段生命。
《成为母亲》忠实地呈现了这段生命。它是一种寻常生活从不可见、不可感，向激烈的热情、爱与奴役转变的过程，它还是一种束缚，一种妥协。
身为女人，成为母亲是什么感受？照顾一个幼小的婴儿又是什么感觉？而当孩子长大，有了自己的意识，母亲又作何感想？英国作家蕾切尔·卡斯克记下了自己那一年包含多重面向的的经历：个人自由、睡眠和时间的终结，对人性和艰苦工作的重新认识，追寻爱的真谛，游走在疯狂和死亡之间，对婴幼儿的情感体验，对母乳喂养的思考……",https://img2.doubanio.com/view/subject/l/public/s29942481.jpg,2019-1,https://book.douban.com/subject/30258589/,7.2,,4,一口气读完了。写法内向，意识流。果然是作家写出来的东西，想象力太丰富。运用的比喻较为隐晦，不时地引用文学作品来具象化体验：柯勒律治的诗，《简爱》的桥段等等。本来想在书中寻找一些值得成为母亲的理由，怎料最后得到的却是满纸的剖白和反思，甚至可以说是令人丧气的真相：成为母亲所付出的最大代价莫过于自由的丧失。不知自己是否也会迎来那一天，如果会，可能读来体验更深。,,2019-01-13 01:49:20,[英] 蕾切尔·卡斯克 / 2019 / 上海人民出版社
1580441641,The Gender of Memory,"What can we learn about the Chinese revolution by placing a doubly marginalized group--rural women--at the center of the inquiry? In this book, Gail Hershatter explores changes in the lives of seventy-two elderly women in rural Shaanxi province during the revolutionary decades of the 1950s and 1960s. Interweaving these women's life histories with insightful analysis, Hershatter shows how Party-state policy became local and personal, and how it affected women's agricultural work, domestic routines, activism, marriage, childbirth, and parenting--even their notions of virtue and respectability. The women narrate their pasts from the vantage point of the present and highlight their enduring virtues, important achievements, and most deeply harbored grievances. In showing what memories can tell us about gender as an axis of power, difference, and collectivity in 1950s rural China and the present, Hershatter powerfully examines the nature of socialism and how gender figured in its creation.",https://img2.doubanio.com/view/subject/l/public/s26262051.jpg,2011-8-5,https://book.douban.com/subject/6434994/,9.3,,4,材料详实。不过，还是觉得理论部分没看出什么新意，以及对材料的分析和阐释稍弱了，“发现”也比较常识性。。。,,2018-12-20 01:13:37,Gail Hershatter 贺萧 / 2011 / University of California Press
1536407718,现代性与自我认同,,https://img9.doubanio.com/view/subject/l/public/s29417554.jpg,1998-5,https://book.douban.com/subject/1044827/,8.1,,3,翻到最后，还有一个概念汇编，惊了……,,2018-12-16 13:45:01,（英）安东尼・吉登斯 / 1998 / 生活·读书·新知三联书店
1559472882,椰壳碗外的人生,"☆ 《想象的共同体》作者本尼迪克特•安德森自述“越界”一生
☆ 跨地域之限，越语言之别，消文化之墙，破学科之界。
☆ 如何规避现代教育与研究自有之缚，如何于现实困顿中明理求真。
本尼迪克特•安德森，无法被标签的学术大师，以跳出椰壳碗的青蛙自况，地理的、历史的、语言的、规训的边界都无法束缚他旺盛的好奇和思考的热情。不同于一般回忆录，本书主要着眼于安德森的治学经历，作者主要评述了区域研究、田野工作、比较研究、跨学科研究四方面内容，一如既往的锋利深刻。他亲自见证了区域研究，尤其是东南亚研究的兴起；又经历了学科划分和教育体系从传统到现代的转变；近半生的时间都在东南亚三国——印度尼西亚、泰国、菲律宾实地考察研究。那个时代的学术研究面临着许多现实阻碍：语言不通，资金不足，资料困乏，政治环境。安德森和所有学者一样，面临着导师与学生、理论与实践、勤奋与机缘、权力与真相等等权衡，其反思对当下的中国学界、教育界也颇有裨益。
----------------
《椰壳碗外的人生》是享誉世界的学者本尼迪克特•安德森的回忆性著作。书中回顾了他幼年从昆明到加州再到爱尔兰的辗转，在伊顿和剑桥的求学经历，在美国康奈尔的研究和教学经历，在东南亚印尼、泰国、菲律宾的田野调查经历，以及退休之后的种种新尝试。本书是安德森应日本友人之邀而作，于2003年前后开始构思，2009年日文版面世。英文版的出版有赖于其弟佩里•安德森的促成，然书未面世，作者便于2015年12月在印尼朗玛逝世。
回溯50余年的学术人生，安德森坦陈其以《想象的共同体》为代表的众多学术成就的灵感与起源；直击现代学术和教育体系的弊病；反思认为全球化出路单一的普遍展望，为民族主义和国际主义解锁更多可能。富有个人魅力，不论是学者还是大众读者都会在本书阅读中有所收获。
-----------------
本尼迪克特•安德森颠覆了民族主义的研究……不仅以他的理论贡献而闻名，而且也因为他对印尼、泰国、菲律宾的语言与权力的近距离检视。——《纽约时报》
安德森的所有书写都具有无畏的原创性，借助发现被忽视或被压抑的声音，挑战所有假说。他从不满足于告诉读者他们想知道的。——《卫报》（讣告）
虽说《椰壳碗外的人生》是一部学者的回忆录，但本书内容对普通读者而言也大有益处。一个学者能够婉拒三个国家的优渥条件，不断跳出舒适区，挑战新领域，不做“椰壳碗下的青蛙”，这一过程本身就足够振奋人心。——《经济学人》
",https://img9.doubanio.com/view/subject/l/public/s29852656.jpg,2018-8,https://book.douban.com/subject/30223629/,8.8,,4,本尼迪克特·安德森真是个有趣的老爷子！谈笑间除了八卦，也夹带了好多学术理念。举重若轻啊！,,2018-12-07 22:09:16,[美]本尼迪克特·安德森 / 2018 / 上海人民出版社
1517970567,恋情的终结,二战期间的英国伦敦，作家莫里斯爱上公务员亨利的妻子萨拉。一次意外事件导致萨拉不辞而别， 莫里斯在恨和嫉妒中度过了两年。两年后 ，他们再次相遇，当初那段感情中炙热的 爱、恨、猜疑、嫉妒、信仰，再度折磨着莫里斯。这段恋情最终如莫里斯所言：变成了一桩有开始也有结束的风流韵事。莫里斯记述了爱情开始的时刻，以及最后的时刻。这本书里有狂热的爱、狂热的恨、狂热的猜疑、狂热的嫉妒、狂热的信仰，有爱情中所有狂热的情感。,https://img9.doubanio.com/view/subject/l/public/s29507084.jpg,2017-4,https://book.douban.com/subject/26279019/,8.1,,4,高开低走，不过还是被一些句子戳中。翻译一般，有几处貌似莎拉和萨拉混用了。,,2018-12-01 23:49:14,[英] 格雷厄姆·格林 / 2017 / 江苏凤凰文艺出版社
1380898010,何为良好生活,"本书探讨伦理学中的几个论题。读过几本书的人知道，天下的道理差不多早都被前人讲过。其中有些，我有自己的体会、思考，尝试用当代中国普通读者比较易懂的方式把这些道理重新讲述；有些，前人好像讲得不太对不太好，我尝试讲得更好些。也许没做到——我一直对自己期望不高，更希望的倒是有几个读者能与作者一样，感到诚实的思考实是人生一大乐事。
“我该怎样生活”这个问题不只是人生道路之初的问题，而是贯穿人的一生的问题。这个问题，主要不是选择人生道路的问题，不是选对或选错人生道路的问题，而是行路的问题——知道自己在走什么路，知道这条路该怎么走：我们是否贴切着自己的真实天性行路。
在最初“选择人生道路”的时候，没谁一开始通透了解自己的本性，了解周边环境并预见环境的变化。我们一开始不可能通透了解自己的本性，这不在于我们还不够聪明，而在于我们的本性在一开始不够具体，本性有待在盘根错节的实践中向我们逐渐清晰地显现。我们大概可以在这个意义上去理解歌德说他的浮士德是一系列越来越纯粹或纯洁（rein）的努力。我把这个“纯粹”或“纯洁”理解为：自身通透。我以为，这种自身通透是phronesis最核心的含义——洞明自己行在何处，浑然一体地洞明自己和自己所行之路，从而能贴切着自己的真实天性行路，把自己大致保持在天性所指的道路上。
",https://img9.doubanio.com/view/subject/l/public/s28051506.jpg,2015-4,https://book.douban.com/subject/26363926/,8.6,,4,“我该怎样生活”，“何为良好生活”，得到一些指引。,,2018-11-23 00:14:15,陈嘉映 / 2015 / 上海文艺出版社
1527701666,一遍又一遍,从前有一个小女孩，她不明白什么是时间。因此，她的妈妈决定帮助她，让她期盼着一年中每一个特殊节日的到来——圣诞节、情人节和万圣节。在最特别的日子——她的生日小女孩许了一个愿，她希望所有一切都会再次出现。当然，正如她所愿，周而复始，一切都会再次出现。,https://img1.doubanio.com/view/subject/l/public/s29034328.jpg,2016-9-1,https://book.douban.com/subject/26871337/,8.2,,3,,,2018-11-21 16:39:47,[美] 夏洛特·佐罗托 著 [美] 伽斯·威廉姆斯 绘 [美国] 夏洛特·左罗托夫 / 2016 / 浙江少年儿童出版社 奇想国童书
1527675472,暴风雨中的孩子,夏日乡间的午后一片酷热，万物懒洋洋。灰蒙蒙的天空渐渐出现变化，似乎有事情正要发生，却又无声无息，小男孩静静等待着。突然之间，一阵暴风雨席卷而来，扫过乡间、城市和海滨。人和动物都倾听着轰隆隆的巨大雷声和雨水啪啪的敲打声，等待着暴风雨过去。而当这阵狂风暴雨过后，极其美妙的事情发生了……夏洛特·佐罗托用诗一般优美而细腻的语言，描述了暴风雨这一自然现象和小男孩观察世界的细微心理活动。,https://img3.doubanio.com/view/subject/l/public/s34021472.jpg,2016-4,https://book.douban.com/subject/26781416/,7.9,,3,,,2018-11-21 16:28:32,[美] 夏洛特·佐罗托 文 [美] 玛格丽特·布罗伊·格雷厄姆 图 [美国] 夏洛特·左罗托夫 / 2016 / 浙江少年儿童出版社
1527644475,威廉的洋娃娃,"威廉想要一个洋娃娃——可以抱抱，可以喂，可以玩躲猫猫，可以说晚安的洋娃娃。他的哥哥说:“别犯傻！”“丫头气，丫头气！”隔壁的男孩嘲笑他。爸爸给他买火车、篮球，但都不是威廉想要的。一天，奶奶出现了，她理解为什么威廉想要洋娃娃——因为他想练习去做个好爸爸。
这是一本在儿童教育领域具有开创性意义的图画书，首次出版后便引起了教育界的广泛关注。这本书启发我们开始思考儿童社会性别的构建问题，被誉为经典的儿童性别教育图画书。",https://img2.doubanio.com/view/subject/l/public/s29140871.jpg,2016-6,https://book.douban.com/subject/26910925/,8.6,,4,,,2018-11-21 16:15:32,[美] 夏洛特·佐罗托 著 [美] 威廉·佩纳·迪布瓦 绘 [美国] 夏洛特·左罗托夫 / 2016 / 浙江少年儿童出版社
1527595953,如果我是一本书,"葡萄牙著名作家何赛•雷迪亚和葡萄牙青年插画家安德烈·雷迪亚父子共谱的美丽诗画。
这是一本关于书的书，一首关于阅读的诗。简单的诗意语言和奇幻的绘画在这里相得益彰。每一个双页，都给读者呈现一幅阅读的全新面貌，都足以在读者心里埋下一粒种子，只期待有一天可以长大。
在这本书里，安德烈的画风带着浓厚的奇幻色彩，用色却淡雅而平静，这种反差和他父亲的文字结合在一起，焕发出一种沉静的力量，这展开了一场父子之间的对话。父亲的描述平缓而温柔，儿子的反馈却奇幻而有力量，这是一种文字和图画之间的相互妥协，也是一种相互依靠。让翻开书页的人，都能感觉到温暖而平和的气息，却又在刹那间打开了翻书人的想象。",https://img1.doubanio.com/view/subject/l/public/s28637310.jpg,2016-5-5,https://book.douban.com/subject/26774319/,7.4,,3,如果我是一本书，我并不急于翻到最后。如果我是一本书，我会帮你牢牢地系住你最真实的自己。如果我是一本书，我愿意接纳时间所赋予的所有样貌。带薪免费看书技能达成！,,2018-11-21 15:55:01,[葡]何塞·雷迪亚 著 [葡]安德烈·雷迪亚 绘 / 2016 / 奇想国童书 / 浙江少年儿童出版社
1518479688,想当国王的老虎,"一只老虎想当国王，于是向森林之王狮子发起挑战。动物们全都加入到了战斗之中，有的支持老虎一方，有的站在狮子一方。结果，最后只剩下了老虎……
寓意：如果一只野兽都没有，就不会有百兽之王。",https://img1.doubanio.com/view/subject/l/public/s29670378.jpg,2017-11,https://book.douban.com/subject/28553660/,7.9,,4,感觉儿童并看不懂，要配合大人的讲解。整个绘本都很成人视角，不论是语言还是画风。儿童怎么会理解“旧的秩序”“新的秩序”，又怎么会理解“老虎痴迷于权力，并追求一场无意义的争斗”。,,2018-11-12 17:58:35,[美]詹姆斯·瑟伯著 [美]尹柱喜绘 / 2017 / 浙江少年儿童出版社
1515674596,Emotional Governance,"This book argues that the development of political leadership as emotional management is essential to the defence of democracy against terror, boredom and demagogy. This lucid and original work combines recent studies of politics and the media with a psychological approach to the relationship between leaders and the public. It offers a model of a new style of leadership, based on the idea of 'emotional governance' - deliberate and sophisticated attention to the emotional dynamics of the public. The model is explored in a detailed study of public emotion around terrorism, but has application in all fields of politics. It is also key to the general task of engaging with electorates, often seen today as indifferent to politics yet still as vulnerable to manipulation.",https://img9.doubanio.com/view/subject/l/public/s18752264.jpg,2007-11,https://book.douban.com/subject/4653034/,0,,3,Emotional Governance/Emotional Regulation/Emotional Labour等等概念比较吸引人，但分析一般。。。并没有什么启发。。。,,2018-11-10 20:38:57,"Richards, Barry / 2007"
1495173437,艾希曼在耶路撒冷,"●汉娜•阿伦特极具争议性的著作，对第二次世界大战中纳粹犹太政策进行全面总结，提出著名的“平庸的恶”概念，引发西方思想界长达五十年的争论
●详细记录纳粹战犯庭审全过程，还原历史现场，探讨战后审判的合法性
●无删节简体中文全译本首次出版
●特别收录阿伦特德文版自序与德国史学巨擘汉斯·蒙森导读
1961年，耶路撒冷地方法院对纳粹战犯、“犹太问题最终解决方案”重要执行者阿道夫•艾希曼开展了一场旷日持久的审判。汉娜•阿伦特就这场审判为《纽约客》写了五篇报告，后集结成书。《艾希曼在耶路撒冷》详细记录了这次引发全球关注的审判的全过程，并结合对大量历史资料的分析，提出了“平庸的恶”的概念。恶的化身未必是狂暴的恶魔，也有可能是平凡、敬业、忠诚的小公务员。艾希曼由于没有思想、盲目服从而犯下的罪并不能以“听命行事”或“国家行为”的借口得到赦免。",https://img1.doubanio.com/view/subject/l/public/s29227219.jpg,2017-1,https://book.douban.com/subject/26834183/,8.6,,3,,,2018-11-10 13:56:18,[美] 汉娜·阿伦特 / 2017 / 译林出版社
1469324785,宅兹中国,"“宅兹中国”，语出《何尊铭》。“中国”一词最早见于西周初年的青铜器“何尊”的铭文。这一国宝1963年出土于陕西宝鸡，刻有长达122字的铭文，记载了周成王营建洛邑王城的重要历史事件。全文如下：“唯王初迁宅于成周，复禀武王礼，福自天，在四月丙戌，王诰宗小子于京室，曰：昔在尔考公氏，克达文王，肆文王受兹因（命），唯武王既克大邑商，则廷告于天，曰：余其宅兹中国，自之牧民。”宅，居住的意思。
“中国”这个名词，是每一个中国人所熟知习用的，但是真正问起这个名词的含义，相信很?人都不容易表述清楚。而随着对“中国”这个名词的思考，便会引发出一系列的问题：谁是东方？何谓“中华”？“中国”意识从什么时候凸显？ “汉族”与“中国”有什么关系？如何从历史与现实中界定“中国”？中国会否在亚洲中“消融”……著名学者葛兆光以一个身在“中国”的学人，对这些问题作了深入的思考，寻求如何既恪守中国立场，又超越中国局限，在世界或亚洲的背景中重建有关“中国”的答案。",https://img3.doubanio.com/view/subject/l/public/s6469657.jpg,2011-2-1,https://book.douban.com/subject/5988185/,8.4,,3,有点水。。。,,2018-09-16 16:12:15,葛兆光 / 2011 / 中华书局
1458169272,奥古斯都,"◆ 《斯通纳》作者约翰•威廉斯的扛鼎之作，获美国国家图书奖。
不同于《斯通纳》在蒙尘50年后才重回大众视野，《奥古斯都》一面世即获美国国家图书奖，时隔40多年仍然受赞誉，且因《斯通纳》的畅销而为更多读者所了解和喜爱，是一部经时间洗礼而魅力有增无减的佳作。如果说《斯通纳》 是每一段人生的镜子，那么《奥古斯都》就是每一个灵魂的肖像。
◆ 如果人生没有退路，至少可以选择义无反顾。
纤弱的少年，忽然被卷入残酷的权力之争——“是命运抓住了我，而我选择不躲开它的怀抱。”命运成就了奥古斯都，而奥古斯都将这个名字铸成了永恒。
------------------------------------
本书以书信体形式写成，其中也夹杂了日记、回忆录、会议记录、军事传单等，借罗马众人之笔描绘出罗马皇帝奥古斯都的一生。
奥古斯都本名屋大维，是恺撒的甥孙。公元前44年，恺撒遇刺身亡，遗嘱指定屋大维为其养子和继承人。这个男孩纤瘦的身影在空旷的操场上缓缓而行，方向不定，好像要找出一条路来——他向谋杀者施援，与旧友为敌，和对手结盟，使派系之争横行的罗马恢复了自由。36岁时，屋大维获得尊号“奥古斯都”。
奥古斯都全力维护着罗马的秩序与和平，甚至将自己的独生女称作“我的小罗马”。凭着对这二者的爱，他在权谋倾轧的罗马世界中义无反顾地前行着……
--------------------------------------
威廉斯重新创造了罗马帝国——从尤利乌斯•恺撒之死到奥古斯都的生命终点，从一个病弱的男孩到一个在远征中险些送命的病弱男人再到一个貌似冷酷无情的统治者，宫廷、元老院和人们尔虞我诈。他采用书信体和多视角，末了所有的声音如拼贴画一般融汇于主人公身边。
——美国国家图书基金会
沉浸于《屠夫十字镇》《斯通纳》和《奥古斯都》——特别是《奥古斯都》——就是进入一位能工巧匠的建筑，他无畏地直面人生的危机与救赎。
——《洛杉矶书评》
这个世界令人着迷，它的复杂、奢华、政治犬儒主义、民众的轻信以及暴力酷似我们自己的世界。
——《纽约客》
在美国作家所写的历史小说中，这是一部卓越之作。
——《华盛顿邮报》
《斯通纳》和《屠夫十字镇》的读者会在这里遇到一个他们所不知的全新的约翰•威廉斯：《奥古斯都》是一部设定在古罗马的书信体小说。他在自己的后期小说中还能展现全新形象并获得高度评价——是一位难得的天才。
——The Millions网站
一部极广阔又极精细的小说，两方面相辅相成，无一失色。
——《金融时报》
《奥古斯都》让人欲罢不能，充满生气。
——《巴黎评论》
如果有人已准备好暂且把现代道德观放在一边并获得一点关于自己的知识，这部关于一位老皇帝的小说会让你颇有启发……这位让人震惊的美国作家展现了遥远的生命如何酷似我们自己，这就是他的天才之处。
——《新政治家》",https://img3.doubanio.com/view/subject/l/public/s29753387.jpg,2018-5,https://book.douban.com/subject/27180479/,9.2,,5,最后的奥古斯都的自述写得真好啊。“像任何一副总在演戏的贫乏可怜的皮囊，他领会到自己演过的角色太多，以至于不再有本人可言。”,,2018-09-12 00:08:22,[美] 约翰·威廉斯 / 2018 / 上海人民出版社
1257743696,匠人,"《匠人》要探讨的是一种基本的人性冲动：纯粹为了把事情做好而好好工作的欲望。尽管匠人这个词让人联想到一种随着工业社会的到来而消失的生活方式，桑内特却认为，匠人的领域远远大于熟练手工劳动的范围；今天的程序员、医生、父母和公民都需要了解匠人精神的价值所在。
本书堪称作者的巅峰巨著，这位当代顶尖的公共知识分子在书中探讨了过去和现在的匠人的工作；他把身体劳动和伦理道德联系起来，他质疑当今公认的衡量工作好坏的标准。
理查德•桑内特在《匠人》中跨越了时空，从古罗马的制砖工人到文艺复兴时期的金匠，从巴黎的印刷社到伦敦的工厂，都是他笔下探讨的对象。历史在实践和理论、技艺和表达、匠人与艺术家、制造者与使用者之间划下了一道错误的界线；现代社会仍然没有摆脱这种历史遗存的折磨。但从前那些匠人的生活和他们的匠艺也揭示了一些使用工具、安排工作和思考材料的方法，进而为我们如何利用技能来指导生活提供了各种可行的方案。",https://img9.doubanio.com/view/subject/l/public/s28270616.jpg,2015-7,https://book.douban.com/subject/26388428/,7.8,,3,东拉西扯。,,2018-09-03 00:20:53,[美] 理查德·桑内特 / 2015 / 上海译文出版社
1418089257,随园食单,"清代大学者袁枚在治学之余对饮食文化也情有独钟。由于他在诗士林的声望与地位，使得他 常常成为各地门生故旧，社会名流宴请的对象。

而他每次遇上美味佳肴都要让自己的家厨向 主人的厨师学习烹饪之法，以至四十多年来，积累了大量珍贵 的食谱，于是就有了这本值 得重视的文化遗产――《随园食单》
",https://img9.doubanio.com/view/subject/l/public/s3303136.jpg,2000年,https://book.douban.com/subject/1006884/,8.6,,4,一本报菜名的书。可是，百果糕是杭州特产么？我怎么不知道呀，粉糕状的，我只吃过定胜糕呀。,,2018-08-20 17:01:06,(清)袁枚 / 2000年 / 江苏古籍出版社
1255708716,老猫学出版,"本书慷慨分享作者累积20年的出版实务经验与5年多的笔耕成果。
从上游到下游，将台湾图书出版业的know-how尽纳其中，无论对编辑新手、出版老手、营销达人，或有志于出版产业者，都是极其实用的指南。
在这个实体和虚拟交会冲击的时代，出版这样一个纸张书编辑的经验谈，会不会只是徒劳的努力呢？也许明天我们再也不需要跟纸张打交道了？纸张书的阅读率江河日下，电子书的未来迟迟不见芳踪，编辑的技艺会不会最后成为“屠龙之技”，无可施展呢？",https://img3.doubanio.com/view/subject/l/public/s8869557.jpg,2009-7,https://book.douban.com/subject/3900547/,8.5,,3,前大半部分很有启发，是很好的技巧教授；后小部分似乎没料想到技术发展的迅猛速度超乎人的想象。,,2018-08-16 00:46:34,陈颖青 / 2009 / 浙江大学出版社
1425825464,棋王·树王·孩子王,"此次出版的是阿城先生亲自编订的最新版本，增添了许多以往版本所不具备的内容。
内容包括以往版本都有的《棋王》《树王》《孩子王》三篇中篇小说，以及以往版本所不具备的画家曹力为作者画的漫画像，还包括以往各版本（意大利文版、日文版、旧简体版、台湾繁体版）的序言。",https://img3.doubanio.com/view/subject/l/public/s28688273.jpg,2016-3-1,https://book.douban.com/subject/26734559/,9.3,,4,绝对要向阿城学一学炼字。三个短篇里最喜欢《棋王》。风格很“古”。,,2018-08-09 23:14:59,阿城 / 2016 / 江苏凤凰文艺出版社
1419407875,为什么长大？,"知名哲学家苏珊·奈曼在启蒙传统的脉络中，对成长与责任、从众随俗与个人自由展开思考，追问""哲学能否帮助我们找到一种与屈从妥协无关的成熟状态""，讨论我们对世界本来是怎样与世界应该是怎样这两者的理解，是如何受到各种经验的深化或阻碍。成长本身就是一大理想--一个很难完全实现但绝对值得为之奋斗的理想。",https://img1.doubanio.com/view/subject/l/public/s28742850.jpg,2016-4,https://book.douban.com/subject/26769136/,8.7,,5,非常好的小册子，现在的我，读这本书，恰逢其时。,,2018-07-28 16:36:13,[美] 苏珊·奈曼 / 2016 / 上海文艺出版社
1384853514,文凭社会,本书通过追溯19世纪下半叶到20世纪70年代晚期一百多年来的美国教育发展历史，主要以医学、法律和工程学教育为例，剖析了文凭社会是如何形成的、对社会产生的正面和负面影响，展现了文凭异化的过程，解释了学校教育与社会分层的内在关系，进而完成了对当代资本主义教育制度的反思和批判，最后则提出了化解文凭主义弊端的办法，预测了文凭主义在未来社会中的处境。 作者针砭时弊，揭穿了关于教育的诸多神话，认为建立在教育基础之上的文凭社会是一种不合理的分层机制，建议废除文凭。在当下这个文凭社会的势力越来越强的时代，书中内容有助于我们更好地理解当前面临的诸多教育问题，积极思谋应对之策。,https://img3.doubanio.com/view/subject/l/public/s29786997.jpg,2018-6-1,https://book.douban.com/subject/30143236/,8,,3,私以为这本书不算作者特别好的作品。很多部分的推论很难说服我甚至有些激进（所谓的冲突论的视角？）。说文凭是通货，文凭膨胀以及文凭制造壁垒我都理解，但至于文凭为啥会膨胀以及导致的后果这里头逻辑好像没说很透。最后甚至很惊悚地提出要废除文凭的建议，并称有利于实现收入平等。美国如何我不太清楚。但在中国，可以认为文凭反映学习能力；就算学校教授的知识和工作无关，但这种学习能力可以很快嫁接到工作上来。另，教育和阶层/社会流动的关系也很复杂，也不是一句话就能定夺的。,,2018-07-15 23:57:22,[美] 兰德尔·柯林斯 / 2018 / 北京大学出版社
1373733442,教养的迷思,"《教养的迷思》是乔治•米勒奖（美国心理学会颁予的杰出心理学作家奖）获奖者朱迪斯•哈里斯的代表作。
斯蒂芬•平克、查理•芒格、梁文道等皆推荐过这位与众不同的心理学作家。
传统心理学观点认为父母在对孩子的塑造中扮演着影响深远的角色，但是朱迪斯•哈里斯质疑这个传统观念。
在《教养的迷思》一书中，朱迪斯•哈里斯用众多的证据证明，在孩童的成长过程中，父母的影响力并没有大家想象中的大，真正具有影响力的是孩童在家庭之外的同辈群体。
换句话说，双亲并不能教导孩子社会化，儿童的人格塑成主要受到他们的小伙伴以及家庭以外的经验影响。专家们都是错的！
为什么移民的第二代说话口音是和同辈人相同，而不是和他们的父母相同？
在英国的早期上流社会，许多男孩生命中的前八年是和保姆在一起，接下来的十年是在寄宿学校生活，结果，言行举止还是和他们的父亲相似？
“教养的假设”不能解释这些现象，但是哈里斯可以。
斯蒂芬•平克说，这本书彻底改变了他“对童年和儿童的看法”，并预测它将成为“心理学史上的一个转折点”。
哈里斯提出的理论，将改变为人父母既有的形象。同时，哈里斯也对父母们提出了忠告：你什么可以做，什么无法做到。同时也将父母从“不能培育出自信、快乐、举止得宜的孩子”的罪恶深渊中解救出来。
=================================================================
作者如此说：
1995年，我在《心理学评论》上发表了一篇论文，论文的开头这样写道：
父母对孩子的人格发展有长久的影响吗？
本文在考察了相关证据后得出的结论是：没有。
事实上，我只是一个失业的大学教科书作者，以及两个孩子的母亲。
1997年，这篇论文获得美国心理学会的“乔治•米勒奖”。上帝真幽默。37年前，我收到哈佛大学心理学系的一封信，信上说他们决定不授予我博士学位，因为他们认为我不够格，签名的正是心理学系当时的执行主席乔治•米勒。
1998年，《教养的迷思》出版了，它成了十多年来，有关儿童发展与人格的最为畅销的心理学著作。斯蒂芬•平克说，这本书彻底改变了他“对童年和儿童的看法”，并预测它将成为“心理学史上的一个转折点”。
本书的目的只有一个：
“专家们”是错的，父母的教养并不能决定孩子的成长。
我希望，这本书能够让抚养孩子这件事变得容易一些，让家长的压力小一点，但这个愿望并没有实现。家长们仍然沿用传统文化中那种令人忧心的教养方式。我提出了一些善意的忠告，想让家长们变得轻松起来，但他们却完全置之不理，甚至连我自己的女儿也是那样抚养孩子的。
但我又怎么能指望，我可以影响自己的女儿呢？",https://img1.doubanio.com/view/subject/l/public/s34506538.jpg,2015-10-1,https://book.douban.com/subject/26612510/,7.8,,4,按照之前一贯的想法是，孩子受原生家庭、双亲的影响巨大，他们甚至会把今日的诸多挫败都怪罪在原生家庭上。以我为例，同辈和父母两股力量同时在我身上展开拉锯。我和父母的关系比较好，但我似乎也从未按照他们设想的套路出牌？感觉自己还是受同辈以及家庭之外的影响更大一些……所以从这个意义上说，这本书的观点还是蛮吸引我的。,,2018-07-10 17:36:47,[美] 朱迪斯·哈里斯 / 2015 / 上海译文出版社
1274794255,斯坦纳回忆录,"《斯坦纳回忆录:审视后的生命》是斯坦纳的一部文学性的自传作品，书中回忆了他早年的求学经历，文中生动表述了他人生中所遇到的几位极具个人魅力的师长，同时也谈及了关于治学之道的心得体会，以及对文学理论的真知灼见。
《斯坦纳回忆录:审视后的生命》以时间为主轴，回顾他曾关心过的种种议题，作为检视其一生成就与遗珠的报告。他从幼时学习经验谈起，随着自己的成长历程，一步步谈论他曾关心过的重要议题，包括犹太人和非犹太人之间的关系、音乐的永续存在、衍申自巴别塔故事的语言以和翻译问题、对当代政治与社会的评论，以及如师亦友的师生关系。斯坦纳以其思想议题之旅行为主轴，整理出他在人生中各个时期所启发的种种哲思，让读者更明了斯坦纳在等身著作背后的写作动机。书中也再次统整了斯坦纳的思想精华，对于未接触过他的读者来说，是一窥大师风采的最佳导览自传。",https://img9.doubanio.com/view/subject/l/public/s10324224.jpg,2012-7,https://book.douban.com/subject/10740093/,8.8,,4,,,2018-07-03 23:57:11,(美)乔治·斯坦纳 / 2012 / 浙江大学出版社
1335888159,私人生活的变革,"新中国成立后，乡村私人生活发生了哪些变化？
爱情还是亲情，自由还是服从，个体如何在转型社会中抉择？
美国亚洲学会中国研究列文森图书大奖获奖作品
阅读当代中国乡村的情感与道德世界，理解私人生活背后的社会变迁
-----------------------------------------------------------------------------------------------
本书是以东北的下岬村为调查对象，分别从纵观下岬村这一本土道德世界的变化、农村青年择偶过程的变化、这一转变过程的各种细节、家庭财产分割过程中三种相互关联的习俗沿革以及在彩礼上体现出来的巨大变化等，讨论了作为独立个体的个人的出现与发展和国家在私人生活的转型以及个人主体性的形成中所起的重要作用。在过去半个世纪里，农民的私人生活经历了双重的转型，这一转型的核心在于个人作为独立主体的兴起。基于此，作者反思了中国近现代以来农村情感生活、亲属关系等私人世界的发展与变迁，与国家对于私人生活领域的巨大推力。
-------------------------------------------------------------------------------------------------
这部杰出的乡村民族志探讨了此前从未被讨论过的议题：中国农民家庭生活中的个体性与情感生活。1970年代的中国东北，阎云翔教授曾在当地某村庄做了7年农民，并于1989年以训练有素的人类学家身份回到那里，开始了为期十余年的考察。他以当地人的视角，描绘出普通村民丰富、细腻又微妙多变的精神世界。从社会关系、家庭财产，赡养老人等公共性议题，到风流韵事、计划生育、性等隐私问题，本书都有所展现。
阎教授将一部当代中国农村复杂的、流动的心态史和行为史，呈现在我们面前。
——列文森奖获奖辞（列文森奖推选委员会：裴宜理、胡缨、戴安娜•里拉）",https://img3.doubanio.com/view/subject/l/public/s29404793.jpg,2017-3,https://book.douban.com/subject/26952345/,8.5,,4,一些观察直到现在还是不过时。20多年过去了，中国发生了翻天覆地的变化。换作是我，我想接下去的研究是，现在，城市私人生活是什么样的。和过去的十年乃至二十年比，有哪些变化。,,2018-06-22 23:09:37,阎云翔 / 2017 / 上海人民出版社
1388854833,身份与暴力,"本书是唯一的亚洲籍诺贝尔经济学奖得主阿玛蒂亚·森教授为建立一个更多尊重与理解、更少冲突与暴力的世界所做的有益探索与思考！
世界也许充斥着越来越多的暴力，但是诺贝尔经济学奖得主阿马蒂亚•森在这部包罗万象的哲学著作中认为，驱使着这些暴行的，不仅仅是那些不可解脱的仇恨，还有人们的思想混乱。
在11岁那年，阿马蒂亚•森生平第一次亲历了杀戮。20世纪40年代在印度突然爆发的印度教徒—穆斯林骚乱的双方都受到了别人的有意挑唆。这场骚乱中的绝大多数受害者——包括印度教徒与穆斯林——都是同属一个阶级的劳动人民。而应当对这场血腥屠杀负责的，只有宗教身份这种单一划分的观念。
在这本新作中，森指出，与过去一样，一直延续到今天的冲突与暴力都受这种单一身份的幻象影响。显然，越来越多的人们根据宗教立场（或者“文化”或“文明”）来划分世界，而忽略人们看待自身的其他方式——诸如阶级、性别、职业、语言、文学、科学、音乐、道德或政治立场，并且否定了合理选择的现实可能性。一旦根据这种观点来界定不同人之间的良好关系，人类就被严重地压缩并置于“小盒”之中。
在本书中，森颠覆了那种惯用的概念，诸如“整个中东”或“西方思想”。通过对文化多元主义、恐怖主义和全球化的精辟分析，他得出了结论，我们应当更为清晰地理解人类自由，并成为全球公民社会中富有建设性的公共表达者。森证明，尽管最近世界陷入了战争循环，但只要我们坚持这一理念，这个世界也同样能够稳定地迈向和平。",https://img9.doubanio.com/view/subject/l/public/s27683995.jpg,2014-6,https://book.douban.com/subject/25909797/,7.9,,4,拉拉杂杂，通篇都在围绕一句话讲：不该让多维度的人简化为一种单向性生物，否则，只会制造更多的暴力与冲突。如何理解仇恨文化？对此我们又该如何化解？或许可以从这本书里找找答案。,,2018-06-12 23:49:01,[印度]阿马蒂亚·森 / 2014 / 中国人民大学出版社
1388470377,我可以咬一口吗,"《我可以咬一口吗》是美国漫画家莉兹•克里莫继《你今天真好看》之后的又一本清新暖萌的漫画集，收录了莉兹•克里莫一百多张逗趣漫画。书中集结了所有你能想到的各种萌物，狮子、斑马、兔子、乌龟，甚至还有伞蜥、獾、土拨鼠、狐獴……在诙谐的对话中，它们展现出一种与生俱来的幽默感和令人艳羡的生活情趣。
你可能是书中任何一个动物，而书中的动物可能是你身边的任何一个人。
这本书就是有这样的魔力让你不由自主地会心一笑，然后气血满满地快乐生活。",https://img9.doubanio.com/view/subject/l/public/s28685416.jpg,2016-4,https://book.douban.com/subject/26755503/,8.7,,4,,,2018-06-12 08:38:46,[美] 莉兹·克里莫 / 2016 / 天津人民出版社
1369063788,民族认同,"为什么人们会对民族产生忠诚感，而同时也忠诚于自己的家庭、地区、阶级和宗教？健康无害的民族认同感，是从何时开始变成了火药味十足的民族主义？当今接连不断的民族冲突，有着怎样的族裔根源？准确地说，民族到底是什么？
《民族认同》从身份认同的视角出发，对民族现象展开细致考察，深入剖析民族与民族主义的历史演变和文化基因，提出并比较了“公民的”和“族裔的”两种民族模型。作者总结了民族与民族主义的积极作用与消极影响，并对一个“后民族”的全球化时代进行了展望。通过对西欧诸“ 民族—国家”的形成、奥斯曼多民族帝国的解体、泛非主义的兴起等重要历史事件的评析，本书也为广大读者认识与思考当今世界各种民族与族裔问题，提供了颇具价值的参考与启示。
★ 大家小书，带领您认识与思考民族问题的“七堂公开课”
★ 民族主义跨学科研究先驱安东尼·D. 史密斯的经典代表作
【媒体评价】
史密斯的《民族认同》是一份重要的贡献，它增进了我们对民族主义的理解。
——雅尔·塔米尔，《世界政治》
在过去二十年里，民族与民族主义的本质，以及它们与族裔群体和族裔中心主义的区别，成了学术界重要的研究课题。这种热切的关注，在很大程度上要归因于安东尼·史密斯的作品，他是英语世界里一位长期探讨这些主题的高产作者……以《民族认同》导言部分提出的标准来看，这本书是相当成功的，它流畅而简洁地讲透了这个极为复杂的话题。
——罗伯特·J. 凯泽，《加拿大民族主义研究评论》",https://img9.doubanio.com/view/subject/l/public/s29699645.jpg,2018-3,https://book.douban.com/subject/27125052/,8.5,,4,可以结合叶礼庭的《血缘与归属》一起看。公民—领土型，族裔—血缘型两大民族模型，知识分子与民族主义文化……民族主义的功能：危险与希望并存……总之，是一本非常系统的小册子。讲西方比较多，东方的民族主义变体应该仍有很多可深入探索的问题？,,2018-05-27 21:04:06,[英] 安东尼·D. 史密斯 (Anthony D. Smith) 安东尼·史密斯 / 2018 / 译林出版社
1378581324,孩子们的诗,"书中有灵气的诗句包括但不限于以下：
*我的眼睛／很小很小／有时遇到心事／就连两行泪／也装不下——陈科全， 八岁
*灯把黑夜／烫了一个洞——姜二嫚，七岁
*春天来了／我去小溪边砸冰／把春天砸得头破血流／直淌眼泪——铁头，八岁
*要是笑过了头／你就会飞到天上去／要想回到地面／你必须做一件伤心事——朵朵，五岁
*纸币在飘的时候，我们知道风在算钱。——王子乔，六岁
*你问我出生前在做什么／我答 我在天上挑妈妈——朱尔，八岁
*母亲提水桶／父亲提电脑／我想起／往日他们提着我在街上乱跑——王芗远，十二岁
*树枝想去撕裂天空，但却只戳了几个微小的窟窿，它透出天外的光亮，人们把它叫做月亮和星星。——顾城，十二岁
《孩子们的诗》，精选了七十多首等3－13岁小朋友写的诗。小诗人们来自北京、上海、广东、江苏、山东、广西、福建、内蒙古、新疆等全国各个地方。
从上万首诗作中脱颖而出，它们首先是好诗，其次才是孩子的诗。
本书还邀请了Starry阿星、飞行猴CF、九个妖、木可子、黄雷蕾Linali、苏寒、Lett Yice等二十多位国内知名插画家，为书中每一首诗歌创作了兼具美感与奇趣的插画。",https://img3.doubanio.com/view/subject/l/public/s29551042.jpg,2017-10,https://book.douban.com/subject/27133274/,9,,4,再简单的语言也是有诗意的。比我强。,,2018-05-24 13:29:57,果麦 编 / 2017 / 浙江文艺出版社
1378532472,你今天真好看,"《你今天真好看》是一本清新暖萌的漫画集，收录了莉兹•克里莫150多张逗趣漫画。书中集结了所有你能想到的各种萌物，恐龙、棕熊、兔子、企鹅，甚至还有伞蜥、獾、土拨鼠、狐獴……在诙谐的对话中，它们展现出一种与生俱来的幽默感和令人艳羡的生活情趣。
你可能是书中任何一个动物，而书 中的动物可能是你身边的任何一个人。
谁不曾享受过与父母的温情一刻？
谁没有被朋友的玩笑弄得一时语塞？
谁不会因自己反应慢半拍而哭笑不得？
这本书就是有这样的魔力让你不由自主地会心一笑。",https://img9.doubanio.com/view/subject/l/public/s28369176.jpg,2015-8,https://book.douban.com/subject/26602392/,8.6,,4,,,2018-05-24 11:21:16,[美]莉兹•克里莫 / 2015 / 天津人民出版社
1255136538,茶馆,本书应该说是新文化史和微观史取向在中国史研究上的一个实践，理解茶馆的社会、文化、政治角色，能够帮助我们不仅从微观角度了解成都，而且对认识20世纪中国城市、城市社会以及与中国政治之关系都将有所裨益。微观历史研究取向可以引导我们进入城市的内部，茶馆提供了研究下层民众活动的一个重要空间，在那里我们可以仔细考察他们日常生活的细节，即使这些细节起来是多么地微不足道。,https://img1.doubanio.com/view/subject/l/public/s4203608.jpg,2010-1,https://book.douban.com/subject/4242368/,8.4,,4,全书探讨的最大的一个问题仍然是国家与社会的关系。上世纪八九十年代以来，这似乎是西方研究中国（历史）的一个取向。相比于翔实的材料，理论部分（公共空间等）的阐释还是有些薄弱。另外，王笛大概很热爱四川这片沃土了，这导致在他笔下，茶馆的地位有所抬高？,,2018-05-08 14:26:40,王笛 / 2010 / 社会科学文献出版社
1332249731,党员、党权与党争,"《党员、党权与党争:1924—1949年中国国民党的组织形态》中讲述了国民党政权是中国历史上出现的第一个党治政权。它的建立，标志着中国政治形态在漫长的王朝帝制崩溃后，开始向一种新的党国体制转型。中国从此步入党治时代。蒋介石多次公开强调，国民党组织内部的“涣散松懈之弊”已经到了非常严重的程度。这种“涣散松懈”，源于它的“以军统党”的组织形态；源于基层建设的薄弱：城市有党，农村无党；源于党派的纷争离析：西山会议派、CC系、力行社、政学系、三青团等组织不断“火并”。最后，这个弱势独裁的政党无法逃脱尴尬悲凉的历史命运……
本书以国民党“治党史”为中心，着重探讨了国民党的组织结构、党员的社会构成、政治录用体制、党政关系、派系之争与党内精英冲突、党民关系与阶级基础等方面。",https://img1.doubanio.com/view/subject/l/public/s4630880.jpg,2010-11,https://book.douban.com/subject/5372471/,9.3,,4,把历史研究写得这么好读，难得。在旧材料上得出新见识，难得。不过还是有点虎头蛇尾之感，1937-1949之间的篇幅（分析）似乎略少。,,2018-05-06 20:49:18,王奇生 / 2010 / 华文出版社
1358012240,连线力,"《连线力》，最关切我们未来的“思想@网络.中国”丛书之一，互联网中国传媒参考书。
中国网民在行动。在中国的广大网民中，普遍存在着对正义的渴望和追求，对弱者和小人物的同情， 对贪官污吏的痛恶，对政府的失望， 对权贵的嘲讽，对沟通的渴望，甚至对革命的呼唤。这些因素有着共同的 内在逻辑，即情感逻辑。在这个意义上，情感汹涌的网络事件，是整个中国社会情感结构的脉络。",https://img9.doubanio.com/view/subject/l/public/s27041975.jpg,2013-9,https://book.douban.com/subject/25723878/,7.5,,3,“出于众所周知的原因，舍去近万字内容。”很无奈也是现实。有些视角挺有启发性的，但总体分析浮光掠影。而且我很怀疑所谓的“网络民族志”。,,2018-04-14 11:38:27,杨国斌 / 2013 / 广西师范大学出版社
1264152651,文化的解释,"简介：
格尔茨这本开拓性的著作，美国社会学协会１９７４年索罗金奖获奖作品，有助于为整个一代人类学家界定其领域的终极目的。 ——《出版家周刊》
前  言
当一位人类学家在殷切的出版商的催促下，着手收集他的某些论文，以便对他自离开研究生院后十五年中的工作作一个回顾性的展示时，面临着两个困难的抉择：收集哪些论文以及如何以诚实的态度来对待收集进来的论文。我们所有这些为社会科学杂志写文章的人都有一本自己想像中的非书之书（ｎｏｎｂｏｏｋ），而越来越多的人也正在把它们出版出来。我们所有的人都设想过去自己写的东西现在会写得更好，而且准备好了要自己修改而决不让编辑改动。想要从自己的行文中发现精巧的构思可能会同想在自己的生活中有所发现一样让人失望；事后（ｐｏｓｔ ｆａｃｔｏ）编一个进去——“这就是我过去想要说的意思”——是一种强烈的诱惑。
面对第一个抉择，我决定只收入那些与文化概念有直接而明显关系的论文。事实上，这些论文的大多数不是理论探求而是经验研究，因为当我离社会生活的直接体验太远时，我就会感到不舒服。但是所有的论文基本上都是通过一个又一个的实例，来提出一个独特的——别人也许会认为是奇怪的观点来阐明什么是文化，它在社会生活中扮演了什么角色，以及应该如何恰当地研究它。虽然重新定义文化是我作为人类学家最持久的兴趣，但是我也在经济发展、社会组织、比较史学和文化生态学领域里做了一些拓展——为了避免离题太远，本书就没有反映这些关注。因而，我希望，这一组论文看起来就像是一篇通过一系列具体分析而得来的论文，不要仅仅是一种“尔后我写道……”这样的对有些漂泊的职业生涯的回顾。这本书要进行论证。
第二个抉择不大容易处理。一般来说，我对发表过的文章采取一种ｓｔａｒｅ ｄｅｃｉｓｉｓ（维持原样）的态度，即使仅仅是因为如果这些论文需要很大的修改，那就完全不应该重印它们，而应代之以能纠正错误的全新论文，也应这么做。况且，把改变了的观点写进早先的著作中来纠正自己的错误判断，在我看来不太光明磊落。这样做会模糊了选编自己的论文时首先想揭示的思想发展进程。
不过，即便如此，虽然争论的实质不受严重影响，但要是对原文一字不改，传达的就是过时的信息或因与现在已淡化的一系列事件联系过于紧密而削弱了现在还有效的讨论，在这种情况下，似乎还是有正当理由，回过头去做一些校订。
在后面选收的论文中，有两处与我上面的考虑有关，因而我就对原来写的东西做了些修改。第一处是第二编中的两篇关于文化与生物进化的论文，原文给出的化石年代已被确切地替代了。这些年代，一般说是向前推了，这一变化基本上未触动我的核心论证，我认为引入比较新的测算没有坏处。在考古学已经发现四百万或五百万年前的化石后，再说南方古猿（Ａｕｓｔｒａｌｏｐｉｔｈｅｃｉｎｅｓ ）可以追溯至一百万年前就没有多少意思了。第二处与第四编第十章《整合式革命》有关，自这篇论文在本世纪六十年代写作以来，新国家历史的潮流——如果它应该这么称呼的话——已使其中的一些内容读起来很古怪。既然纳赛尔已经去世，巴基斯坦已经分裂，尼日利亚已经非封建化，共产党已从印度尼西亚的政治舞台上消失，如果写得仿佛这些事件没有发生过似的，会给讨论带来不真实的感觉，而且即使现在不是尼赫鲁而是尼赫鲁的女儿在领导印度，马来亚共和国已经扩大为马来西亚联邦，这个讨论我认为还有意义的。因此我在这篇论文中做了两类修改。第一，我变换了时态，引入了从句，添加了一两处脚注等等，从而在使论文的正文读起来不太像过去的十年没有出现过一样。但是我没有为了增强论证而改变任何实质性的东西。第二，我给每一个历史实例都增加了一段内容，概括自这篇论文写作以来与之有关的发展——而且清楚地与实例正文分开，以此来明确指出，假如有任何事件发生，它的发展显示出在这篇论文中以早先的事件为根据的讨论仍然与剔除过时事件（ Ｒｉｐ Ｖａｎ Ｗｉｎｋｌｅ）的影响有关。除了一些印刷和语法上的小更正（以及为索引风格一致所做的修改），本书的其他内容基本上没变。
不过，我增加了新的一章，即第一章，尽可能概括地表明我现在采取的立场。因为各章讨论的观点跨越十五个年头，在引论性的第一章中讨论某些事情的方式的确与出现在重印的某些其他章中的方式有些不同。我早先的一些关注——比如功能主义——现在在我的思想里已不太突出；而一些后来的关注——比如符号学——现在更突出了。但在我看来，这些论文中的思想走向是相对连贯的——它们的排列是按逻辑顺序而非年月顺序，而第一章代表的是一种努力，要更清楚、更系统地说明这一思想走向是什么：总之，努力说出我一直在说的东西。
我删掉了论文中原有的所有致谢，那些帮助过我的人知道他们帮助过我，并且也知道给我的帮助有多么大。我只能希望他们至今还知道我也知道这些帮助。而我不再忙乱地提及他们，代之以对三个出色的学术机构的真诚的感谢：哈佛大学社会关系系，我在那里受过训练；芝加哥大学人类学系，我在那里教了十年书；普林斯顿高等学术研究所，我现在在那里工作。在美国大学系统被抨击为不合潮流或日益恶化的时刻，我只能说，它 一直是一份拯救我的礼物。
(克利福德·格尔茨 一九七三年于普林斯顿)",https://img3.doubanio.com/view/subject/l/public/s1237497.jpg,1999年11月1日,https://book.douban.com/subject/1093249/,8.7,,4,翻译的水平层次不齐。斗鸡那篇应该算名篇了，看过英文原文表示原文不好读，翻译过来应更佶屈聱牙。然后翻到这本书的斗鸡，一看是郭于华老师译的，就放心了，事实证明，读来感觉也还不错？,,2018-04-02 01:43:34,（美）克利福德·格尔茨 / 1999年11月1日 / 译林出版社
1233960211,中国国家治理的制度逻辑,关于中国国家的治理逻辑，本书主要沿着两条脉络进行探讨：一是中央权威与地方政府之间的关系，这体现在各级政府体制的制度设施和行为方式；一是国家与民众之间的关系，这体现在国家与社会群体的相互影响上。本书从学术上推进了当前国内的国家治理研究，并为社会科学研究者提供了一种可以参照 的研究路径和视角。,https://img3.doubanio.com/view/subject/l/public/s29399593.jpg,2017-3-1,https://book.douban.com/subject/26901114/,9.3,,5,,,2018-03-30 21:53:27,周雪光 / 2017 / 生活·读书·新知三联书店
1348811480,城市里的陌生人,中国的改革开放造就了人类历史上罕见的大规模人口流动，在三十年的时间里，超过两亿中国农民离开家乡，进入城市寻求务工、经商的机遇。这一现象深刻地影响了当代中国的政治经济结构以及文化再生产。本书所展示的，是人口流动所引发的空间、社会关系重构，以及跨区域联系网络的建立。通过展现一个典型的外地人口社区——北京丰台“浙江村”的发展、繁荣、拆除、重建，作者展现了后毛时代（post-Mao era）中国社会治理模式的转变以及私人社会空间对传统管理制度的挑战。本书挑战了“市场胜利、国家撤退”的简化论，强调要从更为复杂的日常实践和持续的变迁当中去理解当代中国的“国家-社会”关系。,https://img3.doubanio.com/view/subject/l/public/s27199517.jpg,2014-1,https://book.douban.com/subject/25807475/,8.6,,5,和涛哥一起文本细读。作者靠谱，译者也靠谱（如果不计较将“乐清”写成“岳清”的话）。优秀的人类学著作一定建立在作者扎实的民族志上（如果民族志这一环节没做好，后期回天乏力）；同时，一定要有开阔的理论视野，就不仅仅停留在描述意义上了！,,2018-03-29 00:44:33,[美]张鹂 / 2014 / 江苏人民出版社
1044158230,阁楼上的疯女人,"当简•爱和罗切斯特跨越身份地位的差异，终于站在神父面前要宣誓结合时，一个疯女人的出现粉碎了简•爱的一切梦想，这个疯女人就是罗切斯特的妻子——伯莎。这个疯女人毁掉了庄园，弄瞎了罗切斯特，自己也葬身火海，但也因此成全了简•爱与罗切斯特的姻缘。
本书问世前，大多数读者对伯莎这 个疯女人并不太重视，自从有了本书，人们忽而重新发现了一个类别。这些疯女人公然无视“妇道”，花枝招展、野心勃勃、作恶多端、自取灭亡……但本书作者桑德拉•吉尔伯特和苏珊•古芭告诉我们，每个温顺善良的女人背后，都或多或少拖着一个癫狂的影子。她们将这个疯女人从阁楼上请下来，就是为了抨击父权主义文化对女性的精神束缚。
《阁楼上的疯女人》被誉为20世纪女性主义文学批评的《圣经》，也是当代美国文论中的经典。在这部著作中，作者重读了19世纪著名女作家如简•奥斯汀、玛丽•雪莱、勃朗特姐妹、艾米莉•狄金森等人的作品，打破了民族、地域与时间等多方面限制的疆界，将19世纪的英美女性文学视为一个整体进行了综合研究，梳理并归纳了构成19世纪英美女性文学传统中一系列重要的意象、象征与隐喻，如天使、魔鬼、月光、水、面纱、蛛网等等。
此书自问世以来，以其激进的批评姿态和对19世纪英美女性文学的全新阐释，对西方文学与文化研究产生了深远的影响。",https://img1.doubanio.com/view/subject/l/public/s28005279.jpg,2015-2,https://book.douban.com/subject/25986620/,8.9,,3,本科的时候很吃这一套。现在长大了，觉得这样的批评方式空对空，没有现实意义。这本书带来的“坏”影响是，部分模仿者机械地批评，在文本中死命找寻一些父权压迫的影子，牵强附会。我理解两位作者作为女性的焦虑，也敬佩她们在应对各种批评（甚至直接冲淡/消解问题）时，坚持自我主张的勇气。可是，这都激不起我的触动，没啥共鸣可言。,,2018-03-15 18:51:46,[美] S.M.吉尔伯特 [美] 苏珊·古芭 / 2015 / 上海人民出版社
1340147743,参与观察法,"《参与观察法》在西方社会科学界长销不衰，已逐步成为一部得到广泛认可的经典工具书，也是我国内地在参与观察法方面的第一本译著。
《参与观察法》作者长期使用参与观察方法开展研究。基于其丰富的研究经验，他在书中既简要地讨论了参与观察法的方法论基础，以及适合的领域与局限；又翔实地讲解了这种方法实际操作的基本程序与具体技术，并展示了许多参与观察法研究的成果，提供了大量实用、有趣、新鲜、富于启发的信息。
《参与观察法》适合于管理学、社会学、人类学、教育学等社会及行为科学领域的研究人员和研究生阅读。",https://img2.doubanio.com/view/subject/l/public/s5990441.jpg,2009-1,https://book.douban.com/subject/3555821/,7.3,,4,,,2018-03-12 16:16:13,丹尼·L.乔金森 / 2009 / 重庆大学出版社
1338286031,公共人的衰落,"作为汉娜•阿伦特的学生和于尔根•哈贝马斯的好友，理查德•桑内特和他们两个人鼎足而立，分别代表了西方公共生活理论的三种各不相同的学派。《公共人的衰落》正是桑内特研究公共生活的扛鼎之作，也是他的成名之作。
《公共人的衰落》具体展示了现代社会特有的公共生活现状，从城市人口、建筑交通、户外空间、环境失衡等方面揭示出人们的紧张和焦虑，由此证明了现代社会普遍存在的自我迷恋是公共生活衰落的结果，而公共生活的衰落，则是入侵公共领域的人格引起的。全书通篇对此观点作了细致精辟的分析和论述。作者追述了18世纪以来西方城市发展的历史，对宫廷、布尔乔亚阶级、市民阶层的社会存在和交往进行了广泛的涉猎：从文学、宗教、艺术到戏剧、音乐，再到服饰、话语、视觉、人格、角色。其中不乏对著名作家巴尔扎克、狄德罗、卢梭等人的分析。最后还指出了人们应当积极参与公共活动，在社会中主动积极地追求自身的利益。
对于正处在转型期间的中国来说，这本经典的社会著作有助于我们理解当今中国社会——尤其是北京、上海等大城市——中公共领域和私人领域之间界限模糊的问题，具有很高的学术和借鉴的价值。",https://img1.doubanio.com/view/subject/l/public/s3164620.jpg,2008-7,https://book.douban.com/subject/3134906/,7.9,,4,,,2018-03-09 14:21:05,理查德·桑内特 / 2008 / 上海译文出版社
1336167260,礼物的流动,"天上下雨地上滑，
各人摔倒各人爬。
亲戚朋友扶一把，
酒换酒来茶换茶。
美国亚洲学会列文森奖得主 文化人类学教授 阎云翔 成名之作
生育、婚礼、拜寿、丧礼；定情、求助、付酬、拍马
世界上所有的社会都逃不开礼物交换。
从每个家庭都有的“礼单”出发，
一路洞察“人情”与“面子”，处于关系网络中的中国社会。
----------------------------------------------------------------------------------
《礼物的流动》是阎云翔根据其博士论文而改写的专著，主要关注了人类学领域中一个十分经典的研究问题，即礼物交换。作者在黑龙江省一个农村生活了七年，并为撰写本书又两度回访。通过参与观察、深描等人类学方法，关注村民在日常生活中的礼物交换及其文化意义。阎云翔在更新了传统人类学关于该问题的经典解释理论的同时，也揭示了中国传统社会中“非制度化”的特点，并探讨了农村社会的社会结构。",https://img9.doubanio.com/view/subject/l/public/s29360916.jpg,2017-4,https://book.douban.com/subject/26951502/,8.4,,4,整体上没有太多惊喜。继承了法国社会学派第二代大师莫斯关于礼物的理论，又观察到在中国背景下，礼物和人情、关系、面子等等的复杂关系；除了双向流动的互惠形态，礼物的流动还表现为非对称地单向馈赠，并指出礼物的社会整合功能：表现性和功利性。不过我觉得还有很多问题值得展开，意犹未尽，比如礼物的现金属性，在中国，有很多场合下是直接送钱，钱的数目有讲究，暗含某种寓意；在某一场合下受礼，礼尚往来，在相似的场合下还礼的行为本身也值得研究……,,2018-03-05 15:46:31,阎云翔 / 2017 / 上海人民出版社
1320972326,政治与文学,"简介：

乔治·奥威尔不仅是二十世纪最摄人心魄的对抗性作家，他的散文和评论随笔被很多人认为甚至比他的小说还要精彩。本书收录了奥威尔最有影响力的文学随笔共三十二篇，通过这些观点鞭辟入里、风格明晰简练的檄文，奥威尔想让我们发现，我们自己是如何思考的；想让我们知道，我们真实的感受到底是什么；他还想让我们理解，我们到底是谁。



导读：

多一个人读奥威尔，就多了一份自由的保障。
——安东尼·伯吉斯

奥威尔的写作深深刺穿了知识分子的伪善。
——本·瓦滕伯格

与那些先意承旨、揣摩风向、首鼠两端的知识分子用貌似深奥的花言巧语讨好权力不同，他（奥威尔）从不谄媚权力，他的文字清晰、准确、简洁，如同一扇明净的玻璃窗。透过他的文字，我们看到他所生活的那个真实世界和他的真诚思考。
——徐　贲
",https://img1.doubanio.com/view/subject/l/public/s6382708.jpg,2011-5,https://book.douban.com/subject/6042374/,9,,5,当头痛击。,,2018-02-09 00:20:55,[英] 乔治·奥威尔 / 2011 / 译林出版社
1043821578,反对阐释,《译文随笔:反对阐释》是苏珊•桑塔格最著名的文集之一，是奠定其美国“现有的目光最敏锐的论文家”地位的成名作，评论的锋芒遍及欧美先锋文学、戏剧、电影，集中体现了“新知识分子”“反对阐释”与以“新感受力”重估整个文学、艺术的革命性姿态和实绩。,https://img9.doubanio.com/view/subject/l/public/s6781136.jpg,2011-6,https://book.douban.com/subject/6509874/,8.9,,5,本科的时候读到《反对阐释》时就很欣赏她，当时还配合着《论摄影》读。在图书馆借了她的很多文集读，可惜没读完。她涉猎非常广，文学、戏剧、电影等等都要评点一番。可就算这样，人家还是很有洞见，写出来的东西又十分“读者友好”，不愧才女。,,2018-02-08 00:59:54,【美】苏珊·桑塔格 / 2011 / 上海译文出版社
1257057430,想象的共同体,本书作者将比较史、历史社会学、文本分析与人类学融于一体，提出一个解释民族与民族主义问题的具有哥白尼革命特质的新理论典范，把民族、民族属性与民族主义视为一种“特殊的文化的人造物”作为研究起点，而民族这种特殊的人造物就是“想象的共同体”。接着论证了民族主义是如何从美洲最先发生，然后再向欧洲、亚非等地逐步扩散的历史过程。,https://img2.doubanio.com/view/subject/l/public/s29034301.jpg,2016-8,https://book.douban.com/subject/26810557/,8.6,,4,,,2018-02-01 15:12:41,[美] 本尼迪克特·安德森 / 2016 / 上海人民出版社
1276358679,社会研究方法,迄今所见中文社会研究方法书中最好的一本，极力推荐研究生教学中采用。理清了许多问题，对定性和定量的对比非常精彩。,https://img9.doubanio.com/view/subject/l/public/s2932505.jpg,2007,https://book.douban.com/subject/2049392/,9.1,,4,,,2018-02-01 15:12:07,[美]劳伦斯·纽曼 / 2007 / 中国人民大学出版社
1258544790,公共知识分子,这本书对公共知识分子的范围进行确定，阐述其类型、形式和风格，阐述了公共知识分子市场，并对作为公共知识分子的文学评论家等进行研究。,https://img1.doubanio.com/view/subject/l/public/s4248889.jpg,2002-12,https://book.douban.com/subject/1424341/,8,,4,法官的文学修养这么好，这就是差距。,,2018-01-07 20:29:29,[美] 理查德·A. 波斯纳 [美国] 理查德·波斯纳 / 2002 / 中国政法大学出版社
1283027460,神风特攻队、樱花与民族主义,"二战末，尽管日本正面临战败，为什么一万多名受过高等教育的“学生兵”自愿加入“神风特攻队”的行列？在这部关于日本极权主义意识形态中象征主义和美学的角色的迷人研究中，大贯惠美子展示了国家如何操纵日本人历史悠久的樱花的象征，来说服人们为天皇“如美丽的飘零的樱花”那样死去是一种荣誉。
依据从未用英文发表的日记，大贯惠美子描述了这些年轻人的痛苦，甚至是对帝国意识形态的反抗。这些神风特攻队员们热情地献身于世界主义的知识传统，因此他们不是以军事眼光来看待樱花，而是视之为一种痛苦的美丽以及他们悲剧性信仰生活的未解心结的象征。以日本为例，作者重新理解了象征交流、民族主义和极权主义意识形态及其实际的运作。",https://img3.doubanio.com/view/subject/l/public/s29108543.jpg,2016-10-1,https://book.douban.com/subject/26800340/,8.7,,3,我个人的观感是材料堆砌，没有层次感，不能很好地说服我（比如书籍和音乐对特攻队成员的影响真的如此巨大吗？为啥通过人家读的书就认定人家是自由主义者？我也读了很多自由主义的书但我不是自由主义者……）中规中矩，洞见不多，比较吸引我的是第四部分。,,2018-01-05 23:55:24,大贯惠美子 / 2016 / 商务印书馆
1261666193,表达自由的法律限度,这是一本同时具有严肃凝重的学术内容与通俗易懂的小说效果，能让您始终怀着激情一读到底且意犹未尽的书，也是一本影响了美国有关言论自由的著名司法判决的书。这就是由美国著名学者亚历山大.米克尔约翰所著、候建先生翻译，并由贵州人民出版社2003年出版的公法译丛中的《表达自由的法律限度》。虽然全书不足十万字，但透过其细致深刻和富有逻辑的论证和反思，我们似乎在事实与规范之外感受到保障具有公共性质的表达自由的更多价值与现实意义。,https://img9.doubanio.com/view/subject/l/public/s23596856.jpg,2003,https://book.douban.com/subject/1657408/,8.7,,5,,,2017-12-30 00:35:32,[美] 亚历山大·米克尔约翰(Alexander Meiklejohn) / 2003 / 贵州人民出版社
1295324424,小说修辞学,,https://img9.doubanio.com/view/subject/l/public/s1797804.jpg,1986,https://book.douban.com/subject/1856332/,8.7,,4,,,2017-12-29 11:01:42,韦恩·布斯 / 1986 / 北京大学出版社
1285135885,知性乃道德职责,本书是二十世纪五十年代纽约知识分子观念的缩影，特里林采用了一条更宽广的途径——文学与文化的交叉研究，来应对当时的新批评主流。通过这些不同凡响的文章，特里林向我们展示了一位非同寻常的批评家形象：他充满哲学动机而尊重文本，对历史敏感而不受其束缚，受艺术的熏陶而并不崇拜它，尊 崇思想而怀疑理论。本书汇集了特里林从1938年到1975年间最有影响力的三十二篇文章，多数已作为经典被大量引用，具有重要影响。,https://img3.doubanio.com/view/subject/l/public/s6961257.jpg,2011-9,https://book.douban.com/subject/6873431/,8.8,,5,,,2017-12-24 01:06:02,[美]莱昂内尔·特里林 Lionel Trilling / 2011 / 译林出版社
1291720538,修辞的复兴,"以《小说修辞学》一举成名的韦恩·C.布斯，其一生的浩瀚著述已成为文学研究领域的一座巨大宝藏。本书撷取了其中最耀眼的十几颗经典之珠，汇成了一部“精华中的精华”，从各个层面展现了这位举足轻重的批评家对文学、修辞学等多个研究领域的重要贡献，其充满智慧的哲思和雄辩有力的文风更是发人深省，振奋人心。
作为韦恩·C.布斯漫长而荣耀的学术生涯的完美总结，本书是一部意义深远的纪念之作，它将带领我们更好地去探索听与说、读与写之艺术。",https://img3.doubanio.com/view/subject/l/public/s3762472.jpg,2009-5,https://book.douban.com/subject/3689103/,7.9,,3,翻译极差。,,2017-12-24 01:05:36,[美] 韦恩·布斯 / 2009 / 译林出版社
1285232012,向加泰罗尼亚致敬,"作者是位享誉世界的作家，这部小说堪称他的“西班牙内战亲历回忆录”。在西班牙内战中，他参加了西班牙加泰罗尼亚的民兵组织，以战争亲历者的身份描绘了战争的艰辛、民众的热情、局势的变幻、媒体的歪曲、信仰的危机等等，提供了翔实可信的战争经历，让人们从事实的角度去理解战争。在诉说自己感受的同时，作者冷静地剖析了战争的表象与实质，传达了“向加泰罗尼亚致敬”的主题思想,就是这场战争所带来的意义,是让人们更加坚信人类的高尚品质。本书文风简洁凝练,在静默的言说里蕴含着巨大的动人力量。",https://img9.doubanio.com/view/subject/l/public/s1761715.jpg,2006-3,https://book.douban.com/subject/1754836/,8.8,,5,奥威尔不是大家，不是天才，人们却很爱读他的作品。,,2017-12-12 21:23:30,[英] 乔治·奥威尔 / 2006 / 江苏人民出版社
1278281098,论边沁与柯勒律治,《论边沁与柯勒律治》是有关19世纪英国文学和思想的名著，也是有关这一段文学史的基本读物。在书，穆勒富于创见地将文学家柯勒律治和哲学家边沁相提并论，分析了19世纪英国乃至西欧文学的基本特点和内在矛盾，抓住了功利主义与浪漫主义的冲突，并结合自身的精神发展历程予以评价，语言平易，切中要害，时有新颖之见，备受20世纪各派文评家推崇。,https://img9.doubanio.com/view/subject/l/public/s3556856.jpg,2009-1,https://book.douban.com/subject/3431936/,8.2,,,,,2017-12-12 17:11:24,约翰·穆勒 / 2009 / 上海人民出版社 世纪文景
1282093117,杜威全集·晚期著作（1925-1953）,《杜威全集·晚期著作（1925—1953）：第二卷（1925—1927）》以杜威的思想发展历程为线索，分为青年、中年、晚年三大部分，全面收录了杜威一生中在哲学、教育学、心理学、社会学等领域所撰写的文章与专著。这项浩大的工程为人们重新研究和挖掘杜威丰富的思想内涵提供了更为充足的一手资料，为将对杜威思想的研究推到了一个更高的平台奠定了坚实的基础。,https://img9.doubanio.com/view/subject/l/public/s29479004.jpg,2016-3,https://book.douban.com/subject/26791967/,7.2,,3,如果要掌握逻辑线索，直接移步每一篇目的最后一段。,,2017-12-09 21:32:18,[美] 约翰·杜威 / 2016 / 华东师范大学出版社
1283669561,中国报学史,《中国文库•哲学社会科学类:中国报学史》是中国第一部报刊史专著，也是首次将报刊史的研究作为一门学科的著作，是中国近现代文化史、思想史研究中很重要的一《中国文库•哲学社会科学类:中国报学史》，具有重要的学术价值和文献价值。作者态度严谨，广泛收集了报学史相关的材料，精研覃思，用力弥深。《中国文库•哲学社会科学类:中国报学史》由生活•读书•新知三联书店2011年最新出版。,https://img2.doubanio.com/view/subject/l/public/s10351941.jpg,2011-9,https://book.douban.com/subject/10772930/,9.1,,4,,,2017-12-09 21:30:30,戈公振 / 2011 / 生活·读书·新知三联书店
1276261660,文化与无政府状态,阿诺德去世时，已被公认为维多利亚英国的文化主将；《文化与无政府状态》成为传世之作，是因为阿诺德在介入具体论争时所表现的广阔的视野和深厚的思想文化底蕴，因为他在英国向现代社会转型的时期所提出的问题至今仍是无法绕过去的重大问题，也因为他发明的不少标语式词语早已进入核心英语，成为英语世界受教育者的常识性认识。,https://img1.doubanio.com/view/subject/l/public/s1235029.jpg,2002-01,https://book.douban.com/subject/1080395/,7.9,,4,一个精英主义的视角，阿诺德发明的语汇，其毒舌程度也是没谁了。贵族（野蛮人）、中产（非利士人）和平民（群氓）三大阶层无地自容。最后，被雷蒙德·威廉斯认为他的思想走向了混淆和崩溃，大概是“最优秀的自我”行不通？,,2017-11-25 15:03:11,阿诺德(英).韩敏中译 / 2002 / 生活·读书·新知三联书店
1275380175,Emerging Adulthood,"In recent decades, the lives of people in their late teens and twenties have changed so dramatically that a new stage of life has developed. In this provocative work, Arnett identifies emerging adulthood as distinct from both the adolescence that precedes it and the young adulthood that comes in its wake. Rather than marrying and becoming parents in their early twenties, most people in industrialised societies now postpone these transitions until at least their late twenties, spending these years in self-focused exploration as they try out different possibilities in their careers and relationships. Emerging adults face the challenge of defending their new and longer road to adulthood to parents and others who entered adulthood at an earlier age in a different time. In spite of these challenges, Arnett's research shows that emerging adults are particularly skilled at maintaining contradictory emotions - they are confident while being wary, and optimistic in the face of large degrees of uncertainty.Merging stories from the lives of emerging adults themselves with findings from years of research, Arnett covers a wide range of topics, including love and sex, relationships with parents, experiences at college and work, and views of what it means to be an adult.",https://img1.doubanio.com/view/subject/l/public/s18628779.jpg,2004,https://book.douban.com/subject/2843079/,7.2,,4,成年初显期，在世界范围内都有共性。Arnett的描述放在我们国家，似乎有些乐观。,,2017-11-24 23:34:22,Jeffrey Jensen Arnett / 2004 / Oxford University Press
1274682305,论扯淡,法兰克福在《论扯淡》里，劈头就是一句结论：在我们的文化里，最突出的特征之一就是：有太多的人在“扯淡”。虽说扯淡无处不在，却没有一种学说，一个理论来剖析他，他的主旨不在于提供一个理论模型来解析扯淡，而是探讨现今社会何以充斥着言不由衷的扯淡。文中，作者以哲学的辨证方式，开宗明义地区别了“扯淡”与“说谎”。扯淡不是说谎，却是真理最大的敌人。因为说谎的人知道何者为真，却讲的是假话。而扯淡的人既不关心何者为真，也不关心何者为假，只在乎自身利益。这种认为无论事实真相如何都没有差别的态度，就是扯淡的本质。法兰克福在书中将矛头直指当今社会，他指出，扯淡之所以充斥我们的社会，与当代民主社会和市场经济里的种种扭曲不无干系，它助长了扯淡的膨胀，特别是在政治、道德和宗教等分配权益的关键领域，在那里既难以有真伪的辨别，而追求真伪辨别又有风险和麻烦。靠扯淡来搪塞、敷衍、扭曲、误导遂成为权宜之计，更有蔚为主流的趋势。,https://img2.doubanio.com/view/subject/l/public/s2956331.jpg,2008-1,https://book.douban.com/subject/2975939/,7.4,,4,很有意思的一本书。读完后真的瑟瑟发抖，因为它在向在座各位开炮，学界、政界、商界无一幸免。,,2017-11-23 16:08:49,[美] 哈里·G·法兰克福 / 2008 / 译林出版社
1269578818,偶然、反讽与团结,《偶然反讽与团结》是美国著名实用主义哲学家罗蒂的代表作之一，从传统哲学企图结合公共领域与私人领域的问题性出发，指出西方传统上一直想要利用超历史的普遍人性的观念，将公共的正义和私人的完美统合起来。,https://img9.doubanio.com/view/subject/l/public/s1750534.jpg,2003-1,https://book.douban.com/subject/1271862/,9.2,,5,非常值得读。把第四章读了两遍。更理解所谓的反讽的自由主义了。反讽主义者是开放的，他持有一套终极语汇，但对其他语汇保持开放的心态。自由主义者是在做自己想做的事的同时，避免残酷。,,2017-11-23 01:04:20,理查德·罗蒂 / 2003 / 商务印书馆
1260952635,国家与社会革命,在本书中，斯考切波要揭示的是，国家结构、国际力量和阶级关系这三种要素是如何结合在一起，共同导致了社会革命转型的起源与成就。从18世纪90年代的法国到20世纪70年代的越南，社会革命虽然很少发生，但却在现代世界历史上具有无可否认的重要性。《国家与社会革命》提供了一种新的参照框架，以分析这种革命的原因、冲突和后果。而且、该书对三个主要的案例进行了深入而严肃的比较历史分析，这三个案例是：从1787年到19世纪初期的法国革命、从1917年到20世纪30年代的俄国革命和从1911年到20世纪60年代的中国革命。&nbsp;&nbsp;&nbsp;&nbsp;作者认为，现有的革命理论，不适合用来解释革命的实际历史模式。因此，作者力促我们采用一种新的分析视角。她主张进行结构性论而非意志论的分析，强调跨国性世界-历史背景对国内政治冲突的重要作用。首先，她坚持认为，国家应该被看成是一套行政和强制组织、在阶级控制和阶级利益面前具有潜在的自主性，因此，在解释社会革命时，必须把国家置于核心地位。&nbsp;&nbsp;&nbsp;&nbsp;为了解释法国、俄国、和中国旧制度的导向革命性政治危机的内在矛盾，斯考切波主要集中考察了国家在两个方面的基本关系：一方面是国家的统治者及其官员与国际竞争者之间的关系；另一方面是国家的统治者及其官员与支配阶级之间的关系。在解释革命的后果时，她着重关注的是，在阶级冲突和反革命军事威胁的背景下，革命领导集团建立新国家组织的方式。在革命政权得以巩固之后，她强调的是国家权力被用来改造社会的方式。在社会革命转型的模式方面，法国、俄国和中国被当成是基本类似的案例。对那些把法国革命当成是典型的资产阶级革命、或者是把俄国革命基本上看成是无产阶级的社会主义革命的理论家而言，作者的这种观点必然会引出激烈的争论。,https://img9.doubanio.com/view/subject/l/public/s2513444.jpg,2007-3,https://book.douban.com/subject/2048787/,8.4,,3,学习方法论，读这本书很好，功利地说，它教你如何“发文”。但相较于散文式写作，这本书的确写得“不好看”。一位社会学家可以把论文的结构框架搭得如此严丝合缝，让人找不出批评的点，她说得一切你都觉得make sense，然而，往深了想，这样写是否是一种学科的规训？折损着人文社科的想象力？,,2017-11-04 09:51:17,(美)西达·斯考切波 / 2007 / 上海人民出版社
1263783929,诗性正义,努斯鲍姆教授在本书中论证了小说等文学作品通过使人们对于异于自己的他者生活的体味与同情，扩展勒那种有助于公共生活决策的想象力。本书传达的核心观念是，对于适当的公共话语和一个民主社会来说，文学想象是一个不可或缺的有机组成部分。作者特别强调了文学与人文教育对于公共生活和国家的重要性。,https://img9.doubanio.com/view/subject/l/public/s6105385.jpg,2010-1,https://book.douban.com/subject/4175388/,7.6,,4,这本书，正如书名所示——诗性正义，是努斯鲍姆一贯主张的体现：在以计算、效率为规范的经济学功利主义和法律经济学的指引下，文学情感及想象应作为此类公共理性的有益补充。这是一种人文主义的美好理想。,,2017-11-01 11:31:34,玛莎·努斯鲍姆 / 2010 / 北京大学出版社
1247096645,善的脆弱性,《善的脆弱性:古希腊悲剧和哲学中的运气与伦理》是纳斯鲍姆的成名作，内容丰富详实，论证严谨而有条理。虽然看上去很厚重，却是关于人的日常生活最基本的问题：人的品格的好坏是否会受到外界环境的影响？感性和理性在好的人类生活中地位如何？作者在古希腊的悲剧与苏格拉底、柏拉图和亚里士多德哲学中寻找答案。显而易见，在这位极富影响的女哲人心目中，“人，唯其脆弱，才有力量，才有美，才有卓越和高贵”。,https://img2.doubanio.com/view/subject/l/public/s2922551.jpg,2007-9,https://book.douban.com/subject/2284288/,9,,5,,,2017-10-29 19:29:38,玛莎·纳斯鲍姆 / 2007 / 译林出版社
1261019152,共同体,"“共同体”这个词传递的感觉总是很美妙的。共同体是一个温暖而舒适的场所，一个温馨的“家”，在这个家中，我们彼此信任、互相依赖。
然而，“共同体”不是一个已经获得和享受的世界，而是一种我们热切希望栖息、希望重新拥有的世界。这是一个失去了的天堂，或者说是一个人们还希望能找到的天堂。
要成为共同体中的一员，就要付出代价。共同体体现了安全感，但同时也剥夺了我们自由。确定性和自由是两个同样珍贵和令人渴望的东西，它们可以或好或坏地获得平衡，但不可能永远和谐一致。确定性和自由、共同体和个体之间的冲突，永远也不可能解决，但我们可以对存在的机遇和危险作出评估，至少可以避免重蹈覆辙。
在本书中，齐格蒙特·鲍曼评估了上述的机遇和危险，并以其与众不同和充满睿智的方式，提出了重新评估的概念，这正成为当前关于社会的本质和未来的争论的核心概念。
齐格蒙特·鲍曼是利兹大学和华沙大学的荣誉退休社会学教授，当代著名思想家。
本书内容有：坦塔罗斯的痛苦；重新植根被根除之物；分离的时代，或第二种型式的伟大转变；成功者的脱离；共同体主义的两个渊源；承认权和再分配权；从平等到多元文化主义；结果：隔离区；多种文化，一种人道？",https://img1.doubanio.com/view/subject/l/public/s2614869.jpg,2003-10,https://book.douban.com/subject/1038215/,7.8,,3,当一个人开始不断地复写自己原来写过的东西，你不禁怀疑他是否江郎才尽……,,2017-10-28 16:40:55,(英国)齐格蒙特·鲍曼 / 2003 / 江苏人民出版社
1261247301,身体与社会,"简介

《身体与社会》初版于1984年，你现在看到的是该书的第二个版本。此书的作者布莱恩.特纳把关于身体的研究从最基础的医学身体层面上升到精神身体的层面。正如作者在第二版序言里所述：“随着《身体与社会》第二版的出版，应该及时思考人文学科及社会学科中对人类身体与体现(embodiment)进行艺术再现这个问题。”为了达到这一目的，作者充分运用了其广博的知识，从梅洛.庞蒂的以身体为基础的存在现象学到弗洛伊德的精神分析学，从社会学到女性主义，都为作者提供了理论源泉。全书共分十章，从医学、社会学、宗教学、伦理学的观点讨论了包括厌食症和恐旷症的历史，对基督教对待人类性事的态度的批判以及人的身体在游戏和欲望中的作用等具体问题。除此之外，作者还提出了身体社会学家们在未来的研究课题以及应该优先考虑的一些主题。

序言

《身体与社会》一书综合了社会学、文化人类学、精神分析学、女性主义等领域的研究成果，糅合了梅洛.庞蒂、费尔巴哈、青年马克思、福柯、弗洛伊德等大师的理论，力图把身体的研究从简单的肉体层次提高到更高的层面。

内容摘要

身体问题处于社会理论的重要问题的交接点上。自从新康德主义运动以来，社会学的认识论问题集中在人类在自然和文化中的双重成员身份（the dual membe hi）上。人的身体屈从于诞生、衰弱和死亡等过程，但是源于身体在自然界中的存在的这些过程也是位于文化信仰、符号和实践世界中的“有意义的”事件。在个体层面上，我的身体是被体验的一种极限环境，但是我们的意识也表现我既拥有身体，又是身体。这种区分的部分内容可以通过疾病和病痛之间的差异加以说明。我们可能称一个患股骨头坏死的人患有股骨变性，在这种情况下，股骨生病（diseased）但未有病感(sick）。类似地我们可以说苹果生病，但不能说它感到病痛（ill）。“病痛”（illness）和“病感”（sickness）这样的概念是用于描述个人的状况的社会一文化范畴而不是描述人的肌肉、骨骼和神经。疾病不是一种社会角色，但它使得将“病感角色”看做带有适宜行为标准闭社会立场变得有意义(Parsons,1951)。由此可认为我不但感到病痛（illnes），而且我“做”怕（do）或表现出我的病痛，这似乎言之成理。对笛卡见主义进行的现象学批判的价值在于表明意识是体现的也是意向性的。

在社会学看来，现象学的局限性是由它对我的身体和他者的身体的排他性的关注所决定的。身体总是由社会形成并由社会定位的。如何做男人或女人是一种社会界定，因为生理学总是以文化为中介的。正如福柯（1980b）所表明的那样，拥有一个“真正”的性属是医学/文化实践的产物，就阴阳人而言，医学/文化实践排除了拥有两性身份的可能性。“畸形”也是由社会建构的（Howell and Ford，1980）。

尽管从真正的现象学意义上说，我们拥有对我们身体的统治权，但是在人口的社会再生产屈从于制度的约束（“乱伦禁忌”）。权力（父权制的形式）、意识形态（欲望与理性的对比）和经济（要求通过家庭、典型地以长子继承制形式稳定地分配财产）意义上而言，这绝不是在真正社会性的。在传统上，社会是在老人统治/父权制结合的情况下组织起来的，其中臣属门的性行为受到上帝、国王、教士和丈夫组成的集体的约束。因此，身体问题不仅仅是认识论和现象学问题，也是有关权幻、意识形态和经济学的争论的理论定位。",https://img3.doubanio.com/view/subject/l/public/s28300567.jpg,2000年3月,https://book.douban.com/subject/1759427/,8.4,,3,自己的观点很少，把别人的观点说了一通。,,2017-10-25 16:03:22,【英】布莱恩·特纳（Bryan S. Turner） / 2000年3月 / 春风文艺出版社
1255691803,忆江南：湖山日历2018,"《忆江南：湖山日历2018》是一本以江南为主题的摄影日历书。宋乐天持续十多年观察、记录、拍摄浙江，尤其是杭州西湖，其摄影作品独具风格，很受欢迎。本日历所选的377张摄影照片，是从她持续十年观察、记录、拍摄江南的数万张照片中精选出来的。
这本日历书以宋乐天的摄影作品为主体，以风光、物候、市民生活为中心，按照四季流转配图，同时配有部分文字，有话则长，无话则短，偏重文化介绍。它既是一本关于江南的摄影作品集，又具有日历的实用功能，还可以作为杭州四季旅游指南，兼具记事功能，可以满足读者多方面的需要。",https://img9.doubanio.com/view/subject/l/public/s29548365.jpg,2017-10-7,https://book.douban.com/subject/27117985/,8.9,,4,快买去送给别人当伴手礼吧？,,2017-10-23 16:35:05,宋乐天 / 2017 / 北京大学出版社
1249433847,公共人的衰落,本书主要探讨了公共生活和私人生活的失衡以及由此给人类生活带来的影响。桑内特对众多历史材料进行了详尽的实证分析。他恢恢乎游刃于历史与现实之间，完美地解答了诸多令人困惑的问题：何以人们会把陌生人视为威胁？为什么时至今日，普通人参与公众生活的惟一方式和途径就是保持沉默，充当听众？而这些反过来又给人们的精神性格造成了什么样的影响？桑内特的结论是，孤独是现代性不可避免的后果，致令个人向私人生活靠拢，而这也就是所谓的公共人的衰落。该书在海外声誉卓著，是历史社会学、社会生活研究等学术领域的扛鼎之作。,https://img9.doubanio.com/view/subject/l/public/s27268905.jpg,2014-1,https://book.douban.com/subject/25770724/,8.1,,,禁欲主义其实不是人们主观上的禁欲，而是人们不知道自己还有这样的欲望。因为欲求得不到满足，由此将对外界的关注转移到自我上，产生了自恋。（这一点算是看明白了）,,2017-10-14 17:23:16,(美) 理查德•桑内特Richard Sennett / 2014 / 上海译文出版社
1255292880,#Republic,"As the Internet grows more sophisticated, it is creating new threats to democracy. Social media companies such as Facebook can sort us ever more efficiently into groups of the like-minded, creating echo chambers that amplify our views. It’s no accident that on some occasions, people of different political views cannot even understand each other. It’s also no surprise that terrorist groups have been able to exploit social media to deadly effect.
Welcome to the age of #Republic.
In this revealing book, Cass Sunstein, the New York Times bestselling author of Nudge and The World According to Star Wars, shows how today’s Internet is driving political fragmentation, polarization, and even extremism—and what can be done about it.
Thoroughly rethinking the critical relationship between democracy and the Internet, Sunstein describes how the online world creates “cybercascades,” exploits “confirmation bias,” and assists “polarization entrepreneurs.” And he explains why online fragmentation endangers the shared conversations, experiences, and understandings that are the lifeblood of democracy.
In response, Sunstein proposes practical and legal changes to make the Internet friendlier to democratic deliberation. These changes would get us out of our information cocoons by increasing the frequency of unchosen, unplanned encounters and exposing us to people, places, things, and ideas that we would never have picked for our Twitter feed.
#Republic need not be an ironic term. As Sunstein shows, it can be a rallying cry for the kind of democracy that citizens of diverse societies most need.",https://img9.doubanio.com/view/subject/l/public/s29408685.jpg,2017-3-21,https://book.douban.com/subject/26897828/,8.3,,,,,2017-10-14 17:17:19,Cass R. Sunstein / 2017 / Princeton University Press
1253444160,论证是一门学问,"《论证是一门学问》不仅能使您在撰写文章和发表演讲时，清晰而有力地阐明自己的观点，还有助于您形成批判性的思维方式和怀疑精神。无论是进行调查研究、阅读论证类文章，还是赢得听众的信任，这本小册子都是您必不可少的有力帮手。简要论证有哪些基本规则？演绎论证有几种类型？因果论证的核心要义是什么？怎样进行概括与总结？如何正确地运用信息来源？口头论证需要更加注意什么？如何避免论证过程中容易出现的谬误？
在这本简短精练的规则手册中，作者大量运用贴近生活的例证，归纳了45条进行论证时需要遵循的规则，以及在论证过程中常见的谬误和隐秘的陷阱，帮助您进行逻辑严谨的论证，得出有说服力的结论。
第一章至第六章讨论如何构建和评估简要论证。简要论证只是简单地提出理由和证据。通常只有几句话或一个段落。我们从简要论证开始是出于以下几个原因。首先。它们很常见：实际上它们极其常见，是人们日常对话的一部分。其次，较长的论证通常是对简要论证的详细说明，或者是将一系列简要论证连在一起。如果你首先学习书写和评估简要论证，那么你就能够把这项技能加以扩展，处理议论文或口头陈述中的详细论证。
第七章带你从整体到局部地研究详细论证，同时你需要思考反对意见和其他可能性。第八章带你从上一步进入议论文写作。然后，第九章补充一些针对口头陈述的规则。同样。所有这些章节都以前六章为基础，因为像这样的详细论证本质上是对前六章讨论的简要论证进行组合和详细说明。
书的结尾有两个附录。附录一列举了各种谬误：这些使人产生误解的论证是如此地迷惑人、如此地常见，它们甚至有自己的名字。附录二提供了构建和评估定义的三个规则。在需要使用它们的时候就请使用吧！",https://img3.doubanio.com/view/subject/l/public/s34563932.jpg,2010-12-24,https://book.douban.com/subject/5399343/,7.9,,3,很快翻完了，也反思了自己在抛出观点时的一些问题。有理有据的说服方式好难，要不断地练习呀。以后也会再来翻翻这本书，挺实用。,,2017-10-07 22:32:01,[英] 安东尼 韦斯顿 / 2010 / 新华出版社
1251671800,致命的自负,"1978年，年届80高龄，与形形色色的社会主义战斗了一生的哈耶克，希望让这场论战有个了断。他设想举行一次正式的大辩论，地点很可能是在巴黎，让社会主义的主要理论家与知识界中赞成市场秩序的领军人物对垒。他们所要讨论的问题是：“社会主义是错误的吗？”赞成市场秩序的人将会证明，不管是以科学、事实还是逻辑为根据，社会主义都是错误的，而且历来如此；本世纪社会主义思想在许多实践领域的应用屡屡遭受的失败，从整体上说便是这些科学谬误的直接后果。哈耶克把支持自由市场的主要论点写在一份宣言里，然后又压缩成了这本小书。
",https://img2.doubanio.com/view/subject/l/public/s4420841.jpg,2000-09,https://book.douban.com/subject/1070007/,8.8,,4,,,2017-10-04 19:36:49,[英] 哈耶克 / 2000 / 中国社会科学出版社
1244602714,诚与真,《诚与真》是特里林1970年在担任哈佛大学诺顿诗歌教授时的演讲集，主要围绕历史中的自我之真诚与真实问题展开，某种程度上浓缩了他此前对诸多作家及文学文化现象的研究与思考。由于涉及众多的文学现象和理论问题，又包容了黑格尔、弗洛伊德有关精神的自我实现及潜意识理论，这部演讲集的思辨色彩很浓。他认为，对真诚和忠于自我的不懈追求在道德生活中占据了一个至关重要的地位；但是，在进一步的变化中，这种地位却被强劲的现代真实观念所篡夺。在整个西方文学和思想领域中比比皆是的例子都暗示着“诚”与“真”这两种观念所引起的矛盾和反讽。,https://img2.doubanio.com/view/subject/l/public/s1952751.jpg,2006-12,https://book.douban.com/subject/1945984/,9.2,,5,很好看。思辨色彩浓厚。在西方文学和思想领域，诚与真所引起的矛盾和悖论多么值得反思。,,2017-09-21 21:32:00,(美)莱昂内尔·特里林 Lionel Trilling / 2006 / 江苏教育出版社
1245682553,本真性的伦理,"查尔斯·泰勒在本书中探讨了当代文化和社会的三个重要特点：个人主义、工具理性的统治，以及人们在当代政治生活中的无助感。他指出在这些问题背后有一个真正值得挽救的道德理想——本真性（authenticity）。泰勒认为，在面临当代社会的窘境时，全盘否定这个道德理想和完全沉湎于这个理想的低级实现形式都是错误的，人们并非无能为力。
像帕斯卡（Pascal）关于人类所说的那样，现代性可以用高贵、也可以用可悲来刻画。只有一种怀抱两者的观点才能给予我们未加歪曲的洞察力，去透视我们需要奋起应付其最伟大的挑战的时代。
——查尔斯·泰勒
———————————————————————————————————————
面对现代个人主义的困境，西方思想界的争论由来已久，也从未停息。但泰勒试图在这场“口齿不清”的混战中另辟蹊径。他通过分析批判两种流行的误解——貌似深刻的文化悲观论与肤浅乐观的放任主义，探讨如何才能恰当地理解和维护个人自主性的理想，致力于从幻觉与误会中拯救这一现代性的伟大成就。
——刘擎，华东师范大学历史系教授",https://img9.doubanio.com/view/subject/l/public/s7661974.jpg,2012-2,https://book.douban.com/subject/7163150/,8.3,,4,作者提出的现代性的三个隐忧（可商榷）：第一是个人主义的危险，意义丧失；第二是在欣欣向荣的工具理性前，目的的晦暗；第三是自由的丧失。,,2017-09-21 21:31:06,[加]查尔斯·泰勒（Charles Taylor） / 2012 / 上海三联书店
1238022202,上海罢工,《上海罢工:中国工人政治研究》从下述三个层面揭示了近代上海工人运动与中国政治的关系。第一层面“地缘政治，1839—1919”，追溯了上海工人力量在地理上与文化上的源流。裴宜理认为早期上海工人的反抗因籍贯的不同而存在差异，第二层面“党派政治，1919—1949”，描述了2 0世纪20－40年代上海工人运动的基本状况，作者指出了外来的组织者是如何被迫接受在他们到来之前即已存在于工人中的传统观念——有时甚至与其思想信仰相抵触（例如有些共产党人开展工人运动的第一步就是加入帮会）。第三层面“产业政治”，对烟草、纺织和运输行业作了颇为详尽的个案研究，从而揭示出不同行业的工人在不同时期针对当时政治形势作出了何等的反应。《上海罢工:中国工人政治研究》为人们展示了一幅中国工人丰富多彩的画像，它的成功立足于大量原始资料：工人访谈录、工厂与政府档案、警方报告、干部回忆录以及其他迄今尚未公开的数据。作者驾驭资料之娴熟、高明，令人称道。,https://img9.doubanio.com/view/subject/l/public/s8489454.jpg,2012-1,https://book.douban.com/subject/7055710/,9,,4,本书从社会史，政治学和工业社会史三个方面入手，提醒我们关注到中国工人阶级内部的分化。技术程度（工种），地缘（籍贯），性别，受教育程度等等决定了中国工人运动动因的复杂性。不全然是党史框架内所谓的“阶级觉悟”，更多应看到，不同工人为争取生存空间（薪酬、劳动强度、工作环境）的斗争。,,2017-09-02 19:59:50,（美）裴宜理 / 2012 / 江苏人民出版社
1233762089,生育制度（新版中学图书馆文库）,"这是一本关于社会人类学的著作，是费孝通先生于抗战期间根据在西南联大和云南大学任教时的讲义整理而成的。
主要论述了家庭所担负的有关生育子女的若干理论问题，但所论述的不止是生育，凡是与种族延续有关的一套活动体系都讨论到了。其中包括：配偶的选择、婚姻关系、家庭组织、双系抚育、父母的权力、世代的隔膜、社会继替、亲属的扩展，等等。
全书通过功能的角度分析，令人信服的解释了各种历史现象以及婚姻家庭的起源；从群体与个体、历史与人生等诸多角度凸显出塑造生育制度、婚姻家庭等对人类发展有着重要的作用。",https://img3.doubanio.com/view/subject/l/public/s27232312.jpg,2014-2,https://book.douban.com/subject/25840693/,9.1,,4,功能派讲生育制度，认为婚姻是为了生育，而非生育是为了婚姻。生育既是生物性的基本需要，又承载着极大的社会意义。生育限制了性生活，是一套社会规范。婚姻本质、家庭结构、居住聚散、世代隔膜、父母权力、社会性断乳、子嗣的继替续绝、单系家庭等等，作者构建的系统，逻辑清晰，明白晓畅。,,2017-08-23 23:41:23,费孝通 / 2014 / 生活·读书·新知三联书店
1232714314,儿童法案,"《儿童法案》中的菲奥娜•迈耶是一位高等法院的女法官，向来以严苛的睿智、精确和理性闻名。可她成功的职业生涯却无法掩盖家庭的不睦。多年的不育以及丈夫的出轨令她长达三十年的婚姻陷入了危机。
十七岁的男孩亚当由于宗教信仰拒绝输血治疗，命悬一线。时间在流逝，控辩双方都给出了理由，为了做出公正合理的裁决，菲奥娜决定亲自前往医院探望男孩。一番恳谈触动了菲奥娜内心深藏已久的情感，最终，她的裁决将给两人带来怎样意想不到的后果……
麦克尤恩在《儿童法案》中向读者展现了一个道德与法律的困境：到底是尊重宗教信仰、个人意志，还是应该坚持生命至上的原则？背负着文明社会的沉重枷锁，人性的天平最终将向哪一边倾斜？
“这是自《在切瑟尔海滩上》后，麦克尤恩写得最好的小说。”——《卫报》",https://img3.doubanio.com/view/subject/l/public/s29350972.jpg,2017-3,https://book.douban.com/subject/26878908/,7.9,,4,测量一个社会或国家人性程度的一项重要标准是，孩子被如何对待。当在具体事务中，孩子面临着宗教、家庭、艺术、科学等带来的各种分歧，如何优先考虑他们的福祉？一个很必要的做法便是设立高于一切的法庭。（另外的思考：菲奥娜法官为亚当打开一扇门，又将其拒之门外，是否是职业本身带来的困境呢？）,,2017-08-21 16:37:46,[英] 伊恩·麦克尤恩 / 2017 / 上海译文出版社
1229899051,左传选,"《左传》原名《左氏春秋传》，又称《春秋左氏传》,或者称《左氏春秋》，是一部史学名著和文学名著，是我国现存第一部叙事详细的编年体史书。起自鲁隐公元年（前722年），迄于鲁悼公十四年（前453年），以《春秋》为本，通过记述春秋时期的具体史实来说明《春秋》的纲目，是儒家重要经典之一。西汉时称之为《左氏春秋》，东汉以后改称《春秋左氏传》，简称《左传》。《左传》的作者，司马迁和班固都证明是左秋明，有些学者认为是战国初年之人所作。
选录原则：一、本书除尽量采用纪事本末体外，仍保存了原有的编年史的体制，以容纳许多不能联系的资料。二、周室衰微，列国争霸，齐、晋、楚、吴迭主齐盟，是春秋时代特定的历史事实，《左传》全书自始至终都在讲霸业兴衰，集中地反映了这个时代的概貌。把这些问题搞清楚，对于本书也就更容易理解了。因此，本书选题以关于这方面的为最多，同时采用旧文作标题。三、春秋时代著名的政治家和学者，如叔向、子产、晏婴、孔子等的言行，也分别择要选入。四、记载当时会盟告、誓、载书以及有关的典章制度等也择要选入。",https://img3.doubanio.com/view/subject/l/public/s27404887.jpg,2009-5,https://book.douban.com/subject/3731048/,8.4,,,,,2017-08-15 15:55:39,徐中舒等编注 / 2009 / 中华书局
1229898299,岛,"多年来，阿丽克西斯发觉母亲总是过分守护着自己的过去，不仅掩埋了自己的根，还把上面的泥土踩得结结实实。
阿丽克西斯决定打开母亲尘封的过去。
她来到爱琴海的布拉卡，登上一座叫斯皮纳龙格的荒凉小岛。这是一处禁地，一处令布拉卡、爱琴海，甚至整个欧洲都谈虎色变的禁地，更是母亲的禁地。
禁地打开，一个融合爱恨纠葛的凄凉故事怆然铺展，一曲令整个欧洲潸然泪下的生死悲欢徐徐打开……",https://img1.doubanio.com/view/subject/l/public/s3735710.jpg,2009-4,https://book.douban.com/subject/3673651/,7.6,,,,,2017-08-15 15:54:10,[英] 维多利亚·希斯洛普 / 2009 / 南海出版公司
1229896324,西方传播学术史手册,本书选择了60位在西方传播学术史上做出杰出贡献的欧美学者，从学术生平、主要学术贡献、对传播学科建制的贡献和扩展阅读四个方面全方位地介绍了他们对传播研究做出的贡献。本书不仅有助于传播学的初学者更加了解传播学术的版图和历史，也有助于传播学的研究生进一步开拓自己的视野，为更深入的原著阅读和理论研究指明方向。,https://img9.doubanio.com/view/subject/l/public/s28106176.jpg,2015-5,https://book.douban.com/subject/26410660/,8,,,,,2017-08-15 15:49:40,胡翼青 吴越、李耘耕 / 2015 / 北京大学出版社
1229887172,叫魂,《叫魂:1768年中国妖术大恐慌》讲述的是一个关于“盛世妖术”的故事。在中国的千年帝制时代，乾隆皇帝可谓是空前绝后的一人。他建立并巩固起来的大清帝国达到了权力与威望的顶端。然而整个大清的政治与社会生活却被一股名为“叫魂”的妖术搅得天昏地暗。在1768年由春天到秋天的那几个月里，这股妖风竟然冲击了半个中国，百性为之惶恐，官员为之奔命，连乾隆也为之寝食难安。作者孔飞力细致入微的描写令人颤栗，他生动地再现了各省的恐慌是如何演变成一场全国性的除妖运动。《叫魂:1768年中国妖术大恐慌》也表现出了一种更为宏大的学术视野，在构建以“叫魂”案为中心的“大叙事”的过程中，在方法论的层次上将社会史、文化史、政治史、经济史、区域分析、官僚科层制度分析以及心理分析等研究方法结合在一起。,https://img3.doubanio.com/view/subject/l/public/s28118682.jpg,2014-6,https://book.douban.com/subject/25912076/,9.2,,5,孔飞力的写法告诉我们：把学术著作写得通俗好看是多么重要。挺启发当下的吧，不是对现实的影射，却绘声绘色地描摹出当下的模样。某些老底子的东西在中国还是昨日重现呀。,,2017-08-15 15:28:08,[美] 孔飞力 / 2014 / 生活·读书·新知三联书店 上海三联书店
1041477428,现代性的后果,《现代性的后果》主要内容简介：在这本重要的理论著作中，作者从一种全新的、富有启发性的角度阐释了与现代性相联系的制度变革。他认为，在世纪终结之时，我们并没有进入后现代性时期，而是进入了“盛期现代性”时期。在这一时期，现代性的后果变得前所未有地激剧和普遍化。由此，他更现实地考察了许多人备加褒扬的现代性的各种严重后果，着重讨论了极权的增长、经济增长机制的崩溃、生态环境的破坏、核冲突与大规模战争等问题，并且探讨了人类在这些问题面前的出路。无论是对于专业学者，还是对于一般读者，《现代性的后果》都具有极高的价值。,https://img1.doubanio.com/view/subject/l/public/s7054950.jpg,2011-2-1,https://book.douban.com/subject/6002239/,8.5,,4,翻译问题很多，说明译者自己也不太懂。很多约定俗成的翻法都没有遵守，比如把《规训与惩罚》翻译成《纪律与惩戒》；把苏珊·桑塔格翻译成桑塔克；把欧文·戈夫曼翻译成霍夫曼……也是无语……抛却这些，吉登斯本人的思维还算是灵光闪现啊！打算翻出英文版再读一遍。,,2017-08-08 23:50:29,安东尼.吉登斯 / 2011 / 译林出版社
1210585457,日本新中产阶级,"哈佛大学中日研究专家傅高义在学术生涯之初被斥为“乡下人”后，意识到一个社会学家如果从未在另一种文化中生活过，何谈理解本国社会？一九五八年至一九六〇年，他来到东京市郊的M町展开田野研究，深描日本社会快速变迁之际的“新中产阶级”——工薪族和他们的家庭。基于这项研究，傅高义于1963年发表《日本新中产阶级》一书。
《日本新中产阶级》是傅高义的成名之作，其主体研究耗时2年，但傅高义夫妇此后一直坚持研究对象的跟踪随访，研究成果实则跨越30年。傅高义从工作、学校、家庭和社区出发，将新中产阶级描述成一种经济与文化的标杆，对工薪族生活方式的描述丰富而微妙。该书在当时具有高度前瞻性，而此后的不断修订则保证了其现实性，堪称文化人类学的典范。有别于当时传统的民族志，《日本新中产阶级》奠定了此后日本研究的主流方向，近几十年来关于日本的文化人类学研究几乎都建立在该书基础上，直至今日仍是诸多学者理解日本社会的试金石。
这一日本研究奠基之作，经典但不枯燥，展现了一幅穿插八卦轶事的新中产生活全息图：夫妻、婆媳、亲戚关系，职场上的苦熬与交际，年轻人恋爱和相亲的苦恼，从幼儿园入学起就面临激烈竞争的学子，全时照料家庭与孩子的母亲，养家但“缺席”养育的父亲，殷盼孩子穿过考试的“针眼”、出人头地的父母心……种种描述生动而微妙，文化相近的中国读者更能感同身受。
这是《日本新中产阶级》首次在中国大陆出版，傅高义特地为此次的中文版撰写序言，讲述他眼里中日中产阶级的异同；南京大学社会学院院长周晓虹教授作导读，回顾傅高义的学术生涯。《日本新中产阶级》译本基于英文版五十周年纪念版（二〇一三年），包含了苏珊娜•霍尔•沃格尔所撰第十五章和威廉•赖•克里所撰前言，他们对日本社会的新近观察对主体研究作了及时而到位的扩充。",https://img3.doubanio.com/view/subject/l/public/s29435682.jpg,2017-5,https://book.douban.com/subject/26909585/,7.8,,3,是否因为在写法上，没有将深度研究的家庭作更细致的分析，会觉得有些泛泛而谈。把工资、家务分工、社区关系、育儿等问题单独拿出来都会有很多内容可以扩充。有了一层美国人的身份，看待日本，存在着天然的“他者”视角，结果是，对同一性有所夸大，对特殊性的关注稍显不足。,,2017-08-03 10:22:07,[美] 傅高义 / 2017 / 上海译文出版社
1216553426,明镜之书,"1987年12月23日凌晨，心理学明星教授韦德在家中被残忍杀害了。
和他关系最密切的三个人被逐一调查——得意门生劳拉、图书室整理员弗林以及因报恩而常年往来的修理工德雷克，嫌疑很快洗脱，三人当晚均有不在场证明。
但奇怪的是，此后不久，劳拉改名换姓，弗林远走他乡；德雷克倒是没什么变化，熬日子，领救济。而韦德的案子，渐成悬案，警方无奈暂停了调查。
30年后，文学编辑彼得·卡茨收到一本写着“明镜之书”的书稿，署名弗林。书稿直指30年前那场震惊全城的谋杀案，并详细记录了他本人与死者以及劳拉之间的三角关系！
弗林是在用这本书自首吗？还是想揭露真凶？既然瞒天过海了30年，为何突然重提旧事？
彼得快速读完样稿，却发现，最重要的几页并不在其中！
同一时间，弗林正身处医院昏迷不醒，并在三天后停止了心跳。
彼得辗转难安，希望找到罪案的真相——哪怕真相将通往一个危险的结论……
★记忆如同镜子，我们以为的事实其实只是倒影！
★这本《明镜之书》令过往如在眼前，记忆里是正脸的，则看到背影；是背影的，则让它转身，透出偶尔一露的狰狞。
★在读《明镜之书》前，请先将那些肯定的念头归零，否则，你会因此迷失。
.
记忆几经涂抹，帮你学会自欺欺人，让你选择相信就好。
从今往后，你的生活中，不再有什么肯定的事了。
.
☆2015年法兰克福书展黑马小说，创造了英国老牌文学代理人Peters Fraser + Dunlop有史以来最快的版权预售记录，疯抢式授权超33个国家和地区。
☆《纽约时报》《泰晤士报》《出版人周刊》等20余家权威媒体重点推荐，大胆预言其将成为“2017年必读之书”！
☆罗马尼亚超级畅销作者首部悬疑作品，曾撰写历史小说《大屠杀》，成为当年畅销榜No.1！
☆一部叫作“明镜之书”的残稿牵引出30年悬疑命案，书稿如套娃般层叠呈现，读者惊呼“从未读过如此写作的书”！带上它，12小时的长途飞行将不再困扰。
☆记忆抽丝剥茧，真相呼之欲出，以为终于要看到完整事实了，却被告知你已身处迷局；你在陷阱里上蹿下跳，以为终于要找到出口了，却在踏出门的那一刻掉进了另一个陷阱。如果连记忆都真假难辨，我们还能依靠什么来相信生活？",https://img3.doubanio.com/view/subject/l/public/s29498372.jpg,2017-7,https://book.douban.com/subject/27031877/,7.6,,4,记忆不断地出岔子，延宕，又不断地为读者逼近真相，或者让真相挥手说再见，吊足了胃口。一鼓作气看到底，最终却又无法释下内心的多重疑问。感觉在用一部侦探小说，架起美国几个世代人们的精神状态（二战后，60年代，80年代），因而这是一部侦探小说又不止于此。,,2017-07-28 17:21:24,[罗] 尤金·欧·切洛维茨 / 2017 / 中信出版社
1051392988,文化记忆,《文化记忆》是扬•阿斯曼系统提出“文化记忆”理论的经典之作。全书分两部分，一部分探讨了记忆（有关过去的知识）、身份认同（政治想象）、文化的连续性（传统的形成）三者之间的关系。二部分具体描述了在古代埃及、以色列和希腊三种高级文化中，有关过去的集体图像如何构成，对民族身份的确定和强化起到了怎样的作用，文化记忆又是如何形成并发挥作用的。这一理论不仅为认识不同文明成长的内部机制和兴衰根源提供了崭新的视角，也有助于澄清有关记忆与历史之间关系的模糊概念，促使我们重新审视并定义历史真实性和客观性问题。,https://img2.doubanio.com/view/subject/l/public/s28260761.jpg,2015-5,https://book.douban.com/subject/26286741/,9,,4,还是相当厉害的一部著作，视野广阔，信息量很大。要写一篇读书笔记呀。,,2017-07-24 18:43:45,[德]扬·阿斯曼（Jan Assmann） / 2015 / 北京大学出版社
1217542683,有如走路的速度,《有如走路的速度》是著名导演是枝裕和的首部随笔集。是枝裕和擅长以朴实平淡的影像，叙说日常情感。并不追求戏剧化冲突，而是从生活片段里撷取细腻感情；也不喜好英雄式情节，而是捕捉世界突然展现美丽的瞬间，让观众带着未完的故事离场，继续思索下去。如果说是枝裕和的电影是静静沉淀在水 底的东西，这些文字就是沉淀之前，缓缓漂荡在水中的沙粒。童年记忆中的大波斯菊、父亲穿越时空而来的明信片、怪兽的故事、台风的声音……他首次深入而多样地畅谈对创作、对日常、对影像、对世界的思索，以及对现代社会的观察与探问。有如走路的速度，漫步日常风景。他以缓慢而温暖的步调，与我们相伴而行。世界如此精彩，日常就很美丽，生命本身就是奇迹。,https://img9.doubanio.com/view/subject/l/public/s28374085.jpg,2016-2-1,https://book.douban.com/subject/26698598/,8.3,,4,和是枝裕和的电影一样，写了日常生活中的大大宇宙。尤其是《螃蟹》那一篇，真的可爱极了！前文还在温情脉脉地说着两只螃蟹的夫妻关系或死亡概念，结尾却写道：“自那以后，我便吃不下螃蟹了——要是这么写的话，想必是个很棒的结尾，可惜不管是在那之前还是之后，螃蟹都是我最爱的食物。请别见怪。”,,2017-07-23 16:28:04,[日] 是枝裕和 / 2016 / 南海出版公司
1214857707,The Second Shift,"An updated edition of a standard in its field that remains relevant more than twenty years after its original publication.   More than twenty years ago, sociologist and University of California, Berkeley, professor Arlie Hochschild set off a tidal wave of conversation and controversy with his bestselling book, ""The Second Shift"" In it, she examined what really happens in dual-career households. Adding together time in paid work, child care, and housework, she found that working mothers put in a month of work a year more than their spouses. Updated for a workforce now half female, this edition cites a range of new studies and statistics and includes a new afterword in which Hochschild assesses how much-and how little-has changed for women today.",https://img9.doubanio.com/view/subject/l/public/s28724986.jpg,2012-1-31,https://book.douban.com/subject/10831994/,8.5,,4,很扎实的一个研究，通俗，可读性强。就算明白了婚姻中的权力关系与家务分配的本质，可还是想要一头扎进去。,,2017-07-13 22:59:30,Arlie Hochschild Anne Machung / 2012 / Penguin Books
1051394103,文化记忆与身份认同,"""在人类历史上，“我”的发现，作为一个独立的个体和主体的“我”的诞生，或许是最具创造性也最具解构性的行为。但“成为我”是一项永远不可能停止的身份规划和记忆工程。在充满冲突与断裂的多元社会，作为一种朴素的认同，记忆或许可以为我们维护自己的身份、维持自我之连续性提供一臂之力。
基于此，《文化记忆与身份认同》关注融汇于日常生活之中的记忆，谈及了流动时代中人们的记忆危机，记忆的“真”、“善”，“是与非”，“公域”和“私域”的演变，与身份认同的正负相关关系等。书中既有对记忆的范式、身份的构建及其相互关系的理论建构和反思，又有对《顾颉刚日记》、帕慕克《纯真博物馆》和村上春树《挪威的森林》的文本解读，尝试剖析并解答记忆的相关疑问，是目前国内社会记忆理论研究的开创性专著。
""",https://img1.doubanio.com/view/subject/l/public/s28377720.jpg,2015-11-1,https://book.douban.com/subject/26428575/,7.6,,3,读毕，作者大致为我拉通了在所谓的“后现代语境”下，记忆研究的可能取径。经作者提醒，我意识到，记忆恰恰是一个关于个体经验的概念，而不是依托纠结于宏大，艰涩的概念与推演而得到。在对自我的深刻反省中，记忆与身份认同之间的联系自然建立，焦虑感相伴而生。但作者似乎并未说清何为“文化记忆”。,,2017-07-13 17:19:46,赵静蓉 / 2015 / 生活·读书·新知三联书店
1182506844,施剑翘复仇案,在本书中，林郁沁围绕着1935年施剑翘在佛堂射杀军阀孙传芳这一扣人心弦的历史事件，通过对媒体、政治和法律档案的详尽调查，展示了施剑翘设法为父复仇、吸引媒体注意并争取公众同情的策略。她认为这一事件之所以能引起轰动并激发同情，是因为它与性别规范之论争、法制改革与法外正义孰轻孰重以及国民党政府扩张威权统治等更、大的社会性问题联系了起来。在这次审判事件中人们关注的不仅仅是一个年轻妇女的命运，更是“情”能否超越“法治”、挑战民国之政治权威这一更大问题。,https://img3.doubanio.com/view/subject/l/public/s6354282.jpg,2011-4,https://book.douban.com/subject/6397072/,8.3,,4,这个选题非常好。对当下的情况也极具反思力度。在消费文化大行其道的现今，媒体针对轰动性犯罪的报道乃至炒作，仍常常引起公众道德天平的摇晃，震荡舆论场（载体的传播力更强了）。从近期的辱母案报道，抑或之前的佘祥林冤案报道，媒体为调动公众同情，制造了不少声势（尽管报道本身极具争议，但的确引发了官方及时的回应）。另外，与媒体单向的设置议程不同，本研究还指出了施剑翘本人的公关素养极高，似乎有一种和媒体相互利用的关系，共同调动公众情绪，以达到各自目的。这表明，公众情绪，是一种对社会秩序进行反应和监督的有力手段，但也极有可能沦为被权力和资本操纵的工具。另外，情感公众如何进行政治参与是一个跨越时空的命题。也要对情感公众抱有警惕与批判思考。,,2017-06-09 17:23:31,[美] 林郁沁（Eugenia Lean） / 2011 / 江苏人民出版社
1006101206,法理学,"本书把散见于1940年《法理学》一书中的有关法理学思想发展的历史资料集中在第一部分。本书第二部发和第三部分中对一般法律理论的实质性问题所作的论述，乃是以某些蕴含在我研究法理学问题的进路中的哲学假设和方法论假设为基础的。
翻译这部综合性的法律哲学著作，主要有两个目的：一是试图通过这样的努力为中国法学的重建做一些知识上的基础工作，因为当时的中国法学在现代法制建设的要求或驱动过程中正陷于历史性的困境之中：一方面要为这种法制建设的努力作正当性的论证，另一方面又因法学研究的长期停顿而明显缺乏这方面的法律知识支援。第二个目的则是试图通过这部法律哲学著作的翻译/思考实践而对自己在法律方面的疑惑做一些知识上的清理工作，因为我在当时就已经明确意识到，在法律哲学思考的领域中，人、自然和社会在法律架构下的关系，人或法律人与法律在知识上的关系以及法律权威的正当性等问题极为繁复，绝非人们一般想象那般自明简单。",https://img3.doubanio.com/view/subject/l/public/s2815927.jpg,1998-12,https://book.douban.com/subject/1067236/,8.7,,,,,2017-05-05 23:07:09,E.博登海默(美) / 1998 / 中国政法大学出版社
1029998396,电影理论与批评,电影理论与批评，ISBN：9787301116319，作者：戴锦华,https://img3.doubanio.com/view/subject/l/public/s6510653.jpg,2007-8,https://book.douban.com/subject/2248578/,8.7,,4,,,2017-04-27 20:50:29,戴锦华 / 2007 / 北京大学出版社
1182510058,阿桑奇自传,"史上最大规模泄密事件策划者，继“电报门”后，阿桑奇携斯诺登“棱镜门”再度来袭！阿桑奇放言称：“2013年将曝光逾100万份机密，那些国家无一幸免！”
【“维基解密”创始人唯一亲述自传，译林社独家版权；精选重磅解密文件作为附录】
《阿桑奇自传：不能不说的秘密》追忆了阿桑奇传奇的一生：漂泊而快乐的童年过后，他如何成为少年黑客，勇闯五角大楼？退出“密码朋克”这一精英组织的他，怎样冲破各方阻挠，成功运作自己的泄密组织“维基解密”？让他避难至今的双重性侵指控又缘起何处？本自传特别记叙了阿桑奇的监禁，详细再现他的道德观和政治观的演变。文末独家精选了重量级解密文件作为附录。
★看点一：世界上知晓秘密最多的人，向你吐露有关他自己那些不能不说的秘密
2006年10月4日，阿桑奇建立了大型文档泄露及分析网站“维基解密”。因其“数据源不可追查亦不被审查”，维基解密号称安全级别最高的举报平台。9万份阿富汗战争日志、15万份美军装备记录、40万份伊拉克战争日志、25万份美国外交电报……阿桑奇掌握的海量情报无疑使他成为世界上知晓秘密最多的人。
阿桑奇本身就是个秘密。他是游走法律边缘的黑客罗宾汉，用绵绵不绝的泄密文件不断捻动政要和权贵们的神经。他的那些材料究竟来自哪里？有人怀疑是他自己假造的。阿桑奇在自传中没有回避这个问题：“即使文件是假的，它也提出了一些重要的问题，证明秘密文件的披露能够加深我们对复杂政治局势的理解。”
阿桑奇自称独立的新闻工作者与自由战士，他的支持者们更是将其奉为人民英雄。可据一些新闻学者透露，阿桑奇曾服务于澳大利亚情报部门，实为反美特工。本书中，阿桑奇详细披露了自己和政府部门的多次交锋，也不避嫌地讲述了他与警方携手破案的过往经历。
★看点二：事发三年，阿桑奇首次开口讲述，让他政治避难直至今日的“双重性侵”指控
阿桑奇红过三次。第一次是在他维基解密事业的巅峰期，经他泄密的关塔那摩监狱手册、驻伊美军误杀平民视频、伊拉克法警虐囚丑闻等在全世界掀起轩然大波。第三次是现在，身为厄瓜多尔驻英使馆的政治难民，他处境不妙，却协助斯诺登躲避美国的追捕，并声称会替他揭露更多的政府监控计划。至于他为何躲入厄瓜多尔使馆，不得不提到他的第二次走红。他很不愿意提起这件事，“但不管（他）做什么，泄露什么文件，瑞典的案子都是媒体关注的重中之重。”在自传中，他“怀着谅解的精神”花了11页的篇幅首次讲述和A、W两位女性情感纠葛的始末，他感觉“‘美人计’的可能性很大”。今后在别处，他“不会再为各位挖掘更多细节”了。
★看点三：揭秘维基解密之外的阿桑奇：他不仅仅是个黑客
这不是有关阿桑奇和他神秘组织的新闻报道总汇，这不是关于他黑客行动的科幻电影，这是他的自传，一个有血有肉的人回忆自己一路走来的历程。因为他所从事的工作，铺天盖地的报道恨不得将他描述为一个生来就会编程的外星人。谁都知道他童年漂泊不定，但没人知道他其实乐在其中；谁都知道他转过30多次学，讨厌学校教育，却没人知道他曾有一位十分敬仰的金老师。他小时候最大的爱好就是饲养蜜蜂。长大之后他似乎自己就变成了一只蜜蜂，跳着外人无法理解的圆圈舞（黑客程序），采蜜（收集机密），传播花粉（泄密），时不时蜇人。
★看点四：本书出版实属不易，阿桑奇撕毁了本书合约，他不希望读者知道得太多
为了解决维基解密的经费问题，更为了筹措瑞典性侵指控的律师费用，阿桑奇同意写一本自传，顺便宣扬一下他的“战斗宣言”。可洋洋洒洒地完成之后，阿桑奇认为“书的内容对他来说牵扯太多个人私密了。”当全世界38家出版社计划出版本书时，他说他想废除合同。虽然他改变主意了，但他一直都说书写得很好。阿桑奇对本书的评价出版社表示认同，因此遵守合同规定，出版了此书。",https://img1.doubanio.com/view/subject/l/public/s26817038.jpg,2013-7,https://book.douban.com/subject/24845545/,7.9,,3,"刚读大学的时候读肯定觉得酷毙了,现在读是觉得阿桑奇内心os一定是“我最牛X，为自己代言”，甚至有点政治幼稚？",,2017-04-26 00:29:18,朱利安·阿桑奇 / 2013 / 译林出版社
1174395467,广义叙述学,叙述是人组织个体与社会经验的普遍方式。人是用符号来讲故事的动物。这一点，半个世纪来许多学者都体会到，尤其在所谓[叙述转向]之后。但是迄今没有一本著作，如《中国符号学丛书：广义叙述学》那样，对所有叙述进行分类，并讨论其普遍规律。,https://img3.doubanio.com/view/subject/l/public/s27201643.jpg,2013-12,https://book.douban.com/subject/25811645/,9.2,,,,,2017-04-06 11:34:50,赵毅衡 / 2013 / 四川大学出版社
1174389910,当说者被说的时候,,https://img9.doubanio.com/view/subject/l/public/s25996574.jpg,1998-10,https://book.douban.com/subject/1274530/,9,,,,,2017-04-06 11:19:59,赵毅衡 / 1998 / 中国人民大学出版社
1168317113,叙事虚构作品,,https://img2.doubanio.com/view/subject/l/public/s3200201.jpg,1989年2月,https://book.douban.com/subject/2993008/,8.3,,,意识到了之前申丹和王丽亚的那本《西方叙事学：经典与后经典》基本是把前人的成果转述一下然后摇身一变……,,2017-03-23 13:37:17,（以色列）里蒙-凯南 / 1989年2月 / 生活·读书·新知三联书店
1165574157,西方叙事学,《西方叙事学:经典与后经典》深入浅出地系统评介叙事学的有关理论和研究方法，评介叙事学与相关学科之间的关系，使学生能全面、清楚地了解叙事学的目的、性质、特点、作用以及学科定位，较为准确地把握有关概念和方法，注重介绍切实可行的叙事学研究方法，以及与叙事学方法构成互补关系的相关学科的研究方法。同时将对中国叙事作品的分析和对西方叙事作品的分析有机结合起来，使学生对中外叙事作品的结构技巧均能有较好的了解。,https://img9.doubanio.com/view/subject/l/public/s34190165.jpg,2010-3,https://book.douban.com/subject/4606348/,8.3,,,,,2017-03-16 22:10:16,申丹 王丽亚 / 2010 / 北京大学出版社
1164003724,历史三调,《历史三调：作为事件、经历和神话的义和团（典藏版）》荣获1997年美国历史学会费正清东亚历史学奖、荣获1997年新英格兰历史学会图书奖。书中以义和团为例向人们解说了认识历史的三条不同途径，即历史的三调：事件、经历和神话。本书的主要目的不在于讲述义和团的历史，而在于探讨与历史撰述有关的一系列问题，“义和团只是这项工作的‘配角’。”因此这本书在某种程度上也是一部史学理论著作，它为我们提供了一种新的思考历史的方法。,https://img3.doubanio.com/view/subject/l/public/s28375597.jpg,2015-8-1,https://book.douban.com/subject/26427101/,9.3,,4,不觉得是全本，读完，略微不过瘾。,,2017-03-12 22:57:21,[美]柯文 / 2015 / 社会科学文献出版社
1161684463,社会研究方法,"《社会研究方法(第11版)》是美国大学的通用社会学教材，同时它被译成多国文字，是一本具有世界声誉的经典之作二1975年《社会研究方法》初版已引起学术界广泛关注，现已出至第11版。《社会研究方法(第11版)》讨论范围广泛，论述严密，从社会理论基本范式到学科报告撰写，从社会研究的基本概念到各种复杂技术方法，深入浅出，循序渐进，既适合专门研究人员，也是其他相关学科研究人员的必备参考书。


 强力推荐：The Practice of Social Research 英文原版火热发售",https://img9.doubanio.com/view/subject/l/public/s4108225.jpg,2009,https://book.douban.com/subject/3518162/,8.7,,,扫盲读本，适合从无到有地读。然后根据搭建的框架再去寻找别的进一步的工具书来读。,,2017-03-07 16:15:04,(美)艾尔·巴比 / 2009 / 华夏出版社
1159302043,二十世纪西方文论选.下卷,《二十世纪西方文论选(下)》是教育部“高等教育面向21世纪教学内容和课程体系改革计划”的研究成果，是面向21世纪课程教材。全书分上、下两卷，收入自20世纪以来，在西方文学理论发展的历史中，较有影响的理论文章100多篇，涉及流派30多种，代表作家90多位。其中有些作品是在国内首次翻译发表的。《二十世纪西方文论选(下)》是20世纪西方文论选中较全较好的选本，具有文献参考价值和资料收藏价值，可供高校教师和学生使用。,https://img9.doubanio.com/view/subject/l/public/s5701805.jpg,2002-1,https://book.douban.com/subject/1509641/,7.8,,,,,2017-03-02 11:24:38,朱立元 / 2002 / 高等教育出版社
1159184750,热奈特论文集,"本书内容包括：广义文本之导论；隐迹稿本；虚构与行文。
译者序
1 广义文本之导论（全译）
2 隐迹稿本（节译）
3 虚构与行文（全译）
热奈特著作年表",https://img3.doubanio.com/view/subject/l/public/s26386032.jpg,2001年1月,https://book.douban.com/subject/1374353/,8.8,,,,,2017-03-01 23:58:11,(法)热拉尔·热奈特著 热拉尔·热奈特 / 2001年1月 / 百花文艺出版社
1157927950,送法下乡,《送法下乡:中国基层司法制度研究(修订版)》各章（有关方法的第十二章除外）集中关注和讨论的中国司法制度的所有问题，在不同程度上或以改变了的方式仍然存在；有的有所改善，有的则更尖锐了；并且不限于基层法院，甚至不限于中国的中西部或农村地区；当年研究问题的基本思路，以中国问题和经验为基础的分析和理论追求，至今或许仍然前沿，特别是面对概念法学和教义法学的泛滥；随着中国的和平崛起，《送法下乡:中国基层司法制度研究(修订版)》中展现的对中国问题和中国学术的关注甚至变得更为急迫了。这本曾引发很多讨论和争议的书，因为不合时宜，才没过时，甚或更有针对性了。,https://img2.doubanio.com/view/subject/l/public/s4578601.jpg,2011-1,https://book.douban.com/subject/5421526/,9.1,,,更像是一部人类学著作，很亲民。,,2017-02-26 23:46:02,苏力 / 2011 / 北京大学出版社
1156565261,叙述学,本书系叙述学理论的一部重要著作，初版于1985年，1997年的第二版对原作进行了全面修订与补充。该书是叙述本文综合理论各主要成分的一部经典介绍。它从本文、故事、素材三个层面入手，阐释了涉及叙事理论诸多要素的基本理论，诸如事件、行为者、时间、场所、描写、叙述节奏、叙述聚焦、叙述层次、非叙述评论、叙述者等，对于构成叙述本文的内在机制与其相互之间的关联、作用等进行了详细的阐释；同时，还对视觉化与视觉叙述、叙述的人类学考察、叙述学的文化分析运用等进行了探讨。,https://img3.doubanio.com/view/subject/l/public/s27284462.jpg,2003-9,https://book.douban.com/subject/25888640/,7.9,,,叙述节奏、叙述聚焦两部分对我的启发最大。,,2017-02-24 00:52:15,米克·巴尔 / 2003 / 中国社会科学出版社
1156564491,叙事话语 新叙事话语,,https://img1.doubanio.com/view/subject/l/public/s6677699.jpg,1990,https://book.douban.com/subject/1866298/,8.5,,,分类很细致，也不排除一定的偶然性和武断性，是一部关于叙事学方法论的工具书。完全能够挑几章有利于在毕业论文里自圆其说的部分活学活用，但也要注意辩证地摘取，避免生搬硬套的牵强附会。,,2017-02-24 00:49:33,热拉尔·热奈特 / 1990 / 中国社会科学出版社
1051270962,为了忘却的集体记忆,"此书分析了有代表性、有影响的五十篇以“文革”为背景的小说。从各不相同的作品中归纳、发现了四种主要模式、四个叙事阶段、二十九种叙事功能，探讨并揭示了这一段时期人们的集体记忆（集体无意识与集体认知）的主要模式。其分析方法、特别是得出的结论，极具创意和启发性。作者原是知名青年评论家，对中国现、当代文学十分熟悉，近十余年来又在海外受到了西方文论与西方学术规范的认真训练。本书能钻进这些中国当代作品中去，对其进行入情入理的感知理解，又能跳出来，拉开距离，运用世界文论的最新成果，对之进行独具慧眼的分析与把握。这样，本书在运用结构主义（科学主义、形式主义、符号学等）的文学研究方法及联系、理解、体察中国当代文学的创作实际两个方面，都十分到位。

",https://img9.doubanio.com/view/subject/l/public/s4129965.jpg,2000-04,https://book.douban.com/subject/1069420/,7.8,,,对于正在做有关叙事学毕业论文的菜鸟来说还是很具有启发性的，比如几个叙述阶段的概述，几种角色的类型化，几个情节的功能以及在“集体无意识”状态下形成的特定叙述结构的解释等等，均言之有理。,,2017-02-24 00:43:52,许子东 / 2000 / 生活·读书·新知三联书店
1154507548,法制新闻话语叙事研究,《法制新闻话语叙事研究》主要结合文体学、叙事学的理论与方法对报刊媒体和网络媒体法制新闻话语的语体特征、话语结构、叙事策略、叙事模式进行研究，探究法制新闻话语建构与解读的内在认知机制，探索话语理论。《法制新闻话语叙事研究》提出了“隐含叙述者”这一概念，总结了我国法制新闻话语在纸质媒体中的“中心文本十卫星文本”等结构形式以及在网络媒体中的“超文本链接立体式报道”的结构形式，并且拟构了我国法制新闻话语的叙事模式。,https://img2.doubanio.com/view/subject/l/public/s25679281.jpg,2012-6,https://book.douban.com/subject/20324136/,0,,,,,2017-02-19 16:51:41,薛朝凤 / 2012
1154506241,新闻叙事学,这本著作把新闻作为话语分析的对象，因而半符号学后种分析方法与新闻学研究结合了起来，为深化新闻学研究提供了一种科学方法论。这种分析实际上存在两个层次：文本分析与语境分析。前者对新闻话语的结构进行描述，后者将这些结构的描述与记者的认知、新闻话语如何再现事实的过程、社会文化因素等联系起来加以考察，因而显得全面而深刻。,https://img3.doubanio.com/view/subject/l/public/s5716862.jpg,2005-1,https://book.douban.com/subject/1261391/,7.1,,,,,2017-02-19 16:48:56,曾庆香 / 2005 / 中国广播电视出版社
1153912524,作为话语的新闻,这本书提供了一种新的、跨学科的报纸新闻理论。本书第一次试图把话语研究和媒体研究结合起来，集中论述了媒体中最重要的一种话语类型：报纸上的新闻。正是通过报纸，世界上百万的大众才得以知道新近发生的事实，得以了解人们的生活、各国的风土人情和文化，也正是这些新闻深深地影响着对我们的生活做出重要决策的政治、社会和经济精英们。,https://img3.doubanio.com/view/subject/l/public/s9050937.jpg,2003-1,https://book.douban.com/subject/1084688/,7.5,,,梵·迪克已经形成了一套将报纸新闻作为话语的分析框架，阐释了新闻结构、新闻生成过程与新闻理解过程这三者之间的关系，以及与社会实践的关联。总之，又是话语又是框架又是符号学又是文本，很玄妙。,,2017-02-18 13:50:20,van Dijk / 2003 / 华夏出版社
1151182913,制度是如何形成的,《制度是如何形成的》(增订版)大致分成三编。第一编主要是关注一些社会和法律的热点问题，诸如言论自由和隐私权、婚姻法修改、刑事诉讼法修改、送法下乡、科技与法律以及司法审查和制度形成的问题。当然都只是“攻其一点，不及其余”，试图从一个角度切人进行学理的然而可能对社会实践有影响的讨论。第二编的文字是对于法学自身的反思。最后一编的五篇是读书笔记和读后感。,https://img1.doubanio.com/view/subject/l/public/s2723400.jpg,2007-9-1,https://book.douban.com/subject/2267824/,8.3,,4,一本通俗性很强的小散文集，苏力本人挺有人文关怀的，看得出深受费孝通、福柯的影响。会觉得他比较折衷，哪方都不得罪，就像和友邻唠家常一样，你能够很自然地听他把话说完。,,2017-02-12 16:50:16,苏力 / 2007 / 北京大学出版社
1137216836,基督山伯爵（上下册）,"大仲马（1802-1870）法国著名通俗历史小说家《基督山伯爵》是他的代表作。
法老大副堂泰斯船长委托，为拿破仑党人送了一封信，遭到两个卑鄙小人和法官的陷害，被打死牢。狱友法里亚神甫向他传授各种知识，并在临终前把埋于基督山岛上的一批宝藏秘密告诉了他。堂泰斯越狱后找到了宝藏，成为巨富。从此名基督山伯爵，经过精心策划，报答了恩人，惩罚了仇人。本充满浪漫的传奇色彩，章章奇特新颖，引人入胜。",https://img9.doubanio.com/view/subject/l/public/s1910975.jpg,2007-01-23,https://book.douban.com/subject/1880831/,9.2,,5,我最喜欢的小说。,,2017-01-15 11:32:11,大仲马 / 2007 / 上海译文出版社
1051270706,记忆的政治,"该书是南京大学周海燕副教授历经七年、通过多次多地实地研究和扎实文献研究完成的博士论文。
Elizabeth J. Perry（哈佛大学政治系讲座教授、哈佛燕京学社社长）、 Nicola Spakowski（德国弗赖堡大学社会学教授）、周晓虹（南京大学社会学院院长）三位 先生为该书作推荐并代序：
就当代中国政治及社会史研究而言，周海燕关于大生产运动的著作，有着杰出的贡献。关于党治如何掌控民众对复杂历史事件的记忆，周著阐明了它的基本模式与诸种内涵，其意义远超个案研究。
这一运动的过程，是关于威权统治与政权合法性的宝贵课程；对毛时代的中国如此，对后毛时代的中国亦复如是。
——哈佛-燕京学社社长、政治学教授Elizabeth J. Perry（裴宜理）
大生产运动是中国共运史的一个转折点：在战争中形成的政治结构和政治模式，后来成为战后中国社会的核心特征。然而，我们对这场运动知之甚少，甚至于那些我们笃信不疑的事实，也不过是在宣传“南泥湾精神”的过程中建构起来的诸种神话的一部分。
周海燕的著作改变了这一状况，她用关于政体合法性和记忆政治的分析框架，向我们叙述了一个真实的大生产运动，以及党是如何将“南泥湾精神”作为政治工具和政治建构、以动员民众达成诸种目的的过程。
从三五九旅，到英雄的模板化、政治口号的创造，再到历次唤起“南泥湾精神”的热潮，直到当下作为商业工具的“红色旅游”，周著还延展了南泥湾的完整叙事。
通过展现一场著名政经运动的建构与再建构，《记忆的政治：大生产运动再发现》透视了共产主义中国的历史。该书堪称学术著作之典范：言其中肯，察其关键，思之明悟，读之愉悦。
——弗莱堡大学汉学系主任、历史学教授Nicola Spakowski（史明）
以社会记忆和话语分析理论为基本框架，围绕1940年代初陕甘宁边区的“大生产运动”及其后形成的各类叙事文本作话语分析，周海燕厘清了有关“大生产运动”的社会记忆不断被建构的过程，揭示了权力和话语在其间相互纠缠的关系，并对大生产运动及其相关记忆进行了相当深刻的解读。
凭借丰富的田野资料和历史文献，作者确证了一个堪称精湛的解释框架。在这一框架之下，“大生产运动”不仅是中国共产党为解救因经济困难而面临的政治合法性危机所做的战时应急性政治动员，同时也是运用“劳动”手段对人群进行社会改造和社会控制的基本过程。在此基础上，作者揭示了“自力更生、艰苦奋斗”、“组织起来”、“鱼水清深”和“官兵一致、人人平等”等核心语义代码，是如何建构大生产记忆的核心——“南泥湾精神”的。
——南京大学社会学院院长、教育部“长江学者”特聘教授周晓虹",https://img3.doubanio.com/view/subject/l/public/s29497547.jpg,2013-11-1,https://book.douban.com/subject/25786160/,9,,4,本书运用社会记忆以及话语分析的理论框架，展现了权力与话语相互纠缠的过程。本书论述了大生产运动/南泥湾精神这一集体记忆带来的紧急政治动员、政治合法性资源、规训手段三重作用，当权者通过控制记忆来共享价值，维护政权的合法性、稳定性。是一本扎实的博士论文，但仍然觉得有些观点先行，带着预设去演绎理论，不断证明“什么是对的”，创新不足。,,2017-01-06 18:23:42,周海燕 / 2013 / 中国发展出版社
1127565157,记忆之场,《记忆之场》（Les Lieux de Mémoire）是当代法国史学界最有影响的历史著作之一，汇总了法国集体记忆史研究成果。全书以诺拉所提出的“记忆之场”（les Lieux de Mémoire）这一概念为核心，通过对记忆场所的研究，探询残存的民族记忆，以期找回法兰西群体、民族和国家的认同感和归属感。本书出版以来，反响强烈，被译成多国文字，而“lieu de mémoire”这一概念也迅速流行，并于1993年被收入《大罗贝尔词典》。 中译本从原书三大卷近五千页中精心选取了11篇文献，按“记忆与历史”“记忆与象征”“记忆与叙事”三个主题组织而成。这些文献除了有诺拉亲自撰写的、阐述整套书史学思想的纲领性文章《历史与记忆之间：场所问题》，还涉及了法国国庆日、《马赛曲》、埃菲尔铁塔、环法自行车赛、贞德、法兰西共和国格言“自由·平等·博爱”、拉维斯的《法国史》和普鲁斯特等，不但有理论的观照，更有中国读者熟悉的法兰西标志性建筑、人物、事件等，兼具思想性、可读性和趣味性。,https://img1.doubanio.com/view/subject/l/public/s32291419.jpg,2015-8,https://book.douban.com/subject/26591593/,9.1,,5,,,2016-12-28 18:14:57,[法] 皮埃尔·诺拉 主编 皮埃尔·诺拉 / 2015 / 南京大学出版社
1124197637,原始分类,作者涂尔干（1858—1917），法国社会学家和人类学家，社会学奠基人之一；莫斯（1872—1950），法国人类学家、社会学家和民族学家。本书试图回答以下问题：是什么使人们采取分类的方式来安排他们的观念，人们又是在哪儿发现分类这种独特配置的蓝图的？为此，作者们考察了澳洲的土著族群及古代中国人的分类体系，尤其是由图腾等呈现的原始分类模式，指出分类的几种原初形式，揭示了人类现今分类观念的集体和社会之起源。,https://img1.doubanio.com/view/subject/l/public/s9024498.jpg,2012-3,https://book.douban.com/subject/10581399/,8.4,,,在没有掌握任何证据和理由的情况下，作者二人将情感当成社会分类与符号分类复杂性的终结解释，前提是社会群体在一定程度上是以情感为基础的。他们认为，在人类早期，分类主要是情感作用的结果 ，只是随着人类的进步，知性才会在其中起重要作用。把本书放在社会学学科史的语境中来读是十分有益的。尽管作者二人并未去到澳洲等实地进行田野调查而依据了大量的二手资料，论证材料存在一些疏漏，论证过程也充满预设，甚至无法逻辑自洽。但是，本书第一次将社会学的重点转移到理解人类思维以及社会生活方面，对“分类”的探讨开启了后来人对于“失范”、“功能”等概念的探讨。在集体意识面临危险的状况下，涂尔干和莫斯提出了情感凝聚的重要性，也算力挽狂澜吧。,,2016-12-21 14:34:20,[法]爱弥尔•涂尔干 [法]马塞尔•莫斯 / 2012 / 商务印书馆
1124140252,社会学,《社会学》(第11版)贯彻社会学中国化的学术取向，以社会运行论为理论主线，以社会转型论为解释视角，从微观和宏观两个层面对社会学的基本理论和研究方法做了全面、系统的介绍。社会学本身的发展无论是从孔德开始的西方社会学，还是从马克思开始的马克思主义社会学，都经历了一个从一般社会哲学到专门的具体社会科学演变的过程。,https://img1.doubanio.com/view/subject/l/public/s2932510.jpg,2007-10-1,https://book.douban.com/subject/2310726/,8.7,,,通俗易懂,,2016-12-21 12:07:14,[美]戴维·波普诺 约翰·J.麦休尼斯 / 2007 / 中国人民大学出版社
1123859777,重建巴比塔——吴飞谈传播学的想象力,本书从宏观到微观，从理论到实践，以随笔的形式对媒介与社会诸方面的问题进行了探讨。作者首先厘清传播的概念、传播学的发展，及引进中国的曲折历程。接着，分析和介绍了一些重要的理论家，这些理论家虽然大多不是所谓的专业性传播学者，但他们所思考的问题却是传播学需要面对的重大问题。这些深邃的思想为我们打开一扇扇通往智慧的大门，为我们过更融洽的共同体生活提供良好指导。继而以大量文献与史实，介绍了人类社会从思想控制到追寻自由和新闻自由的足迹，无数先贤为此流血牺牲，最终使自由权利成为人类最响亮的口号和实践纲领。最后，作者对当下社会秩序和道德律令的一些失范表现，努力开启反思之旅，力图为迷失的媒体、公众和社会自我救赎注入一股清新的空气。,https://img3.doubanio.com/view/subject/l/public/s27412473.jpg,2014-7-1,https://book.douban.com/subject/25962637/,8,,3,思维很发散，的确挺有想象力的，但啥都能拿来用？可能传播学这门学科本身存在的问题就挺大的。,,2016-12-20 19:17:57,吴飞 / 2014 / 首都经济贸易大学出版社
1117005737,漫长的革命,雷蒙德·威廉斯在本书中考察了近代英国的教育、识字（图书、新闻报刊）、“标准英语”的发展，英语作家、戏剧的社会历史进程，20世纪英国小说的形成。在这些考察的基础上，他发现一种文化的变革正在发生，并且与之前英国曾经经历过的民主革命与工业革命一样重要。正是以他的英国文化史研究为依据，雷蒙德·威廉斯提出了在长时段内存在着一种文化革命的理论。,https://img9.doubanio.com/view/subject/l/public/s27269336.jpg,2013-1,https://book.douban.com/subject/20472494/,9.1,,5,最后一部分堪称精髓了。如果老爷子还在世，看看现在这个世界的样子，就会发现自己辛辛苦苦提的建议都白费了。,,2016-12-04 21:21:08,[英]雷蒙德·威廉斯 / 2013 / 上海人民出版社
1005531331,天鹅绒监狱,"◎匈牙利道德勇气的标志性人物，言说东欧艺术自由与禁忌
◎在充满压制的国家中做一个创作者意味着什么？
◎是谁创造了这种“镣铐下的美学”？
【内容简介】
本书是一部探讨东欧“被囚禁的艺术”、泄露统治者内心秘密的地下文学，由一个天生爱唱反调的人以一种“御用作家之良心”的口吻所写。它抽丝剥茧、层层深入地剖析了被“审阅”的文学和匈牙利艺术家、知识分子的精神世界，极富洞见地描述了“镣铐下的美学”、艺术家与现代社会主义国家之间的共生关系。
事实就是这样：碰不得的禁忌，不宜居的生活，不可说的言论，无形的条条框框，永久流产的不被接受的思想，这一切并没有让我们的作品在审美意义上贫瘠乏味。艺术大厦就从这些国家设置的栅栏里拔地而起。我们巧妙地在艺术宅邸里改组家具。 我们学习在规训中生活，那是我们的家，是我们的一部分，不久我们将变得渴望它，因为没有它，我们就无法创作。 ——米克洛什·哈拉兹蒂
【媒体及学者评价】
别看这薄薄的一本书，它将会被众多美国研究生在他们严肃的论文中引述；它将会出现在社会学教授推荐的经典阅读清单上；它将成为中欧研究中不可或缺的一部分。中欧的文化宝库里不能没有它。
——乔治·康纳德（George Konrád），匈牙利作家
一部奇特又新颖的、关于后斯大林时代东欧艺术家处境的著作。
——尼尔·阿舍森（Neal Ascherson），英国作家
这本尖锐的著作能使人多些明智，少些沮丧。一本不可或缺的重要著作。
——苏珊·桑塔格，美国作家
当极权主义的思想控制日臻完美时，制度化的审查却变得过时了。哈拉兹蒂以令人不安的智慧分析了这一悖论。
——李克曼（Simon Leys），比利时汉学家、作家
关于极权主义美学的一份绝妙的报告。
——《卫报》
可以说，哈拉兹蒂是从米洛什《被禁锢的头脑》结束的地方开始写起。
——英国皇家国际事务研究所《国际事务》杂志
哈拉兹蒂赋予平淡的行文以诗意，这是只有诗人才做得到的。
——《当代社会学》
在哈拉兹蒂的解说中，除了对政治和当下时事的关注，他还提出了一些有关理论趣味的问题。他或多或少地使我们意识到西方艺术的价值和实践背后那些尚未被我们意识到的设想。
——《纽约时报书评》",https://img1.doubanio.com/view/subject/l/public/s28286370.jpg,2015-11,https://book.douban.com/subject/26593670/,8.2,,3,书名很吸引人，天鹅绒监狱，软绵绵的物质隐藏着刚性的力量——审查制度下，文人和当局的某种缠绵关系。然而，看书名、导读、前言、译后记也就大概明白作者的意图，仅此而已，正文部分翻来覆去就那层意思，乏善可陈。,,2016-11-22 23:34:24,[匈牙利] 米克洛什·哈拉兹蒂 / 2015 / 中央编译出版社
1111475318,学术与政治,"研究韦伯者，无一不深知这两篇演说的重要性。因为它们不但浓缩着韦伯学术思想的精华，也由于他作为当时一名“精神贵族”式的德国知识界领袖，对其身边的思潮做出了十分个性化的回应，这是从韦伯其他学术著作中难得一见的。
近些年来，人们对韦伯及韦伯社会学的研究兴趣出现了一股强劲的回潮态势，但对于他著作的重要价值及其深邃意义，我们却似乎远未达成某种学术上的共识。",https://img3.doubanio.com/view/subject/l/public/s29051433.jpg,2016-8,https://book.douban.com/subject/26877332/,9.3,,5,,,2016-11-20 21:46:56,[德] 马克斯·韦伯 / 2016 / 生活·读书·新知三联书店
1109918256,中国文化的深层结构,"【内容简介】
◎孙隆基先生最负盛名之作，全新修订版问世
◎入木三分的文化批判，80年代知识界的著名战斗檄文
◎重新理解中国文化语境下的“国家与社会”“个人与世界”
----------------------------------------------------------------------------------------------------------------------
良心、人心、关心、攻心、掏心、交心、以心换心——“心”在中国文化中起着怎样的组织和主导作用？
终身、人身、翻身、出身、修身、舍身、身不由己——中国人为什么喜欢用没有精神性的“身”来称呼自己？
几千年来，“安心”与“安身”的愿望如何构建起了中国文化的深层结构？个体的习惯又将如何反映出民族的劣根性和国家的政治格局？
孙隆基先生把中国上下三千年当做一个“长时段”，用结构观念——针对特定范围的一种共时性设定——来研究中国历史和这种历史延续所生成的文化特征。其匠心独运之处在于，不是泛泛地罗列出这个民族的国民的劣根性，然后提出老生常谈的补救之道，而是用近乎千刀万剐的切割，给人以深处其间而欲全力挣脱的浓烈感觉，从而达到文化批判的深远诉求。
【编辑推荐】
1、本书探讨了“个人”与“社会”在20世纪的中国受到哪些因素的左右。“仁者，人也。”中国传统思想影响了多少人的心理结构？中国人缘何缺乏自我自主意识？这些问题都可在本书中窥见一斑。
2、本书中谈到的“深层结构”并非历史时序，也不属于逻辑意义上的因果关系范围，而是讨论了中国的共时性设定。书中的许多历史例证并非一一列举所谓国民“劣根性”，而是从中国历经变化后仍保持自我认同的这个角度，对中国文化做出全面深刻的批判。",https://img9.doubanio.com/view/subject/l/public/s28314486.jpg,2015-11,https://book.douban.com/subject/26607683/,8,,4,作者兼具“局内人”和“局外人”的双重身份，看待中国长久以来的文化基因多了几分通透与清醒。本书从日常生活现象、作者自身经验以及祖宗的文化遗产入手，试图将一个宏大的命题切分，再层层剖析——中国的“文法”可以创造佳词妙句，也可以造出很丑陋的句子。,,2016-11-16 22:31:02,孙隆基 / 2015 / 中信出版社
1105452600,出梁庄记,作家梁鸿在其生命困顿匮乏之时，重返故乡，探访梁庄生活内部的驳杂与丰沛，叙述梁庄生命个体的迁徙与流转。前后历时五年，铸就《中国在梁庄》与《出梁庄记》，关于每个人都在沦陷的故乡，关于每个流落在外的异乡人，关于早已隐没在时间长河中的温柔与哀痛。本次率先出发的是《出梁庄记》，《出梁庄记》是作家梁鸿继《中国在梁庄》之后集中书写离开梁庄去外地打工的父老乡亲生存状态的非虚构作品。此书由梁鸿探访10余座省市、400余位打工者，以200万字图文资料整理撰写而成，是“梁庄”范本至关重要的组成部分，是当代中国最细节的观察。,https://img3.doubanio.com/view/subject/l/public/s29052883.jpg,2016-9,https://book.douban.com/subject/26873680/,8.4,,3,以女性视角切入，优点是观察细腻，缺点是描述性文字、抒情过多，少穿透性的文化洞察。看不出作品背后的新意来。,,2016-11-04 20:00:07,梁鸿 / 2016 / 台海出版社
1013303431,东方学,"《东方学》这本书与当代历史的动荡和喧腾是完全分不开的。在书中，我相应地强调无论是“东方”这一用语，还是“西方”这一概念都不具有本体论意义上的稳定性，二者都由人为努力所构成，部分地在确认对方，部分地在认同对方。
《东方学》以对1975年黎巴嫩内战的描写为开端，这场战争结束于1990年，但是暴力与丑恶的人类流血事件却延续至今。我们经受了奥斯陆和平进程的失败。第二次巴勒斯坦人起义爆发以及遭到再次入侵的西岸与加沙地带的巴勒斯坦人的可怕苦难，在那里，以色列使用F-16战机与阿帕奇直升机对手无寸铁的平民进行了例行集体惩罚行动。自杀性炸弹袭击现象充分显现出了它所具有的可怕破坏性，这当然没有什么比“九·一一”事件及其后对阿富汗和伊拉克的战争更骇人听闻、更具有末日预言的昭示意义了。正当我写作本文时，美英对伊拉克非法的和未经授权的入侵和占领正在进行，随之而来的则是匪夷所思的物质掠夺、政治动荡和变本加厉的侵略。这都被认为是那个被称作文明冲突的一部分，无休无止、无法平息、不可救药。但我认为并非如此。",https://img9.doubanio.com/view/subject/l/public/s2629736.jpg,2007-7,https://book.douban.com/subject/1025001/,8.5,,,一半了，读不下去了。,,2016-10-24 22:00:32,(美) 爱德华·W·萨义德 / 2007 / 生活·读书·新知三联书店
1097756802,巴黎的忧郁,在这本散文集里，我们可以看到波德莱尔对肮脏、畸形的现实社会所进行的淋漓尽致、疾恶如仇的讽刺和挖苦，对传统、腐朽的世俗习气的无情鞭挞和猛烈抨击，读到诗人对美的向往和所做的引人入胜的描绘，还可以嗅到诗人某些寓意深刻但又难以捉摸的纤细的思绪。正像他自己所说：“这还是《恶之花》，但更自由、细腻和辛辣。,https://img2.doubanio.com/view/subject/l/public/s28035761.jpg,2015-3,https://book.douban.com/subject/26353507/,8.4,,5,亚丁的翻译有诗学之美，勒布莱东的插画更是升级了阅读体验。波德莱尔对肮脏、病态、畸形的社会现实做了极致的刻画：对立的概念，辛辣的语言，意味深长的讽刺、鞭挞，展现着他对社会现实的细腻体察。不愧现代派·印象派·象征主义大师。,,2016-10-15 13:11:37,〔法〕 沙尔· 波德莱尔 著 贡斯当·勒布莱东 图 / 2015 / 生活·读书·新知三联书店
1097186107,自杀作为中国问题,2002 年，中国的高自杀率向全世界披露，从此自杀成为一个被广泛关注的社会问题。本书意在透视自杀问题，以反思中国文化中的生命观以及当代中国的文化处境。作者通过梳理西方自杀思想的传统，理解当代自杀学背后的文化假设；要理解中国的自杀问题，不能靠搬用那些自杀学理，而要寻找中国文化中的相应观念。要解决自杀问题，也不能仅仅铆在自杀这一个现象上，而要通过它来反观更重要的思想文化问题。由此，我们可以理解现代中国的处境和问题，并慢慢找到应对现代性的中国方式。,https://img1.doubanio.com/view/subject/l/public/s27467958.jpg,2014-5,https://book.douban.com/subject/25887849/,7.6,,4,学术随笔，侃侃而谈，是《浮生取义：······》的姊妹篇。我觉得吴老师对中国农村自杀现象的研究可以算作学术本土化的表现之一，因为涂尔干等西方学者提出的几种自杀范式并非适合中国当下语境。自杀成为中国具有现代性意味的现象，人们为何要自杀，关于“过日子”，关乎“做人”，始终是值得研究的话题。,,2016-10-13 22:04:27,吴飞 / 2014 / 生活·读书·新知三联书店
1096442192,伊斯坦布尔,《伊斯坦布尔：一座城市的记忆》书写的既是一部个人的历史，更是这座城市的忧伤。对帕慕克而言，伊斯坦布尔一直是一座充满帝国遗迹的城市。这个城市特有的“呼愁”，早已渗入少年帕慕克的身体和灵魂之中。如今作为作家的帕慕克，以其独特的历史感与善于描写的杰出天分，重访家族秘史，发掘旧地往事的脉络，拼贴出当代伊斯坦布尔的城市生活。跟随他的成长记忆，我们可以目睹他个人失落的美好时光，认识传统和现代并存的城市历史，感受土耳其文明的感伤。,https://img9.doubanio.com/view/subject/l/public/s2358155.jpg,2007-3,https://book.douban.com/subject/2042063/,8.4,,4,传统与现代，东方与西方这些对立点，使得“呼愁”始终成为伊斯坦布尔这座城的独特基因。帕慕克通过重访家族史，向我们展现出一副土耳其/伊斯坦布尔在文明中挣扎的哀伤。,,2016-10-11 21:51:00,[土耳其] 奥尔罕·帕慕克 / 2007 / 上海人民出版社
1095262858,看不见的城市,"王小波、苏童、阿城、止庵是他的忠实粉丝
朱天文，唐诺是卡尔维诺不余遗力的传播者
梁文道说他一直在准备谈卡尔维诺，可是一直没准备好
权威版本，全面修订2006年单行本译本，并增补卡尔维诺各作品自序、后记、注释等重要资料
知名设计师全新装帧，精装双封 设计，书脊烫金，封面采用原创线条图，赋予每部作品文学个性
卡尔维诺认为他“写了一种东西，它就像是在越来越难以把城市当作城市来生活的时刻，献给城市的最后一首爱情诗。也许我们正在接近城市生活的一个危机时刻，而《看不见的城市》则是从这些不可生活的城市的心中生出来的一个梦想。”",https://img1.doubanio.com/view/subject/l/public/s8972088.jpg,2012-4,https://book.douban.com/subject/10555509/,9,,4,关于现代城市的寓言：时而含蓄时而清晰。,,2016-10-08 22:14:19,[意] 伊塔洛·卡尔维诺 / 2012 / 译林出版社
1093627491,单向街,本雅明，作为极富洞见的思想者，是二十世纪罕见的天才，被称为“欧洲最后一名知识分子”。其独一无二的文本形式，既承接欧洲格言哲学的传统，又启发了后来者絮语式的文本，虽无体系之严整与统一，却有击中人心的力量。本雅明的作品就像一个投影仪，把他思想深处方方面面的小收藏展示出来，介 绍给众人听：断想、纲领、启发、洞见、哲悟、随感… 与个人际遇、情感、生命和灵魂紧紧贴在一起。本书收录了本雅明最具代表性的作品：《单向街》《机械复制时代的艺术作品》《讲故事的人》《评弗兰茨·卡夫卡》《摄影的简史》，分别涉及个人随想、艺术环境评论、叙事学研究、文学个体评述、影像艺术批评等，展示了作者广阔的批评视野和极富穿透力的洞见。,https://img2.doubanio.com/view/subject/l/public/s29488381.jpg,2015-2,https://book.douban.com/subject/26397584/,8.4,,,翻译的水平相当一般。,,2016-10-05 16:56:08,[德] 瓦尔特·本雅明 / 2015 / 江苏凤凰文艺出版社
1091020804,帝国与传播,"《新闻学与传播学经典译丛•大师系列:帝国与传播》内容简介：伊尼斯传播研究三部曲的核心著作，最详尽地阐释传播的“偏向论”和“帝国论”；建构、拓展并阐释“两论”，对传播的偏向、时间的诉求、空间的问题进行分析，给西方文明敲响警钟；与死亡赛跑——三部曲成形于他生前病入膏肓的几年，所以他把最丰富的思想浓缩在最短小的篇幅、最紧凑的句子之中。

海报：",https://img1.doubanio.com/view/subject/l/public/s24561900.jpg,2013-1,https://book.douban.com/subject/20492452/,8.3,,,作为区别于经验取向和批判取向的另一种取向，以伊尼斯为首的“媒介环境学派”可以说独树一帜。“总体场论”、考察“历史运行机制”虽然大气磅礴，但也容易流于“宏大”。“传播的偏向”、“政治帝国”、“宗教帝国”更像一些口号，难以进一步探究。,,2016-09-29 23:22:05,哈罗德·伊尼斯 / 2013 / 北京广播学院出版社
1085521114,现代性与矛盾性,本书以发人深思的崭新视角论述了现代性与后现代性争论中提出的各种问题。作者认为，现代性许诺为人类生活带来只有理性才能够提供的那种清晰性和透明性。但并没有出现这种情况。而且我们现在也不再相信会出现这种情况。我们愈来变的偶然性。以及各种选择、身份和生活筹划的无可挽救的矛盾性。现代性的许诺为何没实现?作者认为。答案在于许诺本身。在于所有试图履行这一许诺的尝试所表现出来的自我损毁性。正是在后现代时代。现代性筹划的自我损毁性充分展现在世人面前。后现代时代就是与矛盾性和解的时代。就是学会如何在不可救药地充满矛盾的世界上生活的时代。,https://img9.doubanio.com/view/subject/l/public/s27251946.jpg,2013-10,https://book.douban.com/subject/25853526/,8.6,,,,,2016-09-16 15:45:24,[英]齐格蒙特·鲍曼 / 2013 / 商务印书馆
1080909609,启蒙辩证法,作为著名的德国哲学家、法兰克福学派的倡导者，霍克海默所提出的“批判理论”在德国思想界具有举足轻重的地位。本书即是他的代表作之一。正如作者自己所说，本书探讨的是这样一个主题，即文化进步走向其对立面的各种趋势。本书正是通过对20世纪30和40年代美国社会现象的描述，试图着揭示这一主题。,https://img1.doubanio.com/view/subject/l/public/s1738580.jpg,2006-4,https://book.douban.com/subject/1810944/,8.8,,,神神叨叨、啰啰嗦嗦，看着难受。一言蔽之，启蒙—》理性—》科学—》技术—》统治人，然而人类越文明，人类越不幸。,,2016-09-03 23:46:07,[德] 马克斯·霍克海默 西奥多·阿道尔诺 [德国] 西奥多·阿多诺 / 2006 / 上海人民出版社
1075742738,繁花,"这是一部地域小说，人物的行走，可找到“有形”地图的对应。这也是一部记忆小说，六十年代的少年旧梦，辐射广泛，处处人间烟火的斑斓记忆，九十年代的声色犬马，是一场接一场的流水席，叙事在两个时空里频繁交替，传奇迭生，延伸了关于上海的“不一致”和错综复杂的局面，小心翼翼的嘲讽，咄咄逼人的漫画，暗藏上海的时尚与流行；昨日的遗漏，或是明天的启示……即使繁花零落，死神到来，一曲终了，人犹未散。
《繁花》让人为之一震，小说的好处自有高人评说----程永新
优雅之野心，当今几乎不可能出现的文体----张辛欣
近年来最有看头的小说---吴亮",https://img3.doubanio.com/view/subject/l/public/s26037307.jpg,2013-3,https://book.douban.com/subject/22714154/,8.6,,4,「在国民通晓北方语的今日，用《繁花》的内涵与样式，通融一种微弱的文字信息，会是怎样。」结果大概就是，江浙沪地区的读者会不由自主地用方言把这鸡零狗碎的话本念出来。,,2016-08-21 00:05:53,金宇澄 / 2013 / 上海文艺出版社
1072147058,礼拜二午睡时刻,"《礼拜二午睡时刻》
温暖讲述普通人在逆境中的爱与尊严
================
★ 不容错过的马尔克斯经典短篇小说集，略萨、余华、三毛力荐
★ 《礼拜二午睡时刻》入选中国人教版高中语文教材
★ 《格兰德大妈的葬礼》收入美国大学文学课本
★ 除了生活没有别的目标，输了，也输得愉快，别有风格。
★ 这些故事与冷酷的官方无关，关于普通人面对逆境时的作为。
★ 《礼拜二午睡时刻》中那个没有姓名的母亲成了一位永恒的母亲。
★ 诞生了“格兰德大妈”——拉丁美洲文学作品最成功的典型形象之一。
=================
《礼拜二午睡时刻》是马尔克斯第三部正式出版的作品。共收录8篇经典短篇小说，包括《礼拜二午睡时刻》《平常的一天》《咱们镇上没有小偷》《巴尔塔萨午后奇遇》《蒙铁尔的寡妇》《周六后的一天》《纸做的玫瑰花》和《格兰德大妈的葬礼》。
这些故事将读者带入普通人的私人生活，用特写的镜头、温暖的色调讲述他们在绝境中如何生活，如何尽自己一切力量在逆境中活出勇气、活得体面、保有尊严且心怀敬意。
在《礼拜二午睡时刻》前7篇故事当中，马尔克斯的写作手法十分简练、十分明晰、十分客观。故事虽然平凡简单，但情感深沉、笑中有泪。人物原型和故事主题等大都和马尔克斯的生命有着某种重要的联系。
《礼拜二午睡时刻》中的母亲形象来自马尔克斯童年时代记忆中的一个印象；在根据《咱们镇上没有小偷》改编的同名电影中，马尔克斯积极参与剪辑，更亲自在影片中扮演电影院售票员；《周六后的一天》则展现了一系列马尔克斯最喜欢的主题，以瘟疫和人类的孤独为开端……
不同于前7篇，在《格兰德大妈的葬礼》中，马尔克斯以夸张的笔法和磅礴的叙述，讲述了马孔多独裁者“格兰德大妈”宏大奢华的葬礼，在神话传说方面拓宽了《枯枝败叶》中马孔多的前景，预示了《百年孤独》的诞生。
================
★ 《礼拜二午睡时刻》所展示的是作家克制的才华，这是一个在任何时代都有可能出现的故事，马尔克斯的叙述简洁而不动声色，他只写下了母亲面对一切的镇静，镇静的后面却隐藏着无比的悲痛和宽广的爱。
——余华
★ 我从来没有受过这样深的感动，《礼拜二午睡时刻》这本书里面说的东西是很平凡的生活故事，可是又那么深刻。马尔克斯有着悲天悯人的胸怀，写的是全人类的情感。
——三毛",https://img3.doubanio.com/view/subject/l/public/s28018652.jpg,2015-3-1,https://book.douban.com/subject/26276923/,7.9,,,勾起高中时的美妙回忆了，阅读理解中的战斗机便是外国小说——你完全有可能把文本解读成一副与答案截然不同的面貌。,,2016-08-10 23:22:30,[哥伦比亚] 加西亚·马尔克斯 / 2015 / 南海出版公司
1071465477,重访灰色地带,"《重访灰色地带：传播研究史的书写与记忆》从那些被有意收编或无意误读的""灰色地带""入手，结合新发现的材料和语境，重新诠释传播学经典文本，以颠覆传播学术史主流叙事的霸权，寻找新的视角，解放传播研究的想象力。本书从知识社会学的角度重写传播学术思想史，在对拉斯维尔、哥伦比亚学派、芝加哥学派、中国传播研究的史前史、批判学派的失踪、本土化话语等问题的研究上，均推翻了目前的定论。
作为一个贴近意识形态的舶来学科，中国传播学的经验在诸社会科学中并不特殊。对传播学术史的反思也可为中国当代知识社会学的研究提供一个典型个案。",https://img9.doubanio.com/view/subject/l/public/s28263305.jpg,2015-7,https://book.douban.com/subject/26576923/,9.4,,,一部关于传播学学术史的圈点勾画，拾起一些“灰色地带”里模棱两可的学术碎片。可读、易读，授人以渔。传播学研究，如何把应用取向和理论取向较为和谐地勾连（如果可以这样使用这种说法）？如何激发学术的想象力？中国语境下的传播学研究，的确面临着工具理性驱使、理论建构不足的困境。这使得“本土”传播学研究面临着极大挑战。读罢，陷入深思，询问自己，到底想做何种传播学研究，是否真挚地热爱这一门学科，想在理论上有何建树？无法回答，深知自己思辨力不足，方法论不过关，空有决心，最关键的还在于读书太少。,,2016-08-08 22:47:17,刘海龙 / 2015 / 北京大学出版社
1068738528,怀旧,《怀旧:永恒的文化乡愁》内容简介：何为怀旧、词源考证、意义沿革、不言而喻的“倾向性”、集体记忆与社会怀旧、怀旧情结的审美内核、现代怀旧的理论谱系、卢梭：回归人类的善本性、席勒：游戏与审美、浪漫主义：为着过去爱上过去、黑格尔：对现代性的自识与反思、海德格尔：诗意栖居的本真性、斯宾格勒：都市之根与现代人的两栖性、本雅明：碎片化生存中的自我认同代文化的转型、作为问题情境的现代性冲突等等。,https://img1.doubanio.com/view/subject/l/public/s6459209.jpg,2009-9,https://book.douban.com/subject/4053393/,8.1,,,论述比较庞杂，最后没有形成定论。援引一大通西方有关“现代性”的理论资源，但又指出不可单纯地求助于它们，必须在中国现实的关照下寻找新的“增长点”。此书的意义或许是，以“怀旧”切入，作为理解“现代性”的粗略版读物。,,2016-08-01 22:16:17,赵静蓉 / 2009 / 商务印书馆
1064321059,学做工,"《跳出我天地》里，比利·艾略特的工人父亲坚持认为男孩子应该学拳击，而不是跳芭蕾；《光猪六壮士》里，下岗的工人们告别钢筋水泥，在聚光灯下跳起脱衣舞却收到了意外的喜剧效果.....
啤酒、烟草、男性气概的业余爱好、幽默但粗野的对话.....是电影给我们展示的英国工人掠影。
而来自普林斯顿大学社会学系的保罗·威利斯教授采用田野调查的方法，通过展现一个工业城镇里12个出身工人阶级家庭的男孩从毕业前18个月到工作后半年这段时期内的学习生活经历，向我们解释了英国工人阶级的子弟为何选择继承父业——这就是《学做工》一书所呈现给我们的精彩内容。
2013年3月，《学做工》这本20世纪社会学、人类学和教育学的经典著作，终于由译林出版社推出中文版，威利斯先生也将首次和中国的读者见面。
本书是20世纪社会学、人类学和教育学的经典著作之一。第一部分是生动通俗的民族志的深度描写，第二部分是精辟透彻的理论分析，向我们解释了工人积极子弟之所以继承父业，不 仅是社会结构性因素再生产的结果，更是他们对学校主流文化做出反叛的一种反讽新文化生产的结果。中文本还收录了作者于2000年所做的访谈，以及专门为中国读者写的序言，有助于读者从一个比较历史的角度理解全球化背景下中国的青少年教育和失业问题。",https://img1.doubanio.com/view/subject/l/public/s25789500.jpg,2013-3,https://book.douban.com/subject/21370327/,8.5,,5,教育不过维护的是社会阶层分野的稳定性，可不是幌子上的“提高人口流动性”。所以“书呆子”再生产“书呆子”，在学校的“家伙们”最终成为工厂车间里的“家伙们”，且甘于服从自己的身份。一本书勾连起马克思、阿尔杜塞、文化研究...是梳理相关知识点建立文化系谱的绝佳读物。,,2016-07-20 23:44:17,[英]保罗·威利斯 / 2013 / 译林出版社
1061356106,污名,“污名”之成为社会科学中的一个核心概念要归功于戈夫曼。在本书中，戈夫曼将污名定义个体在人际关系中具有的某种令人“丢脸”的特征，这种特征使其拥有者具有一种“受损身份”。作者分析了蒙受污名者的自我感受以及他们与“常人”问的微妙互动，重点阐述了蒙受污名者在人际互动中进行“信息控制”的各种技巧。,https://img3.doubanio.com/view/subject/l/public/s28382227.jpg,2009-12-01,https://book.douban.com/subject/3865994/,8.5,,4,此书可视作是《日常生活的自我呈现》的后续，探讨的是蒙污者的自我呈现与印象管理以及所涉及的人际互动问题。污名的起源之一是社会身份和实际社会身份之间的差异，作为一种“越轨行为”，它和福柯的“话语即权力”不谋而合。社会通过对话语的控制，确立了禁律、区别与排斥、真理与谬误，而触犯了“话语禁律”的精神病患者、妓女、同性恋者等将被赋予“污名”，排斥在一定制度之外。,,2016-07-12 21:44:53,（美）欧文·戈夫曼 / 2009 / 商务印书馆
1055194230,电视受众与文化研究,"《电视、受众和文化研究》是英国著名学者戴维·莫利撰写的一部受众研究方面的经典之作。该书集中了作者在相关领域多年研究的成果，将文化研究的理论框架和实证研究相结合，对电视受众研究的产生、发展和未来做了多角度、多侧面的探索。
    在本书开篇，莫利从文化研究的角度对受众研究的历史和现状做了全面而系统的评述。在此基础上，他对以下问题进行了深圳的专察：（1）阶级、性别和文化上的差异是如何影受众对电视“文本”的解读以及家庭内部的媒介使用行为的？（2）大众传媒是如何构建起“天下（全国）一家”的神话的？（3）在小范围内进行的人种志研究是如何帮助我们把后现代媒介体系中全球和本土的互动效应的？
    在本书中，莫利把意识形态的概念置于“家庭传播”的语境内进行了重新定义，从而揭示了媒介在公共/私人领域内体验的“接合”和在时间、空间和群体上对社会进行组织的过程中所起的作用。
    对于媒介/文化研究的一些热点问题，本书亦提出了一些独特的创见。",https://img2.doubanio.com/view/subject/l/public/s11229821.jpg,2005-1,https://book.douban.com/subject/1314686/,8.2,,4,莫利早年接受着严格的社会学、人类学研究的训练，后来在CCCS受到师父——斯图亚特·霍尔那套编码/解码理论的浸淫，从而在研究方法中，将经验取向和批判取向接合在一起，这不得不说是一次创举。尽管他在写作时不断地引述他人先前的研究成果，使得这部文集的写法颇具争议，然而，还是能循着作者的思路，看到他在研究中的不断增进和修正研究思路、研究设计的过程。这是研究者十分之必要的品质。,,2016-07-02 22:34:25,莫利 史安斌 / 2005 / 新华出版社
1057331322,发达资本主义时代的抒情诗人,,https://img1.doubanio.com/view/subject/l/public/s4495329.jpg,1989,https://book.douban.com/subject/5312085/,8.5,,3,,,2016-07-01 19:39:52,本雅明 / 1989 / 生活·读书·新知三联书店
1054024518,华威先生,这篇小说写于抗日时期。当时前方战事紧张，而后方的华威先生，也在天天忙碌着为抗战做“贡献”──到各个组织开会、讲话，然而总是讲不了两句，就又赶到下一个会场去了。他是真的在关心抗战组织的发展吗？不，他不过是想把各个组织的权力抓到手罢了，强调“领导中心作用”的重要才是他的主要目的。小说巧妙地运用语言和动作描写，运用夸张和对比手法，辛辣地讽刺了当时的国民党顽固派。这部漫画小品式的中篇小说，是抗战前期著名的暴露国统区弊端的讽刺文学。华威先生这一带有某些类型化倾向的人物，因其攫取权力的狂热与无孔不入的流氓气质而具有了一定超时代的因素，因此至今有人读来仍然有所感慨。,https://img2.doubanio.com/view/subject/l/public/s5982331.jpg,2009-1,https://book.douban.com/subject/3464393/,7.7,,,,,2016-06-21 15:15:11,张天翼 / 2009 / 江苏文艺出版社
1053819464,饥饿的郭素娥 蜗牛在荆棘上,,https://img9.doubanio.com/view/subject/l/public/s35030915.jpg,1988-1,https://book.douban.com/subject/6757024/,8.4,,,,"中国现代文学,中国文学,小说,路翎",2016-06-20 20:58:25,路翎 / 1988 / 人民文学出版社
1053803090,The Hobbit,"A new B-format paperback edition commemorating 75 years since the original publication of The Hobbit.
Bilbo Baggins enjoys a quiet and contented life, with no desire to travel far from the comforts of home; then one day the wizard Gandalf and a band of dwarves arrive unexpectedly and enlist his services – as a burglar – on a dangerous expedition to raid the treasure-hoard of Smaug the dragon. Bilbo’s life is never to be the same again.
The Hobbit became an instant success when it was first published in 1937, and 75 years later Tolkien’s epic tale of elves, dwarves, trolls, goblins, myth, magic and adventure, with its reluctant hero Bilbo Baggins, has lost none of its appeal.",https://img9.doubanio.com/view/subject/l/public/s11099856.jpg,2011-10-27,https://book.douban.com/subject/6967939/,9.3,,,,,2016-06-20 19:58:45,J. R. R. Tolkien / 2011 / HarperCollins
1053799027,当代新闻学核心,"这本手册为发展中的新闻学领域绘制了版图，探索了理论现状，为国际化语境中的未来研究设定了议程。本书的结构围绕理论和实证的研究方法而建立，涵盖新闻的生产和组织、新闻内容、新闻和社会，以及全球环境下的新闻这四个方面的学术成果。在强调比较和全球性视角的同时，每一篇文章都探讨了如下问题：
	重要的原则、思想家和文本
	历史背景
	最新发展状况
	方法论问题
	研究方法/领域的优点和长处
	研究方法/领域的局限和关键问题
	未来研究的方向
本书的顶尖级编著者们拥有广泛的国际覆盖面。本书首次出版，作为一项综合性资源，探讨了新闻学的理论和研究成果。就这一点而言，这本《当代新闻学核心》对于全球范围内研究新闻、媒介和传播的学者和研究生们来说是一份必须拥有的资源。",https://img3.doubanio.com/view/subject/l/public/s27287647.jpg,2014-4-1,https://book.douban.com/subject/25891077/,6.5,,,,,2016-06-20 19:42:25,卡琳·沃尔-乔根森 托马斯·哈尼奇 / 2014 / 清华大学出版社
1053798918,诗经译注,《诗经》是我国最早的诗歌总集，向来被认为是中国古典文学之源，其现实主义的创作手法和多样式的文学风格，对后世文学影响极大。《诗经译注》是《诗经》的全译本。每首诗下有题解，阐明背景、诗旨。注释博采众长，简明精当。译文在信、达的基础上力求其雅，以全体民歌译古代民歌，每句对译，便于读者比照对读本。《诗经译注》的作者博采古今《诗经译注》注家之长，融会贯通，筛汰选炼，解题和注释写得简明而精当，是当今古典文学爱好者不可不备的基本读本。,https://img3.doubanio.com/view/subject/l/public/s27267713.jpg,2012-8-1,https://book.douban.com/subject/11520757/,9.1,,5,,,2016-06-20 19:41:58,程俊英 / 2012 / 上海古籍出版社
1053795907,小二黑结婚,《赵树理代表作:小二黑结婚》的主要内容是：第一个选家的心中，都有一部自己的“中国现代文这史”，见仁见智，可以阐释、讨论、争论，甚至势不两立。其实，或许正因为选家迭出、见解纷纭，才给读者一个判断、选择、最终形成自己独立见解的机会。因此我以为，绝不可自诩本丛书如何高超于别人之上。不过，由于中国现代文学馆自身的一些优势以及《赵树理代表作:小二黑结婚》编选过程的一些特色，我以为，这次我们编选的“中国现代文学百家”丛书还是有以下优长：其一，编选者具有相当的权威性。本丛书由中国现代文学馆直接出面，组织全国最权威的研究专家参与编选，这样就保证了本丛书的学术质量。其二，规模最宏大。本丛书在品种数量上是目前为止最为止最为宏大的中国现代文学作品书系。这次所选的108位作者，都是经过专家学者一再筛选分析然后才确定下来的，除了我们过去一直注重的主流作家之外，还兼顾了很多过去曾经被忽视却成就较高、自成特色的非主流作家的作品。我们认为，这有利于广大读者更客观、更全面地了解中国现代文学。其三，版本最原始。本丛书所选作品，基本上都以该作品初版版本为依据。众所周知，有不少知名作家在政治运动的风浪中曾对自己的代表作进行了违心的修改。恢复这些代表作的原貌，是对文学史原始资料的保存，将为研究作家的思想和创作道路，提供有力的帮助。其四，编校较严谨。本丛书此次出版，不论是在装帧形式上，还是在文字编校上，都本着一丝不苟的原则，从严把关，以保证送到读者手中的图书是合格的、值得珍藏的图书。,https://img9.doubanio.com/view/subject/l/public/s7633186.jpg,2008-8,https://book.douban.com/subject/3151459/,7.2,,,,,2016-06-20 19:31:51,赵树理 / 2008 / 华夏出版社
1053795504,作为文化的传播,"詹姆斯·凯瑞超凡的洞察和富有见地的评论，在学术批评家中是少有的。他的著作启发了不同的学者群，还有媒介的专业人士，因此，他在这部著中提出的观点应该引发更广泛、更有价值的讨论。
    凯瑞富有创见的著作不仅涉及了这个领域的核心问题，而且对此作了新的界定。他的著作会让读者用新颖而有益的方法，思考传播研究中传递观对仪式观、行政性对批判性、实证主义对马克思主义、文化研究对权力取向研究等两分法。凯瑞对一些重要事物与理论所采用的历史观，值得有内涵的学者一读。
    凯瑞这些论文所包含的东西远不止对某一学科的批判，其生动的思想、明晰的风格以及深邃的学问将引领读者穿越一片开宽而丰盛的知识领地，尤其是那些已经影响现代美国人思想的议题。无论作为一种思想启示，还是作为一次愉快的阅读经历，《作为文化的传播》必将成为这一领域的经典之作。",https://img9.doubanio.com/view/subject/l/public/s24444335.jpg,2005-8,https://book.douban.com/subject/1486651/,8.7,,,,,2016-06-20 19:30:28,[美国] 詹姆斯·威廉·凯瑞 / 2005 / 华夏出版社
1051270527,论集体记忆,这本书主要翻译了莫里斯·哈布瓦赫的重要作品《记忆的社会框架》中重要的部分，以及研究《新约》空间基础结构的《福音书中圣的传奇地形学》的结论部分。,https://img1.doubanio.com/view/subject/l/public/s8982958.jpg,2002-10,https://book.douban.com/subject/1077717/,8.2,,,集体记忆的开山之作,,2016-06-18 23:58:26,[法] 莫里斯·哈布瓦赫 / 2002 / 上海人民出版社
1051691648,论摄影,"《论摄影》不仅是一本论述摄影者的经典著作，而且是一本论述广泛意义上的现代文化的经典著作。它不是一本专业著作，书中也没有多少摄影术语，尽管有志于摄影者，应人手一册。它的对象主要是知识分子、作家和文化人。
桑塔格深入探讨摄影的本质，包括摄影是不是艺术，摄影与绘画的相互影响，摄影与真实世界的关系，摄影的捕食性和侵略性。摄影表面上是反映现实，但实际上摄影影像自成一个世界，一个影像世界，企图取代真实世界。
对读者而言，这本书的丰富性和深刻性不在于桑塔格得出什么结论，而在于她的论述过程和解剖方法。这是一种抽丝剥茧的论述，一种冷静而锋利的解剖。精彩纷呈，使人目不暇接。桑塔格一向以庄严的文体著称，但她的挖苦和讽刺在这本著作中亦得到了充分的发挥。
《论摄影》出版于一九七七年，轰动一时，引起广泛的讨论，并荣获当年的全国图书批评界奖，至今仍被誉为“摄影界的《圣经》”。
本版配以60余幅世界摄影史上的珍贵照片，推出极具艺术品位与收藏价值的“插图珍藏本”，使《论摄影》真正成为图文并茂的文化经典。",https://img3.doubanio.com/view/subject/l/public/s4501907.jpg,2010-5,https://book.douban.com/subject/4282084/,8.7,,5,读过个别篇目的英文版本，再结合中译本看，还是觉得文笔非常好，凝练、流畅，言中我在感觉层次上欲言说而说不清的东西。桑塔格是富有洞见的，就算过了四十年之久了，相当多观点还是很合时宜。,,2016-06-13 23:49:03,[美] 苏珊·桑塔格 / 2010 / 上海译文出版社
1047569186,疯癫与文明,这部著作是对知识的清洗和质疑。它把“自然”的一个片段交还给历史，改造了疯癫，即把我们当做医学现象的东西变成了一种文明现象。实际上，福柯从未界定疯癫；疯癫并不是认识对象，其历史需要重新揭示；可以说，它不过是这种认识本身；疯癫不是一种疾病，而是一种随时间而变的异己感；福柯从未把疯癫当做一种功能现实，在他看来，他纯粹是理性与非理性，观看者与被观看者相结合所产生的效应。,https://img1.doubanio.com/view/subject/l/public/s24131739.jpg,2012-9-1,https://book.douban.com/subject/20258504/,9.1,,,这是福柯爸爸的博士论文...他的文字总有一股摄人心魄的力量。权力就像毛细血管渗透于生活的方方面面。最后，当理性与非理性的概念也被社会权力的合法性建构起来，你不禁怀疑起权力是否从来都不曾“合法”。。。（我胡说的）,,2016-06-02 00:15:47,米歇尔·福柯 / 2012 / 生活·读书·新知三联书店
1045245398,理论入门,《理论入门》自出版以来获得了巨大的成功，对于初涉文学理论和文化理论的学生而言，该书是入门的不二之选。 各种方法、各方大家、各类技术术语，错综复杂，令人目不暇接，而这一切在《理论入门》中被解说地清楚明白，深入浅出。许多理论类书籍对于所介绍的理论和理论家都有预设立场，与此不同的是，《理论入门》仅仅提供基础的原理，而让读者自己发展观点。 此次修订版包含了当今文学理论和文化理论的最新发展潮流，并新增了两个全新的章节。读者可以深入了解到自由人文主义、结构主义、后结构主义和解构、后现代主义、精神分析批评、女性主义批评、同性恋批评、马克思主义批评、新历史主义和文化唯物主义、后殖民批评、文体学、叙事学和生态批评等方面的内容。,https://img3.doubanio.com/view/subject/l/public/s27241833.jpg,2014-1,https://book.douban.com/subject/25842926/,9.2,,,一本关于文学批评/文化理论的入门教材～遗憾的是没能够阅读英文版本的，否则将会更理解本味吧。因为自身阅读积累不太够，所以在结合具体理论分析时触到了我不少的盲区～,,2016-05-25 21:14:36,[英] 彼得·巴里 / 2014 / 南京大学出版社
1039372534,谈龙集,"《谈龙集》收录五十篇，涉及方面很多，如文艺批评，文学家的纪念，中外民歌，日本古史及小诗，希腊神话及小诗，猥亵歌谣，翻译问题，等等，令人目不暇接，叹为观止。作者此后的随笔创作，均与《谈龙集》关系更为密切。
周作人的文章很多具有普遍的永恒的意义和价值，常读常新，例如《文学谈》说：“在中国，有产与无产者两个阶级俨然存在，但是，说也奇怪，这只是经济状况之不同，其思想却是统一的，即都是怀抱着同一的资产阶级思想。”又如《竹林的故事序》中，“其实这一部分未始不足以代表全体：一个失恋的姑娘之沉默的受苦未必比蓬发薰香，着小蛮靴，胸前挂鸡心宝石的女郎因为相思而长吁短叹，寻死觅活，为不悲哀，或没有意思。”这可以看作“人的文学”精神的一个注脚。",https://img1.doubanio.com/view/subject/l/public/s6283438.jpg,2011-1,https://book.douban.com/subject/5908162/,8.3,,4,真诚而率直的杂文，不做作。对川柳、拜伦、童谣、地方文艺的解读蛮犀利的～,,2016-05-21 14:32:30,周作人 著 止庵 校订 / 2011 / 北京十月文艺出版社
1038565001,性别麻烦,"1990年面世的《性别麻烦》是女性主义理论和性别研究的重要著作，一经出版即引来赞誉和争议无数，并被奉为开创“酷儿理论”的经典文本。巴特勒因此书而一举成为当代思想界最闪耀的学术明星之一。
巴特勒在《性别麻烦》开篇，首先对“女性”作为女性主义的主体提出了质疑。她对波伏瓦、克利斯特娃、维蒂格、伊里格瑞等法国女性主义理论家的主要观点分别进行了梳理，并追溯到她们各自所依据或所反对的阳具逻格斯中心主义理论源头。她借用后结构主义、精神分析和女性主义的分析框架，通过对斯特劳斯结构主义人类学、福柯的管控性生产、拉康的原初禁制理论和弗洛伊德的性抑郁的解读，从哲学本体论层面重新追问语言、主体、性别身份等关键性概念，深刻阐述了异性恋框架下的性别身份和欲望关系是如何形成的，从而颠覆了霸权话语对性、性别、性欲的强制性规定。
巴特勒在本书中提出的、现已成为她的个人标记的“性别操演”理论，为性与性别开启了一个具有多种文化可能性的未来。
女性主义理论的必读书。
Hypatia
《性别麻烦》对性别的“自然性”提出了迄今为止最有说服力的质疑。这是一部富有创见的精彩论著。
Aandra Lee Bartky
巴特勒的作品改变了我们思考性、性别、性欲和语言的方式。她对性别身份的探问已对当代思想产生了重大影响，启发了在多个层面上对“主体”的批判性反思。
萨拉·萨莉
十年前我完成《性别麻烦》的稿子......我不知道这本书会有这么广大的读者，也不知道它会对女性主义理论构成具有挑衅意味的“介入”，并被引为开创酷儿理论的文本之一。这本书的生命超出了我的意图。
朱迪斯·巴特勒在1999年此书再版时附加了长篇序言，回应并澄清了针对此书的一些问题。",https://img2.doubanio.com/view/subject/l/public/s3543671.jpg,2009-1,https://book.douban.com/subject/3339862/,8.8,,5,“语言和言说者相互言说”，非常精彩而酣畅的论述，性别在巴特勒那甚至不成为一个固定的实体，区分生理和社会属性并无意义，性别本来就是一个可以流动的概念，所谓的“性别社会规范”放逐的“她者”（如同性恋）时刻提醒我们去进行意义重建。P.S.恍然大悟，不读书无以言啊，要把前人的著述充分吸收，才可能创造呐！给巴特勒跪了！奥斯汀、布尔迪厄、德里达、弗洛伊德、拉康、阿尔杜塞、福柯、波伏娃......无所不包！,,2016-05-19 16:27:35,朱迪斯·巴特勒 / 2009 / 上海三联书店
1042879904,沈从文的湘西世界,,https://img9.doubanio.com/view/subject/l/public/s26681066.jpg,2013-1,https://book.douban.com/subject/23494076/,9.6,,,卓雅用摄影追寻沈从文笔下的湘西世界，照片很好，但我始终觉着自己和“那个世界”隔得很远。,,2016-05-18 20:00:52,沈从文 卓雅 / 2013 / 岳麓书社
1041801975,现代性与大屠杀,"简介：

这是一部反思现代性的力作。知名社会学家齐格蒙·鲍曼认为，大屠杀不只是犹太人历史上的一个悲惨事件，也并非德意志民族的一次反常行为，而是现代性本身的固有可能。科学的理性计算精神，技术的道德中立地位，社会管理的工程化趋势，正是现代性的这些本质要素，使得像大屠杀这样灭绝人性的惨剧成为设计者、执行者和受害者密切合作的社会集体行动。从极端的理性走向极端的非理性，从高度的文明走向高度的野蛮，看似悖谬，实则有着逻辑的必然。而拯救之途也许就在于：在任何情况下，个体都无条件地承担起他的道德责任。

导读：

对种族主义、种族灭绝、理性、犯罪社会中的个人责任以及顺从与抵抗的源泉的反思，充满惊人的原则性。
——《村声文学增刊》

对那些对于文明、进步和理性观念仍深信不移的人来说，本书……挑战了我们时代的基本信念。
——《泰晤士报文学副刊》

思想丰富而发人深省……这本书应该出现在我们的教室里和书架上。写得极其出色。
——《当代社会学》
致珍尼娅，和所有其他讲述真相的幸存者

在我写这本书的时候，高度文明化的人类在头顶翱翔，想要置我于死地。他们作为个人对我没有丝毫敌意，我对他们也是如此。常言道，他们只是在“履行他们的职责”。我一点儿也不怀疑他们中的大多数都是善良的、遵纪守法的人，在私人生活中也从未想过去杀人。而另一方面，如果他们中有人处心积虑地放置一个炸弹将我炸成齑粉，他也决不会因此而寝不安枕。他是在效力于他的国家，有权力赦免他的罪恶的国家。
——乔治·奥威尔，《英格兰，你的英格兰》（1941）

沉默是最大的悲哀。
——Ｌ.贝克，德国犹太人代表机构主席，(1933—43)

我们感兴趣的是重大的政治和社会问题……它们怎么会发生？……是否应当保持其全部的重要性、全部赤裸的事实和恐怖的一切？
——Ｇ.萧勒姆，“反对处死艾希曼”


前  言

在写完了躲藏在犹太人区生活的亲身经历后，珍尼娅向我，她的丈夫，表示了感谢，感谢我容忍她在两年的写作时间里，再次居住在“那个不属于他”的世界，而长时间地不在我身边。的确，尽管当时它的触角延伸到欧洲最遥远的角落，我还是躲过了那个恐怖而不人道的世界。并且就像许许多多我的同龄人一样，我也从未试图在它已经从地球上消失之后再去探究它，而任由它游荡在折磨人的记忆和被它夺去生命或伤害过的人那永远无法治愈的创伤之中。
当然，我对大屠杀有一些了解。我与许许多多的同龄人和年轻人对大屠杀有着一样的印象：大屠杀是邪恶之徒对无辜者犯下的一次可怕罪行。整个世界分化成疯狂的刽子手和无助的受害者，还有许多其他尽其所能帮助受害者的人，虽然他们在大多数时候无能为力。在这个世界里，谋杀者之所以谋杀是因为他们疯狂、邪恶，并且为疯狂和邪恶的思想所蛊惑。受害者被屠杀是因为他们无法与荷枪实弹的强大敌人相抗衡。这个世界的其他人只能观望，他们迷惘而又痛苦，因为他们清楚只有反纳粹联盟的盟军的最后胜利才能够结束这场人间浩劫。根据所有这一切，我印象中的大屠杀就像墙上的一幅画：被加上了清晰的画框，使它从墙纸中凸显出来，强调了它和其他的家饰有多么大的不同。
而读了珍尼娅的书之后，我才开始意识到我所知甚少——或者，更确切地说，我的思路是不恰当的。我逐渐明白了我并没有真正理解在那个“不属于我的世界”里所发生的一切。那一切是如此的错综复杂，远远不是那种简单而且理智上很舒坦的方式所能解释的。而我原来天真地认为这种方式业已足够。我意识到大屠杀不仅是险恶和恐怖的，而且根本不能轻易用习惯性的“普通”方式来进行解释。这个事件已经用它自己的符码记录了下来，要理解整个事件，首先就必须破解这些符码。
我本希望历史学家、社会学家和心理学家能弄清楚它的含义并且解释给我听。我翻遍了我以前从未探察过的那些图书馆书架，发现这些书架满实满载，充溢着审慎的历史研究和深奥的神学小册子。里面还有一些社会学研究方面的书——研究得非常精妙，剖析得非常深刻。历史学家则积累了卷册浩繁、内容丰富的史料证据。他们的分析令人信服而又深邃。毋庸置疑，他们揭示出大屠杀是一扇窗户，而不是墙上的一幅画。透过这扇窗，你可以难得地看到许多通过别的途径无法看到的东西。透过这扇窗看到的一切，不仅对罪行中的犯罪者、受害者和证人，而且对所有今天活着和明天仍然要活下去的人都具有极端的重要性。透过这扇窗我所看到的一切一点儿也不令人愉快。但是，所见的画面越是抑郁沉闷，我就越是坚信倘若拒绝看出窗外，就将是非常危险的。
而以前我的视线从未越出过那扇窗，在这一点上我和我的社会学同事们没有什么不同。和大多数同事一样，大屠杀在我看来充其量是可以被我们这些社会学家所解释的某种事物，而决不是可以解释我们目前所关心的目标的某种事物。我以为（是因为疏忽而不是经过了深思熟虑）大屠杀是历史正常发展过程中的断裂，文明化社会体内生长的毒瘤，健全心智的片刻疯狂。因此，我可以为我的学生描绘一幅正常、健康、健全的社会图画，而把大屠杀的故事交付给专业的病理学家。
一些把大屠杀的记忆占为己有和对它进行利用的方式极大地助长了（虽然没有解释）我和我的社会学家同事们的这种自满。大屠杀经常作为发生在犹太人身上，而且仅仅是发生在犹太人身上的悲剧，沉积在公众的意识里，因此对于所有其他人而言，它要求惋惜、怜悯，也许还有谢罪，但也仅此而已。作为那些躲过了子弹和毒气的幸存者以及那些死于枪杀和毒气的受害者的后人们所掌握的或者小心翼翼地守护着的事件，大屠杀一次又一次地被犹太人和非犹太人讲述成犹太人的集体（也是单独的）所有。最后，两种观点——“外在”的和“内在”的——互为补充。一些自任为死者代言的人，甚至警告那些串谋起来企图从犹太人那里盗走大屠杀，使之“基督教化”或者把其独特的犹太特性消融在一种毫无特征的“人性”苦难之中的那些窃贼。犹太国家则力图把这段悲剧的历史用来当做其政治合法性的依据，当做其过去和将来政策的安全通行证，并且，最重要的是，当做它为可能要干的不道义行为提前支付的代价。各承其因，这些看法又对公众意识中大屠杀是仅仅属于犹太人的事件，而对被迫生活在当代并成为现代社会之一员的其他人（包括作为人类的犹太人本身）毫无意义的观念起了加固作用。但是，一个知识渊博、思想深邃的朋友近来突然使我意识到，大屠杀的意义已经在多大程度上被简化为私有的不幸和一个民族的灾难，并且这种简化又是多么的危险。我则向他抱怨说在社会学中我没有发现很多从大屠杀历史中得出的具有普遍意义的重要结论。他回答说：“这不令人吃惊吗，想想有多少社会学家是犹太人？”
人们在周年集会上宣讲大屠杀，在几乎全是犹太人的听众面前追悼大屠杀，把它作为犹太人共同体生活中的事件来报道。大学也开设了有关于大屠杀历史的专门课程，不过，却把它从总的历史课程中分离出来单独教授。大屠杀已经被许多人看做是犹太人历史的专门话题。大屠杀吸引着自己的专家——那些在专家会议和专题研讨会上频频碰头并互做报告的研究者们。但是，他们那些特别丰富且至关重要的作品却能够回归到研究性学科和一般文化生活的主流中去——就像在我们这个专家和专门化的世界里存在的大多数其他专门化兴趣那样。
当它最终找到回归的道路的时候，它时常也只被许可在公众的舞台上以一种理智化的，因而是彻底失去了鼓动性并具有安慰性的方式存在。心悦神和地与公众的神话相契合，大屠杀可以使公众摆脱对人类悲剧的冷漠，却无法使他们摆脱他们的自以为是——就像美国肥皂剧译制片《大屠杀》所展示的，养尊处优、彬彬有礼的医生和他们的家庭（就像你在布鲁克林的邻居那样）正直、高贵、道德无损，在由粗俗残忍的斯拉夫农民侍候着的令人厌恶的纳粹败类的押送下走向毒气室。罗斯基斯，一个对犹太人对末日所做的反应富有洞见且能深深地移情入内的研究者，记录下了犹太人默然而无情的自我审查工作——犹太居住区里的诗句“弯曲至地的头颅”（headsbowed to the ground）在后来的版本中被替换为“信念支撑的头颅”（heads lifted in faith）。罗斯基斯的结论是：“阴暗被拭去的越多，作为一种原型它就越能呈现其特殊的轮廓。死去的犹太人是绝对的善，纳粹分子和他们的同党是绝对的恶。”（罗斯基斯，《抵制世界末日，现代犹太文化对浩劫的反应》（D.G. Roskies, Against the Apocalypse, Response to Catastrophe in Modern Jewish Culture),Cambridge, Mass.: Harvard University Press， 1984， ｐ.252。）因此，当汉娜·阿伦特指出残暴统治下的受害者在走向死亡的路上可能丧失了他们的部分人性时，冒犯了很多人的感情，而招来一片指责。
大屠杀确实是一场犹太人的悲剧。尽管并不仅仅是犹太人受到了纳粹政权的”特殊处理“（在希特勒的命令下杀害的二千多万人中，有六百万是犹太人），但只有犹太人被标上了全部消灭的记号，并且在希特勒力图建立的新秩序中也没有给犹太人留下任何位置。即使这样，大屠杀并不仅仅是一个犹太人问题，也不仅仅是发生在犹太人历史中的事件。大屠杀在现代理性社会、在人类文明的高度发展阶段和人类文化成就的最高峰中酝酿和执行，从这个意义上来说，大屠杀是这一社会、文明和文化的一个问题。因此，在现代社会的意识中对历史记忆进行自我医治就不仅仅是对种族灭绝受害者的无意冒犯。它也是一个信号，标示出一种危险的、可能会造成自我毁灭的盲目性。
这种自我医治的过程并不必然意味着大屠杀完全从记忆中消失。恰恰有许多与此相反的迹象。除了少数历史修正派的声音否认这一事件的真实性之外（即便是无意的，这种否认也只是通过他们鼓噪起来的耸人听闻的大标题增加了公众对大屠杀的知晓程度），大屠杀的血腥和它对受害者造成的影响（尤其是对幸存者的影响）在公众兴趣里占据的位置呈上升的趋势。这一类型的话题已经成为电影、电视剧或者小说里必不可少的——哪怕从整体上说是辅助性的——次要情节。但是几乎没有人怀疑这种自我医治——通过两个互相纠结的过程——的的确确发生了。
一个过程就是强行赋予大屠杀的历史以专家专题研究的地位，把它交付给自己的研究机构、基金会和圈内会议。研究性学科的分流带来的一个常见而又人所共知的后果就是新的专门化领域与研究的主领域的联系变得很微弱；新专家的关注和发现对主流的影响并不大，而他们提出的独特的语言和构想也是如此。因此，分流通常意味着代表专家团体的学术兴趣从学科的核心准则中被剔除出去；就是说，这些学术兴趣被特殊化了，被边缘化了，虽不必然在理论上也在实际上被剥夺了更为一般的意义；而主流学术也不对它们作进一步的关注。因此我们看到，尽管有关大屠杀历史的专门著作无论在卷帙、厚度还是在学术质量上都以相当快的步伐前进，但在综观现代历史时倾注于大屠杀的空间和注意力却仍然没有太大的提高；甚至正好相反，现在可以更容易地附加一个长度适当的学术参考书目，而不去对大屠杀做实质性的分析了。
另一个过程就是已经提到的对沉积在公众意识中的大屠杀形象进行清洁化（sanitation）的过程。公众关于大屠杀的印象经常与纪念性仪式和这些仪式招致并予以合法化的严肃说教联系在一起。这种情况在其他一些方面无论有多么重要，却没有为深层次地分析大屠杀提供多少空间——尤其是关于大屠杀那些难以认清和容易混淆的方面。而通过非专业性的和一般的信息媒介，原本已经很有限的分析就更少地能够进入公众的意识中去了。
当公众被要求去思考这最令人畏惧的问题——“为什么有可能发生这样的恐怖？它为什么会发生在世界文明化程度最高的中心？”——他们头脑中的宁静和平衡也很少被打破。如果将对罪行的伪装的讨论当做对原因的分析，就会有人告诉我们，恐怖的根源应该到希特勒的成见、其党羽的奉承谄媚、其追随者的残暴及其思想的传播所导致的道德败坏中去寻觅，而且能够找到；如果我们研究得更深一步，或许还能发现根源在于德国历史的特定回复，或者在于普通德国人特有的道德冷漠——一种只能被期望存在于他们公开或者潜在的反犹主义倾向中的态度。大多数情况下，对于“尽力去理解这种罪行怎么会变成现实”的要求所做的回答，则是一个冗长乏味的陈述，关系到被称为第三帝国的可恶政权，关系到纳粹的残暴和“德国的痼疾”中的其他方面，我们都相信并且被鼓励继续相信这些都代表了某种“与我们星球的本质相悖”（奥兹克，《艺术和情欲》（Cynthia Ozick, Art and Ardour),New York: Dutton, 1984, p.236?)的东西。也有人说一旦我们完全明白了纳粹主义的野蛮及其的原因，“那么有可能的是，即使不能治愈的话，也至少会使纳粹主义在西方文明上留下的创伤不再疼痛”（对照贝勒尔，“冲破纳粹的黑暗”（StevenBeller, ‘Shading Light on the Nazi Darkness’）， 《犹太季刊》（Jewish Quarterly）， Winter 1988—9， ｐ.36。）。如果可以对这类观点做一种解释的话（那并不见得一定就是作者们本人的看法），就可以说一旦给德国、德国人和纳粹主义者确定了道德和物质上的责任，原因也就找到了。这就像大屠杀本身一样，它的起因被压缩在一个有限的空间和一段有限的（所幸是业已结束的）时间内。
然而，关注大屠杀的德国性（Germanness），把对罪行的说明集中在这个方面，同时也就赦免了其他所有人尤其是其他所有事物。认为大屠杀的刽子手是我们文明的一种损伤或一个痼疾——而不是文明恐怖却合理的产物——不仅导致了自我辩解的道德安慰，而且导致了在道德和政治上失去戒备的可怕危险。一切都发生在“外面”——在另一个时间、另一个国家。“他们”所受到的责备越多，“我们”这些其余的人就越安全，我们为捍卫这种安全所要做的也就越少。一旦将对罪行的归咎与对原因的落实等同起来，也就不必去质疑我们为之骄傲的清白与心智健全的生活方式了。
荒谬的是，总的结果就是将刺痛从大屠杀的记忆中拔了出来。大屠杀能够传递给我们今天生活方式的信息——我们为了安全所依赖的制度的性质，我们衡量自己的行为与认为正常并加以接受的互动模式是否适当的标准的效力——默然无声、没有听众，也没有人去传递。即使被专家阐明并且提交到圈内会议上讨论，在别处它也不会有什么声音，对所有圈外人而言仍然是一个神秘之物。它还没有进入（至少不是以一种严肃的方式）当代意识。更糟糕的是，它至今还未对今天的现实生活产生影响。
在这种情况下，我的这项研究欲图为一项遭到了长期延误，并且具有相当文化与政治重要性的任务做一点微薄和适度的贡献；这个任务就是要使从大屠杀这个历史片段中得到的社会学、心理学和政治学教训进入当代社会的自我认知、制度实践和社会成员之中。这项研究并不提供任何对大屠杀的新的解释；在此立场上，这项研究完全依赖于近来专业研究的惊人成就，我从中尽力汲取所需，受益良多。不过，大屠杀所揭示的过程、趋势和潜在可能性使这项研究必然集中于对社会科学（可能还有社会实践）的各种非常核心的领域进行修正。这项研究中各种探讨的目的不是要增加专业知识，也不是要增加社会科学家对边缘性学术的关注，而是要在社会科学的一般应用面前展示专家的发现，要以与社会学研究的主流旨趣有关的方式来解释这些发现，并把它们反馈到我们学科的主流中来，也由此把它们从当前的边缘状况提升到社会理论和社会学实践的中心地位。
第一章是有关社会学对大屠杀研究所提出的一些理论上和实际上的关键问题做出的反应（或者，更确切地说是这样的反应之少得惊人）的概览。其中的一些问题将在以后的章节里单独展开并更充分地进行论述。因此，第二、三章主要探究在现代化新条件下的各种界标性趋势所导致的张力、传统秩序的瓦解、现代民族国家的巩固、现代文明某些特性之间的联系（其中，科学修辞在社会工程各种抱负合法化的过程中的作用最为显著）、团体敌对的种族主义形式的出现，以及种族主义与种族灭绝计划的联系。考虑到大屠杀是一个典型的现代现象，脱离现代性的文化倾向和技术成就的背景就无法理解，因此在第四章，我力图直面的问题是，大屠杀在其他现代现象中占据的位置所具有的独特性与常规性之间真正的辩证统一。我得出结论是：大屠杀是本身相当普通和普遍的因素独特地相互遭遇的结果；这种遭遇可能在很大程度上会被归咎于垄断了暴力手段和带着肆无忌惮的社会工程雄心的政治国家的解放：从社会控制，一步步地到解除所有非政治力量源泉和社会自治制度。
第五章干的是费力不讨好的事，即带着特别的热情来分析那些我们“宁可不说”（珍尼娅·鲍曼，《晨冬》（Janina Bauman,Winter in the Morning),London: Virago Press, 1986, p.1。）的事情；即对一些现代机制的分析，这些机制使受害人在他们的受害过程中进行合作，并且产生了那些与文明进程使人高尚有道德的后果相悖而导致人性沦丧的强制性权威。第六章讨论的主题是大屠杀的一种“现代联系”，即大屠杀与权威模式的密切关系在现代官僚体系中发展到了完美的程度——这是对米格拉姆（Milgram）和齐姆巴多（Zimbardo）所做的重要的社会心理学实验的一个扩展评论。第七章是理论综述和结论部分，主要审视了目前道德在主导社会理论视野里所占的地位，并且主张进行根本的修正——这种修正主要集中在已经揭示出来的对社会（身体上和精神上的）距离进行社会操纵的能力。
尽管各章的论题有差异，我希望所有章节论述的指向都是一致的，都是为了加强中心主题。所有的论证都是为了支持从现代性和文明化进程及其后果的主流理论中吸取大屠杀的教训。这一切都源于一种信念，即相信大屠杀的经历包含着我们今天所处社会的一些至关重要的内容。
大屠杀是现代性所忽略、淡化或者无法解决的旧紧张同理性有效行为的强有力手段之间独一无二的一次遭遇，而这种手段又是现代进程本身的产物。即使这种遭遇是独特的，并且要求各种条件极其罕见的结合，但出现在这种遭遇中的因素仍然还是无所不在并且很“正常”。大屠杀之后并没有做足够多的工作去彻底了解这些因素可怕的潜能，为了克服它们可能带来的可怕后果而做的工作就更少了。因此从两方面来说，我相信我们可以做得更多——而且应该去做。
在撰写这本书的过程中，我从西耶特（Bryan Cheyette）、艾森斯达特（Shmuel Eisenstadt）、费赫尔（FerencFeher）、赫勒（Agnes Heller）、赫什佐维兹（Lukasz Hirszowicz)和查斯拉夫斯基（Vicor Zaslavsky）的评论和建议中受益匪浅。我希望他们在书中看到的不仅是对他们的观点和启发的一些微不足道的论证。我要特别感谢吉登斯（AnthonyGiddens）专心致志地阅读了书中一个接一个的观点，给予了有见地的评论并提供了最有价值的意见。我还要感谢罗伯茨（David Roberts）对这本书所做的仔细、耐心的编辑工作。
这本书的平装本包含了一个新的附录，名为“道德的社会操纵：行动者的道德化，行动的善恶中性化”。这是1989年《现代性与大屠杀》被授予社会学和社会理论的欧洲阿马尔菲奖时作者的发言稿。",https://img1.doubanio.com/view/subject/l/public/s29773240.jpg,2011-1,https://book.douban.com/subject/6006691/,8.9,,,振聋发聩。在这个时间点读完，我完全不困了。当道德责任崩塌，当默许自己成为冷冰冰的旁观者，当自我保全凌驾于道德逻辑，人甚至堪比虫豸。,,2016-05-15 14:16:07,[英]齐格蒙·鲍曼 / 2011 / 译林出版社
1041212379,观看之道,"编辑推荐
1.艺术入门经典，改变西方几代人的观看方式。1972年，由约翰•伯格主导的电视系列片《观看之道》在英国BBC播出，这个节目改变了西方一整个时代的观看方式，本书即是与之相配套的同名图文书。《观看之道》所普及的观念，是普通读者了解和观看西方艺术的重要手段，本书既是艺术欣赏入门经典，同时，它论及机械复制时代的艺术品、女性作为被观看对象、油画传统、广告与资本主义等部分的内容，亦是相关领域研究者的必读文本。
2.收录艺术史经典名作两百余幅，当代最伟大的艺术评论家权威解读。约翰•伯格是英国艺术史家、小说家、公共知识分子、画家，从1952年起，就开始为New Statesman撰稿，并迅速成为英国当代最有影响力的艺术批评家，本书精选艺术经典名作两百余幅，由约翰•伯格权威解读，精装再版，值得收藏。
内容简介
观看先于言语。观看确立了我们在周围世界的地位。他人的视线与我们的相结合，使我们确信自己置身于这可观看的世界之中。而当图像终于取代文字，充斥于视线所及的一切空间，我们又该如何观看而不致再度迷失？
本书论及机械复制时代的艺术品、女性作为被观看对象、油画传统、广告与资本主义等方面，配以两百余幅经典图像，与BBC同名纪录片一起，改变了西方一整个世代的观看方式，也必将适用于如今大大小小的手机屏幕和街边广告牌。从对视觉文化的深入探索和普及的角度而言，本书亦可与贡布里希爵士最杰出的著作互为补充。
名人推荐
我尊崇并热爱约翰•伯格的作品。他为世间真正重要之事写作，而非随性所至。在当代英语作家中，我奉他为翘楚；自劳伦斯以来，再无人像伯格这般关注感觉世界，并赋之以良心的紧迫性。他是一位杰出的艺术家与思想者。论诗意，他或许稍逊劳伦斯；但他更机敏、更关注公共价值，风度气节亦胜一筹。他是一位杰出的艺术家与思想者。
——苏珊•桑塔格
他不倦的窥探并非仅仅指向摄影与绘画，而是“观看”的诡谲。在我们可能涉及的有关观看的文献中，很难找到如此引人入胜的文字，这些文字有效化解了古典绘画被专业史论设置的高贵藩篱，也使照片摆脱过多的影像理论，还原为亲切的视觉读物。阅读伯格，会随时触动读者内心极为相似的诧异与经验，并使我们的同情心提升为良知。
——陈丹青
撇开意识形态立场不谈，伯格目前在几个领域里都是不可不读的大家。例如艺术理论和艺术史，你能不看《观看之道》和《毕加索的成败》吗？假如你研究摄影，你能不读他的《另一种讲述的方式》吗？假如你喜欢当代英语文学，你一定会在主要的书评刊物读到其他人评介他的新小说。更妙的是，他随便写一篇谈动物的文章，也被人认为是新兴的文化研究领域“动物研究”的奠基文献之一。综合起来看，他就和苏珊•桑塔格一样，是那种最有原创力也最有影响力的公共知识分子；虽然不在学院，也不按学院的格式写作，却创造出了很多名牌大学教授一辈子也弄不出来的观念。而且他还要写得那么美，拥有那么多读者。反过来说，今天我们中国也很流行讲“公共知识分子”，但很惭愧，我们似乎还没有人及得上伯格这一流，还没有谁会有这样的知识上的创造力。
——梁文道",https://img1.doubanio.com/view/subject/l/public/s28124098.jpg,2015-7,https://book.douban.com/subject/26427579/,7.8,,3,看了一集BBC生肉，跑过来看的，翻译略古怪，果然电视语言直接呈现为纸质文本还是有点问题呀，没有声画辅助，至少在逻辑上有些跳跃和混乱。作为纸质书，内容还是稍浅了些。,,2016-05-13 20:49:25,[英]约翰·伯格 / 2015 / 广西师范大学出版社
1036188080,“新启蒙”知识档案,作为“新时期”的20世纪80年代，被视为告别50—70年代的革命实践而进行文化“新启蒙”的历史时期。这个时期形成的文学观念、知识体制与思维模式构成了近三十年的新主流文化，也是人们理解当代中国六十年乃至整个20世纪历史的基本认知装置。90年代以来中国社会的变迁，使得如何评价这一认知装置变成了知识界的关键分歧所在。本书从探讨人道主义思潮、现代主义文学思潮、“寻根”思潮、“文化热”、“重写文学史”思潮、“纯文学”实践等6个文学与文化思潮着手，试图对80年代整体思想状况进行一番知识社会学考察。对每一思潮，不仅在新的历史视野中重构其基本历史轮廓和复杂脉络，更从叙事形态、知识构成与话语机制等不同层面重新解读其核心历史文本，尤其关注“知识”与“意识形态”之间的关联。这种研究的两个基本特色：一是跨学科视野，以文学文本为主，但扩大到美学、哲学、理论、历史研究等领域，力图把80年代思潮作为具有“共振性”的文化场域来加以把握；另一则是全球视野与中国问题的结合，从一种更具想象力的整体历史视野中揭示出80年代中国文化实践的不同面向，及其与90年代以来“全球化”现实间的关联。由此，本书希望在批判性地反思历史的基础上，重新描画80年代文化地图，以作为推进现实思考的参照。,https://img3.doubanio.com/view/subject/l/public/s29294492.jpg,2010-3-1,https://book.douban.com/subject/4744011/,8.7,,,知识缺位，先放一放。,,2016-05-12 17:21:54,贺桂梅 / 2010 / 北京大学出版社
1040448303,男性气质,本书分为三部分，第一部分考察了理解男性气质的方法，回顾了本世纪以来通过精神分析研究和社会研究来创建男性气质科学的主要尝试；第二部分阐述了作者在实地研究中获得的有关男性气质的观点；第三部分思考了当今有关男性气质的知识中的政治含义。本书旨在全面系统地介绍，分析和研究男性气质问题，对之做出有计划性的初步探讨，并同时保留深入讨论的空间。,https://img9.doubanio.com/view/subject/l/public/s1234606.jpg,2003-7-1,https://book.douban.com/subject/1085282/,7.9,,,,,2016-05-11 11:28:26,R.W.康奈尔 / 2003 / 社会科学文献出版
1036188183,文化理论与大众文化导论,《文化理论与大众文化导论(第5版)》是国际知名文化研究学者约翰·斯道雷所著之经典教材，在西方学界经久不衰，是公认的媒介与文化研究领域最为权威的综述性著作之一。《文化理论与大众文化导论(第5版)》对文化研究这一学科的历史，传统及当下的发展现状做了深入细致的分析，广泛涉猎文化主义，结构主义、马克思主义，女性主义和后现代主义等诸多重要的社会科学思潮，梳理国际学界对这一领域的最新研究成果，是文化研究、媒介研究、大众传播学，文艺批评以及新闻学等领城内学者与研究生阅读，参考的重要文献。《文化理论与大众文化导论(第5版)》是原著最新版的中译本。,https://img1.doubanio.com/view/subject/l/public/s8964409.jpg,2010-7-1,https://book.douban.com/subject/4882131/,8.9,,5,翻译非常好，扫盲读物。,,2016-05-09 12:39:05,(英) 斯道雷 / 2010 / 北京大学出版社
1036957226,蚀,"《蚀》包括三个略带连续性的中篇：《幻灭》、《动摇》、《追求》，以大革命前后某些小资产阶级知识青年的思想动态和生活经历为题材。《幻灭》写的是革命前夕的上海和革命高潮中的武汉。女主人公章静情感脆弱而富于幻想。她缺乏斗争的勇气；意志软弱。她对生活容易燃起希望，也容易感到失望。章静讨厌上海的喧嚣和“拜金主义化”，在读书和爱情两方面都感到了幻灭。为革命形势所鼓舞，她到革命中心的武汉。她换了三次工作，但是每次都“只增加些幻灭的悲哀”。章静抱着这种脆弱的感情和幻想，寻求个人心灵的寄托和安慰，结果是一次又一次地感到幻灭，这些都反映了革命浪潮冲击下某些知识分子共同的特点和命运。
《动摇》写的是大革命时期武汉附近一个小县城的故事。作为革命联盟的国民党县党部负责人方罗兰，在革命形势急剧变化的时候，动摇妥协，助长了反革命的气焰。他知道混入革命内部的胡国光的罪恶而不敢揭露和斗争。他害怕人民群众的力量。当革命遇到挫折的时候，他不但束手无策，而且为了个人的安全而决定离开革命。胡国光是一个“积年的老狐狸”，他利用种种卑污手段混进革命阵营，用伪装的革命面具掩盖自己的投机破坏行为。关于革命者李克，用墨不多，但多少勾勒出了他的敏锐果断、不屈不挠的革命精神。当革命危机已经显露的时候，李克以特派员的身分来到这个县城，是他指出了这个县过去工作的病根，是他冒着生命的危险去说服那些被胡国光所欺蒙和煽动了的群众，是他当革命遭受了失败，把革命的武装力量转移到南乡去准备继续战斗。正是由于这些斗争生活的反映，由于李克这个人物的出现，《动摇》成为三部曲中低沉气氛最少的一部。
《蚀》的第三部《追求》，如茅盾在《读〈倪焕之〉》中所说，意图在于“暴露一九二八年春初的知识分子的病态和迷惘”。其中所写的人物，在革命高潮期间都曾有过一度的昂奋，当革命处于低潮、白色恐怖笼罩全国的时候，他们既不肯与反动派同流合污，但又囿于阶级的局限，认不清自己的正确道路，故虽各有所追求，而最终都不免于失败。张曼青的“教育救国”和王仲昭的“新闻救国”的道路没有走通；章秋柳只能在官能享受的自我麻醉中毁灭着自己，也毁灭着别人；另一人物史循，则由怀疑、颓废以致求死不得。“理想与事实不相应合”，是这些人在“追求”失败后得出的共同结论。",https://img9.doubanio.com/view/subject/l/public/s4197636.jpg,2008年11月,https://book.douban.com/subject/3345597/,7.2,,,和巴金一样，都说自己年少时写的东西构思、落笔仓促，毛病很多，于读者有愧，再版时，这种亏欠感更强烈了。然而，学习中国现代文学却绕不开他们，因其书写的是历史的断面。,,2016-04-30 17:49:49,茅盾 / 2008年11月 / 人民文学出版社
1036178901,郁达夫小说集（上下）,,https://img1.doubanio.com/view/subject/l/public/s2764580.jpg,1982.2,https://book.douban.com/subject/2153594/,8.5,,,一开始读，我并不那么喜欢。郁达夫的文字里充斥着自我表现、自我暴露，甚至大胆地违反基本的人伦规范。后来，我才理解，要是我也遭受日本人无穷尽的歧视，被称作“支那人”，我的祖国积贫积弱，看不到光明的一天，我也该很想渲染这样的敏感，也该沉沦了吧。,,2016-04-28 00:09:45,郁达夫 / 1982.2 / 浙江人民出版社
1036022542,新教伦理与资本主义精神,"《新教伦理与资本主义精神》内容简介：作为沐浴着现代欧洲文明而成长的人，在研究任何世界性的历史问题时，都不免会反躬自省：为什么在西方文明之中，而且仅仅在西方文明之中，出现了某些文化现象，这些文化现象（正如我们一相情愿地认为）存在于一条具有普遍意义和普遍价值的发展线索中，这应当归诸怎样的环境因素呢？
仅仅在西方，科学在今天才处于我们公认的真实有效的发展阶段。经验性知识、对宇宙及人生问题的沉思，以及最为深奥的哲学与神学智慧，都不在科学的范围之内。不过，系统神学的全面发展，却应该仰赖深受希腊文化影响的基督教，因为伊斯兰教和一些印度教派神学只是一些片段，不成系统。简单说来，在其他地方也有精准细密的知识与观察，尤其是在印度、中国、巴比伦和埃及。但是，巴比伦以及其他各地的天文学却缺少最早从古希腊传承而来的数学基础（这使得这些地方天文学后来的发展更为令人惊异）。印度的几何学所没有的理性证明，那是希腊人智慧的另一结晶，它同时也创造了力学和物理学。印度的自然科学尽管长于观察，却没有实验方法。",https://img2.doubanio.com/view/subject/l/public/s4330891.jpg,2009-12,https://book.douban.com/subject/4717465/,8.6,,,,,2016-04-27 15:22:10,马克斯·韦伯 / 2009 / 中国社会科学出版社
1035068669,家,"巴金原名李尧棠，字芾甘。生于1904年，四川成都人，现代著名作家。他从小生活在一个官僚地主家庭里，目睹了种种丑恶的社会现象。“五四”运动使他打开眼界，树立起反对封建制度，追求新的社会理想的信念。1927年赴法国学习，第二年写成第一部长篇小说《灭亡》。1928年底回国，1931年后积极参加抗日救亡运动，和鲁迅来往密切。鲁迅认为“巴金是一个有热情的有进步思想的作家，在屈指可数的好作家之列的作家。”现为中国作家协会主席。
    他的主要作品，大都在1927年以后的二十年间写成的。包括长篇小说《爱情三部曲》(《雾》、《雨》、《电》)、《激流三部曲》(《家》、《春》、《秋》)、《抗战三部曲》(又名《火》)，中篇小说《寒夜》、《憩园》，另有一批短篇小说、童话、散文等。
    《激流三部曲》以五四运动后二十年代初期四川成都地区为背景，描写了在新的革命时期的一个封建大家庭(高家)走向崩溃的历史。作品展开了一个封建官僚家庭生活的全部，无情地揭露了封建地主阶级的腐朽堕落和封建礼教的虚伪残酷。作者塑造了梅、蕙、瑞珏等封建家庭妇女的形象，她们的痛苦与惨死，是对封建婚姻制度和旧礼教的血泪控诉。而鸣凤、倩儿等“下人”的死，则更深刻地揭露了阶级歧视和压迫的社会现实。作品没有停留在暴露这个“家”的罪恶、揭示它必然崩溃的命运上，而进一步描写了以觉慧为代表的觉醒的叛逆的一代。从一个侧面显示出“五四”时期的时代特色，“宣布一个不合理制度的死刑。”
    巴金作品的最大特色，是文以情生。这一点与曹雪芹十分相似。此外，巴金善于构筑鸿篇巨制，把众多的人物、纷繁的事件精巧地组织起来，情节波澜起伏，层层推进，步步通近高潮。作者还善于描写人物的心理活动，剖析人物灵魂，有深度、有立体感。",https://img1.doubanio.com/view/subject/l/public/s1107338.jpg,1981-09-01,https://book.douban.com/subject/1082522/,8.2,,,读完后又气又恼。像极红楼梦，却又不及。创造和毁灭、倾轧和斗争、忍受和挣扎，这样的闷死人的“家”何尝不是超时代的存在呢？,,2016-04-24 17:26:53,巴金 / 1981 / 人民文学出版社
1032213130,时尚的哲学,《时尚的哲学》是西美尔的文集，他的一贯主题、断片风格、暧昧行话、理论气质和哲学性情，在书中都展露无遗。,https://img3.doubanio.com/view/subject/l/public/s1078242.jpg,2001-9,https://book.douban.com/subject/1003013/,8.6,,4,“优雅中带着厌倦，暧昧中从不含混”是对西美尔写作风格较为精准的概括，然而这样片段式地阐释现代问题，让人往往不过瘾。已经很难分清，西美尔到底在进行学术写作还是文化批评，抑或两者兼有。于我，这本小册子里脍炙人口的篇目有《时尚的哲学》、《当代文化中的货币》、《陌生人》、《大都会与精神生活》、《桥与门》。,,2016-04-21 14:20:41,[德] 齐奥尔格·西美尔 / 2001 / 文化艺术出版社
1033425405,伊万·伊里奇之死,"《伊万·伊里奇之死》收录了五部世界经典中篇小说：《化身博士》、《三个正直的制梳匠》、《败坏了哈德莱堡的人》、《伊万·伊里奇之死》、《变形记》。
    [英]斯蒂文森著，仇惠译的《化身博士》讲述：杰基尔博士喝了一种试验用的药剂，在晚上化身成邪恶的海德先生四处作恶，终日挣扎在善恶之间。
    [瑞士]凯勒著，李俊丽译的《三个正直的制梳匠》讲述：小镇上三个制梳匠的庸碌生活。
    [美]马克·吐温著，田志云译的《败坏了哈德莱堡的人》讲述：一份意外之财让一个原本风气淳正的小镇变得乌烟瘴气。
    [俄]托尔斯泰著，张猛译的《伊万·伊里奇之死》讲述：一个官吏的一生揭露了整个官僚世界的恶。
    [奥]卡夫卡著，华璇译的《变形记》讲述：格里高尔早晨醒来后变成了甲虫，他的生活会变成怎样？",https://img2.doubanio.com/view/subject/l/public/s26376961.jpg,2012-8,https://book.douban.com/subject/19980346/,9,,,,,2016-04-19 20:01:57,[俄] 托尔斯泰 等 / 2012 / 江苏文艺出版社
1033171742,日常生活中的自我呈现,我想把这个研究报告当作一种手册，详尽叙述一种社会学观点。社会生活，特别是在建筑物或房舍的有形界限内有组织的社会生活，可以根据这种社会学观点来研究。我将描述一组特征，它们共同构成一种框架，这一框架能运用于任何具体的社会设施，无论是家庭设施、工业设施还是商业设施。本报告所使用的观点是戏剧表演的观点，其原理从舞台演出艺术原理引申而来。我将讨论个体在普通工作情境中向他人呈现他自己和他的活动的方式，他引导和控制他人对他形成的印象的方式，以及他在他人面前维持表演时可能会做或不会做的各种事情。,https://img9.doubanio.com/view/subject/l/public/s5902664.jpg,2008-4-1,https://book.douban.com/subject/3062632/,8.6,,5,精彩！人生如戏，戏如人生呐。读罢，对自我及他人在日常生活中“自我呈现”的认知又深化一层。然而，道理我们都懂，依然逃不掉譬如在社交网络上“必要”的粉饰。。。,,2016-04-18 23:02:41,（美）欧文·戈夫曼 / 2008 / 北京大学出版社
1020587391,我们赖以生存的隐喻,"本书作为当代语言学经典著作，是公认的认知语言学隐喻系统研究的开始，在国外隐喻研究中具有很大影响。乔治·莱考夫和马克·约翰逊在书中指出隐喻不仅是语言中词汇的问题，还是人类思维的重要手段,它直接参与人类的认知过程,是人类生存的基本方式，乃从认知的角度首次提出了概念隐喻理论(conceptual metaphor)。该书完全颠覆了几千年来人们对于隐喻的狭隘看法，国内外但凡论及隐喻、认知的论文和专著，无不以此为经典。
在我所看到的众多关于隐喻主题的讨论中，本书是最具有原创性和最有价值的。
—— James D. McCawley(著名语言学家)
有趣而又引人深思……正如莱考夫和约翰逊在每一页上所展示的，关于隐喻，最重要的是去体验它——这本书需要读者去体验，而不是去阅读。当读者和作者双方的概念结构同样在经验中得到反映时，这些观点才会发扬光大。这种人类的一切交流所共有的特性，通过莱考夫和约翰逊的艺术洞察力，在这本书中得到了强化，从而产生了一本论述重大人类主题的伟大图书。
——John M. Lawler,《语言学》
通过丰富的例证和清楚的分析,莱考夫和约翰逊迫使我们关注隐喻与概念范畴这一对问题。《我们赖以生存的隐喻》是彼此完全孤立的学科之间成功合作的实例。
—— Robbert Greene，《当代语言说明》",https://img2.doubanio.com/view/subject/l/public/s28024431.jpg,2015-3,https://book.douban.com/subject/26298597/,9,,,,,2016-04-09 18:48:26,[美] 乔治·莱考夫 [美] 马克· 约翰逊 / 2015 / 浙江大学出版社
1028902594,变形记,"内容提要： 
    本书囊括了卡夫卡所有的中短篇小说，共计76篇，其中《变形记》、《在流放地》、《在法的门前》、《乡村教师》、《中国长城修建时》、《致某科学院的报告》、《一条狗的研究》、《女歌手约瑟菲妮或耗子民族》等都是脍炙人口的名篇。这些小说均采用象征、隐喻、夸张等手法，情节生动，语言简洁流畅；故事怪诞离奇，无确定的时间和地点，无前因后果，给人以梦幻、神秘、奇特的感觉。作品的主人公几乎都处于一种身不由己的境地，他们在离奇古怪的世界中都有自己的目标，但往往又以失败而告终。
对于卡夫卡的评价及其作品的寓意，学术界历来就众说纷纭，莫衷一是，正是这种独到之处，才使人们几十年来孜孜不倦地玩味和研究它们，才是它们魅力永存的原由。

 目录： 
前言
一场斗争的描写
拒绝
街边的窗户
随意的凭眺
乡间婚礼筹备
杂货商
回家的路
从身边跑过的人
乘客
布雷西亚的飞机
公路上的孩子们
为骑士们的思考
不幸
城市世界
大喧闹
单身汉的不幸
突然决定的散步
决定
揭露一个骗子
成为印第安人的愿望
判决
变形记
村子里的诱惑
回忆卡尔达火车站
在流放地
梦
在法的门前
乡村教师(巨鼹)
副检察官
老光棍布鲁姆费尔德
桥
猎人格拉胡斯
骑桶人
豺狗与阿拉伯人
新律师
乡村医生
在顶层楼座上
视察矿山
下一个村庄
杀兄
邻居
中国长城修建时
往事一页
敲庄园之门
十一个儿子
杂种
致某科学院的报告
家长的担忧
日常的困惑
有关桑丘·潘沙的真相
海妖的沉默
普罗米修斯
回家
城徽
波赛冬
团体
夜
拒绝
法律问题
征兵
考试
兀鹰
舵手
陀螺
小寓言
初次痛苦
出门
代言人
绝食表演者
一条狗的研究
夫妇
算了吧!
论比喻
一个小女人
地洞
女歌手约瑟菲妮或耗子民族 
  
 
编辑推荐： 
    卡夫卡是现代主义文学的开山祖师，《变形记》是他的代表作品之一。如果你想了解现代主义文学，最好的办法就是从反复阅读《变形记》开始。 在《变形记》中，卡夫卡描述了小职员格里高尔·萨姆沙突然变成一只使家人都厌恶的大甲虫的荒诞情节，借以揭示人与人之间——包括伦常之间--表面上亲亲热热，内心里却极为孤独和陌生的实质，生动而深刻地再现了资本主义社会中人与人之间的冷漠。在荒诞的、不合逻辑的世界里描绘“人类生活的一切活动及其逼真的细节”，这正是著名小说家卡夫卡的天赋之所在。 对于卡夫卡的评价以及作品的寓意，学术界历来就众说纷纭，莫衷一是，正是这种独到之处，才使人们几十年来孜孜不倦地玩味和研究它们，才是它们魅力永存的原由。",https://img3.doubanio.com/view/subject/l/public/s1808533.jpg,2006-8,https://book.douban.com/subject/1873900/,8.7,,5,读变形记，心情是，开始的饶有趣味转为了最后淡淡的哀伤。“公共的我”意识到“自我”后，却成为了一个“非我”。,,2016-04-06 15:07:56,卡夫卡 / 2006 / 上海译文出版社
1028237684,社会学的想像力,《社会学的想像力(第3版)》堪称米尔斯一生学术精华的大成之作；它以批判美国社会学界的成果作为全书的探讨主题，运用知识社会学的观点，并结合作者在社会阶层等方面的研究经验，批判传统学科的抽象与僵化界限，由此强调”社会学想像力”的重大意义。,https://img9.doubanio.com/view/subject/l/public/s24559066.jpg,2012-11,https://book.douban.com/subject/20415056/,9,,4,一本薄薄的小册子，不如说是米尔斯的经验之谈，很有用、很真挚，和《治史三书》有异曲同工之妙。个人的生活体验是社会学想像力的重要源泉，有志于此的求学者要勤思勤记，善于用数学说话，交叉分类，建立属于自己的“学术档案”，以便日后的研究。,,2016-04-04 18:28:19,C·赖特·米尔斯 / 2012 / 生活·读书·新知三联书店
1026383329,金银岛 化身博士,"《金银岛》的故事主要从吉姆的角度展开，作者成功地把握了一个孩子的观察视角，使整个叙述从遣词造句到说话口吻都符合孩子的语言习惯。为青少年读者描绘的这幅探奇冒险的寻宝图，既散发着浓厚的孩童情趣，又飘逸着诱人的冒险气息，使这部作品一直深受青少年读者的喜爱。
《化身博士》是史蒂文生另一部风格迥异的作品。这是一个幻想的故事，描写人的内心同时并存善恶两种力量。主人公杰基尔医生具有双重性格，他平日里是一个受人尊敬的好医生，但内心却活动着种种邪恶的念头。这部作品无疑是用高度的文学技巧写成的。它把读者从现实引入另一个天地，那里发生种种不平常的事情，但是却被解释得合情合理。史蒂文生用离奇非凡的想像境界来表现他对人性的深刻怀疑，淋漓尽致地刻画出人类外表面貌和道德本质的对立。",https://img9.doubanio.com/view/subject/l/public/s8991175.jpg,2006-8,https://book.douban.com/subject/1894746/,7.9,,3,,,2016-03-30 11:33:20,[英] 罗伯特·路易斯·史蒂文森 / 2006 / 上海译文出版社
1025471772,神话修辞术/批评与真实,"本书收录巴特的两种著作，前者约14万字，后者2万余字。1952年巴特进入国家科学研究中心从事词汇学和社会学研究，在其后的七年间在《新文艺》杂志上发表了许多揭露大众文化迷思的文章，后来集结成《神话修辞术》(Mythologies, 1957)。从此，巴特被公认是关于我们怎样通过语言、服饰、手势相互交流的最有独创性的评论家之一。60年代初期，巴特在社会科学高等学院研究符号学和结构主义，他对传统学院文学理论观点以及大众文学形态作了论述，其独特的观点被称为新批评，引起其他思想家的不满，认为他漠视和不尊重文化中的文学根源。巴特则发表《批评与真实》（Critique et verite, 1966）与其对抗，控诉那种陈旧的、布尔乔亚式的不重视语言细节、刻意忽视其他理论概念（如马克思主义）挑战的批评方式；他热情地呼吁读者要摆脱既成观念，按照现代思想看待文学作品，而文学作品总是先由一种语言与其自身的冲突组成的。",https://img1.doubanio.com/view/subject/l/public/s3953738.jpg,2009-08,https://book.douban.com/subject/3865978/,8.7,,3,偶尔能从一大堆实例中挑出一两句亮点，前半本就是这样被我忽略过去的。。。,,2016-03-27 16:36:09,[法]罗兰·巴特 / 2009 / 上海人民出版社
1023431121,罗兰·巴特,"★《牛津通识读本》丛书新品，带你走入罗兰•巴特语言和风格的美妙国度
★ 美国著名学者乔纳森•卡勒继《文学理论入门》之后又一力作
★ 首都师范大学文学院教授，《谁是罗兰•巴特》作者汪民安作序推荐
罗兰•巴特（1915—1980）终其一生致力于研究人们是如何使他们的世界变得可知的。他的多重身份尤为引人瞩目：他是一位勾勒出“文学科学”之轮廓的结构主义者，一位符号学理论的大力推广者。他代表的不只是科学，还有愉悦，他认为文学使得读者独具创造性。他称作者已经死了，号召我们不要研究作者，而要研究文本。他出版了许多别具一格的著作，展示了个人非凡的想象力。
美国著名学者乔纳森•卡勒对巴特多样的理论贡献进行了梳理，描述了其探索的多个领域，促使我们改变了对于一系列文化现象的看法：从文学、时尚、摔跤和广告到对于个人、历史和自然的观念。",https://img3.doubanio.com/view/subject/l/public/s27467757.jpg,2014-9,https://book.douban.com/subject/25910256/,7.7,,3,,,2016-03-21 10:11:23,[美] 乔纳森·卡勒 / 2014 / 译林出版社
1022185048,美的历程,"本书是中国美学的经典之作。凝聚了作者李泽厚先生多年研究，他把中国人古往今来对美的感觉玲珑剔透地展现在大家眼前，如斯感性，如斯亲切。今配以精美的插图，本书就更具体地显现出中国这段波澜壮阔的美的历程。
《美的历程》是部大书（应该说是几部大书），是一部中国美学和美术史，一部中国文学史，一部中国哲学史，一部中国文化史。 　　　　 ——冯友兰
这样的著作能有多少呢？凤毛麟角吧，以十几万字的篇幅来完成这样一个”美的历程”，高屋建瓴，势如破竹，且能做到“天网恢恢，疏而不漏”，该细密处细密，该留连处留连，丝丝入扣，顺理成章，在看似漫不经心的巡礼中触摸到文明古国的心灵历史，诚非大手笔而不能为。
《美的历程》一书真是写得英姿勃发。才气逼人。单是标题，便气度不凡：龙飞凤舞。青铜饕餮。魏晋风度、盛唐之音，更不用说每过几页就有一段华彩乐章了。实际上，《美的历程》是可以当作艺术品来看待的。它充分地表现着李泽厚的艺术魁力。 　　　　 ——易中天",https://img3.doubanio.com/view/subject/l/public/s3893343.jpg,2009-7,https://book.douban.com/subject/3410718/,9.2,,4,本书是李泽厚围绕着“人”对中国古典文化的一次匆匆巡礼，带有很浓重的个人主观情绪，不过，对美的感知本来就是非常私人化的行为，不是吗？,,2016-03-17 18:09:43,李泽厚 / 2009 / 生活·读书·新知三联书店
1020437290,斯通纳,"《斯通纳》讲述了生命中最重要的部分：爱，认同，怜悯，志业，傲骨，信任与死亡。
一个勇者有过的失败不失意的人生：即使不能拥有完美的生活，所幸追求过完整的自我。
美国，密苏里州。来自偏远农场的农家子弟、19岁的威廉·斯通纳进入州立密苏里大学学习农学。自一堂选修文学课为起点， 他的一生就此悄然改变。未来的斯通纳成为了一名大学老师，结婚、生子、教学、退休、衰老、死亡。在他生命的尽头，或许他可以坦然面对这个问题：你的一生，还要期望别的什么吗？
一部蕴含着真诚、激情与紧凑力量的小说，探究了历史洪流所忽视的人性之间的冲突、溃败与幸存，重新唤起思考每个个体独特存在的意义。作者约翰·威廉斯向世人展示了凡人中的勇者在如何生活。
----------------------------------------
◆威廉斯的写作就像被打磨光滑的橡木上反射出本色、持久的光泽。这本书的伟大之处在于，它以不带一丝一毫悲喜的冷静洞察了生活本质的全部。《斯通纳》迟到五十年后畅销，是献给被亏欠的艺术一次迟来的正名。 ——《纽约客》
◆斯通纳活过，然后死去，如你我一样。他生活中发生的每一件事就发生在你我面前，看似平淡。然而，写出这种“简单”却需要天才才能完成。读这本书是一本令人难过却又美妙的阅读体验。 ——《星期日泰晤士报》
◆约翰·威廉斯的《斯通纳》刻画了一个将追求智识当作对抗无意义的战争、拒绝与外部世界作廉价妥协的人的一生。它的意义或许不只是一部伟大的小说——它简直是一部几近完美的小说，机构精巧，语言优美，故事动人，展示着一种夺人心魄的完美。 ——《纽约时报》
◆一件文学的珍宝。 ——《明镜周刊》
◆拥有超乎寻常的力量……直击生活的真相，语言清澈优美。它是一部献给所有热爱文学之人的传奇。 ——伊恩·麦克尤恩
◆一本精彩绝伦的小说，既丰富又忧郁，记录着伤痛与失去的同时也留存了美好温柔的时刻。这本小说完美展现了小说艺术的要素，它的叙事节奏与情节构架均堪称完美无缺。这本小说像一条河流，冷静而又流畅的平静笔调裹挟着磅礴延绵的力量。 ——亚当·福尔兹",https://img2.doubanio.com/view/subject/l/public/s28332051.jpg,2016-1,https://book.douban.com/subject/26425831/,8.8,,4,今年，这本书在中国畅销，距离它第一次出版，已过了好几十年。倒没有被琐碎文字本身触动，只不过，stoner在一生中所做的事情，几乎都是无悔的，这样的生活姿态我认为很好。,,2016-03-12 16:23:20,[美] 约翰·威廉斯 / 2016 / 上海人民出版社
1017620060,呐喊,《呐喊》收录作者1918年至1922年所作小说十四篇。1923年8月由北京新潮社出版，原收十五篇，列为该社《文艺丛书》之一。1924年5月第三次印刷时起，改由北京北新书局出版，列为作者所编的《乌合丛书》之一。1930年1 月第十三次印刷时，由作者抽去其中的《不周山》一篇(后改名为《补天》，收入《故事新编》)。作者生前共印行二十二版次。,https://img9.doubanio.com/view/subject/l/public/s34099286.jpg,1973-3,https://book.douban.com/subject/1449351/,9.2,,,小学生为什么要学这么难的课文？？？鲁迅的杂文我上了大学尚且还在读。。。,,2016-03-03 23:35:42,鲁迅 / 1973 / 人民文学出版社
1016885414,规训与惩罚(修订译本)(第4版),《规训与惩罚(修订译本)》旨在论述关于现代灵魂与一种新的审判权力之间相互关系的历史，论述现行的科学一法律综合体的系谱。在这种综合体中。惩罚权力获得了自身的基础、证明和规则。扩大了自己的效应，并且用这种综合体掩饰自己超常的独特性。,https://img9.doubanio.com/view/subject/l/public/s24411315.jpg,2012-9,https://book.douban.com/subject/20258505/,9.5,,5,“如果这意味着写一部现在的历史，那才是我的兴趣所在。”,,2016-03-01 17:14:28,[法] 米歇尔·福柯 / 2012 / 生活·读书·新知三联书店
1015957055,张枣的诗,这本诗集首次结集了张枣迄今为止所见的全部诗歌作品130多首，展示了这位当代最“低产”的杰出诗人的全部诗歌面貌。其中首次收集了诗人《镜中》之前的许多作品，给读者展示了一个《镜中》之前张枣。也收入了张枣后期的全部重要诗作。如《大地之歌》、《父亲》、《告别孤独堡》以及诸多短诗，包括张枣在病中的诗作。张枣生前的好友及学生搜集了诗人迄今能见到的全部诗作，编成这本诗集。,https://img1.doubanio.com/view/subject/l/public/s4421800.jpg,2010-7,https://book.douban.com/subject/4919996/,8.7,,,,,2016-02-27 22:34:39,张枣 / 2010 / 人民文学出版社
1015278549,本雅明,"瓦尔特•本雅明（Walter Benjamin）是批评家、散文家、翻译家和哲学家，20世纪最有影响的知识分子之一。他的著作除激发了有增无减的学术著作的生产外，还在小说、歌剧、电影和艺术界引起了强烈反响。在这部新的传记中，伊斯特•莱斯利（Esther Leslie）利用本雅明无数的日记、自传性作品和最新发表的全部书信，详尽细致地叙述了本雅明的生存环境和思想。她把本雅明放在中产阶级的生活背景之中；探讨了第一次世界大战前后德国动荡的社会、政治和经济状况；讲述了本雅明生前对玩具、立体图书、旅行和船只等怪异的爱好；天衣无缝地把本雅明的生活细节与其可利用但却集中的知识发展编织在一起，呈现了深陷愈加敌视的环境之中而思想胸怀却极为宽广的一位知识分子的多彩肖像。
遵循本雅明去卡普里、伊维萨、里加、莫斯科、巴黎、最后为逃离纳粹占领的法国而到达西班牙边界的一步步脚印，莱斯利挑战民粹主义把本雅明当成悲惨孤独的知识分子的描写，而回归他作为一位艺术战士和经验饕餮者的正确形象。
编辑推荐：
1、	本雅明是一位批评家、散文家、翻译家和哲学家，20世纪最有影响力的知识分子。被誉为“欧洲最后一位知识分子”。
2、	本书利用的是全新的第一手资料，叙述本雅明的生存环境和思想。
3、	到底谁是本雅明？《单向街》《拱廊计划》的由来，为什么他有对玩具、立体图书、旅行和船只等的怪异爱好，他为什么到处流浪，他的思想到底是怎样的、是如何形成的？他是自杀还是他杀，他短暂的一生为什么有世界性的影响力？他的哲学是如何改变人们的思维方式的？……本书透彻而全面地回答了这些问题。",https://img1.doubanio.com/view/subject/l/public/s27026109.jpg,2013-8,https://book.douban.com/subject/24889320/,6.1,,,读不下去了，不如去读文选。,,2016-02-25 21:36:53,[英]伊斯特•莱斯利 / 2013 / 北京大学出版社
1012845872,玻璃球游戏,"小说的故事大意是：在一个未来的世界里，玻璃球游戏成了音乐和数学演变而成的符号系统，是人类所有的知识和精神财富。由于纷繁的政治和战争，人类文明正面临毁灭的威胁。为拯救和宣扬人类这一精神文化，某宗教团体在做不懈的努力。克乃西特是个孤儿，由该宗教团体抚养成人，他天资聪颖，凭借自己出众的才华和优越的组织才能，在这个精英群体里不断上升，直至团体的最高顶端，成为玻璃球游戏大师。但随着年龄的增长，他逐渐不满足这个与世隔绝的精神王国，觉得在这种象牙塔里是不可能为民众做出贡献的。于是他来到现实世界，试图用教育来改善整个世界。然而他事业未竟，却在一次游泳中不幸溺水身亡。
本书是老年黑塞回溯其一生的精神体验的结晶。作品从1931年写到1934年，几乎与希特勒上台到灭亡同步。作者的目标很明确：“一是构筑抗拒毒化以卫护我得以生存的精神空间，二是表达悖逆野蛮势力的精神思想”。十二载的苦心经营，作者几乎动用了一切文学手段：诗歌、格言、书信、传记、理论等等，在这部小说中可称应有尽有，而且各种题材在书中既打成一片又相对独立，如作为附录的三篇记述不同历史时期不同国家信仰者的传记，貌视互不相关，却在本质上与整部作品浑然一体，密切呼应。",https://img1.doubanio.com/view/subject/l/public/s27889119.jpg,2011-6,https://book.douban.com/subject/6533037/,9.1,,5,说起阅读体验，就像在跑马拉松。中间有倦怠期，但只需要一瓶矿泉水，立马满血复活，临近终点不自主地加快阅读速度，一气呵成。灵光总在无所不包的文字里闪现，共鸣时时有，黑塞是我的神。这本可以算得上穷其一生所著，覆盖各种文学体裁：小说、诗歌、书信、传记......各种宗教伦理：基督教、印度教、道教......把黑塞的作品分个时间顺序逐一拜读有助于梳理他哲思的变化。对青年人来说，这部小说点亮的是他们的心灵暗区，使他们不至于在偌大的海上触礁。对精英分子而言，它又像是一剂镇定剂，告诫他们自己也是历史的构成......怪不得上世纪六十年代，美国大学生如此追逐黑塞，不是没有理由啊。,,2016-02-18 23:56:14,[德国]赫尔曼·黑塞 / 2011 / 上海译文出版社
1007829352,悉达多,"★ 深深影响了格莱美奖获得者——电台司令乐队。
★ 摇滚史上梵高式的传奇人物尼克•德雷克的灵感来源。
★ 美国“垮掉派”作家亨利•米勒的最爱。
★云门舞集创始人、台湾编舞家林怀民的《流浪者之歌》由此改编。
★《悉达多》是黑塞的第九部作品，1922年在德国出版，直到1951年在亨利•米勒的再三说服下，才有出版商出版了该书的英译本，此后逐渐在60年代的美国形成黑塞热潮，据说那时的大学生几乎人手一本。
★ 特别增补传奇作家保罗•科埃略的最新导言，保罗自言，他第一次看到黑塞《悉达多》是在一次被送进精神病院之后，阅读后让他得出一个结论——“我要选择自己的生命”。
★全球青年口耳相传，黑塞是被阅读最多的德语作家。
★谁读了《悉达多》，谁进行了体验，谁就可以摆脱外在的强制，摆脱随波逐流，摆脱约束和羁绊。
作家推荐：
★他（悉达多）象征那些寻求真理的人——那些寻求自我之真理的人。……赫尔曼•黑塞已然感受到我们这一代人那种内心的骚动、那种青春时代自寻其路的固有需求；这种需求让我们每个人都必须索取天经地义属于我们自己的东西：我们自己的生命。黑塞的这种先知先觉也必然启发未来时代的人们。
——保罗•科埃略
★人之一生，总有所惑。惑于理者心苦，惑于事者身苦，理事皆惑者活着已是大苦聚。悉达多却惑于生命自身，现成的答案经验皆不可用，于是悉达多流浪于声色犬马事业爱情之中，直到有一天遇见自己而豁然开朗，生命之惑顿除。这是每个追求自身生命真相的人必须面对的：生从何来，死往何处？
——明奘禅师
★因为黑塞我喜爱上一种独白式的文体，像日记，也像书信；像孤独时自己与自己的对话。黑塞的文学可能影响了一代的青年走向追寻自然、流浪、孤独，追寻自我的觉醒。
——蒋勋
★读完黑塞小说《悉达多》，有关修道者的书。他游历天下，最后坐在河边，师从于河流，流水日夜教会他。我想的，河流就是时间的形象，时间是宇宙秘密的源泉。永远流逝并且歌唱。
——周云蓬
★开始读黑塞的《悉达多》，这书了不得，给人一种焚香沐浴才能拜读的感觉。写的毕竟是关于人生悟道的事情，大有禅意。一个德国人来写禅，真是令人惊异。据说西方大学生全都人手一册的，到了这个程度，不读简直就是罪过了。
——李银河
古印度贵族青年悉达多英俊聪慧,拥有人们羡慕的一切。为了追求心灵的安宁,他孤身一人展开了求道之旅。他在舍卫城聆听佛陀乔答摩宣讲教义,在繁华的大城中结识了名妓伽摩拉,并成为一名富商。心灵与肉体的享受达到顶峰,却让他对自己厌倦、鄙弃到极点。在与伽摩拉最后一次欢爱之后,他抛弃了 自己所有世俗的一切,来到那河边,想结束自己的生命。在那最绝望的一刹那,他突然听到了生命之河永恒的声音……经过几乎一生的追求,悉达多终于体验到万事万物的圆融统一,所有生命的不可摧毁的本性,并最终将自我融入了瞬间的永恒之中。",https://img1.doubanio.com/view/subject/l/public/s22708710.jpg,2012-10,https://book.douban.com/subject/10549934/,9.1,,5,,,2016-02-05 13:31:07,(德)赫尔曼·黑塞 / 2012 / 上海人民出版社
1007315358,荒原狼,"赫尔曼·黑塞（1877-1962），德国作家，1946年获得诺贝尔文学奖。《荒原狼》是黑塞中期创作的代表作，亦是他创作生涯中的里程碑。
小说的主人公哈勒尔是个正直的作家，他鄙视现代社会生活方式，常常闭门不出，令人窒息的空气使他陷于精神分裂的境地。一天他偶尔读到一本《评荒原狼》的小书，顿觉大梦初醒，认为自己就是一个“人性”和“狼性”并存的荒原狼。之后他应邀参加聚会，发现与会者都有狭隘的民族主义观点，而他的反战言论遭到斥责，更觉自己孤独；回家时他遇到酒巴女郎赫米纳，获得肉欲欢乐；经赫米纳介绍他又结识了音乐人帕布洛和一姑娘玛丽亚，他在音乐和感官享受中忘却了一切烦恼和忧虑。但当他看到赫米纳和帕布洛亲近时，便“狼性”大发，出于嫉妒将赫米纳杀死。
小说幻想色彩浓郁，象征意味深远，被认为有“超现实主义”风格；托马斯·曼称它为“德国的尤利西斯”。",https://img9.doubanio.com/view/subject/l/public/s6783176.jpg,2011-5,https://book.douban.com/subject/6509468/,9.1,,5,荒原狼，我称之为一本黑塞“启示录”：你能从他的文本里攫取任何你想要的。,,2016-02-03 22:26:36,[德]赫尔曼·黑塞 / 2011 / 上海译文出版社
1006095487,自深深处,"我人生有两大转折点：一是父亲送我进牛津，一是社会送我进监狱。碰上你，对我是危险的，而在那个特定时候碰上你，对我则成了致命。命运将我们两个互不相干的生命丝丝缕缕编成了一个血红的图案，你的确真心爱过我。即使你拒绝收我的信，我也会照写不误，这样你就会知道，不管怎样，总是有信在等着你。
《自深深处》是王尔德写给他的同性恋伙伴道格拉斯的一封长信，这封信是王尔德在牢狱生活的最后几个月内写成的，信中充满了以道格拉斯爱恨交织的情绪，同时还集中阐述了王尔德的艺术观、生活观。",https://img1.doubanio.com/view/subject/l/public/s3051859.jpg,2008-4,https://book.douban.com/subject/3014444/,8.6,,5,王尔德就是位“传教士”，带给我唯美伤感却又启发无穷的哲思。另，很喜欢朱先生再创造的“自深深处”这个译题，“深深”的叠音传达的是王尔德发自心底、发自牢中的呼告。最后分享一句：To love oneself is the beginning of a life-long romance.💜,,2016-01-31 16:47:49,[英国] 奥斯卡·王尔德 / 2008 / 译林出版社
1005137887,包法利夫人,本书是法国19世纪批判现实主义文学大师福楼拜的代表作。这部在法国文学史上具有划时代意义的长篇小说，通过外省农村少女爱玛在修道院受到与自己出身完全不相称的贵族教育后，又受到消极浪漫主义思潮的影响而在嫁给平庸无能的乡村医生包法利做续弦后由失望逐步陷入堕落的泥潭，最后在高利贷逼迫下服毒自尽的悲剧，深刻地揭露了法国19世纪中叶恶浊的社会现实，被公认为巴尔扎克之后法国第一部杰作。,https://img3.doubanio.com/view/subject/l/public/s6385897.jpg,2011-5-1,https://book.douban.com/subject/6313450/,9,,5,福楼拜追求语言的完美，所以他的文字里有一种音律美，这对翻译家提出了更高的要求。这世界上有千千万的“包法利夫人”，最后被定义一种“包法利主义”——人所具有的把自己设想为另一个样子的能力。读罢，多多少少看到了无处不在的“包法利主义”。,,2016-01-28 21:53:48,[法]福楼拜 / 2011 / 上海译文出版社
1000238100,自杀论,《自杀论》作者为埃米尔·迪尔凯姆（1858—1917，又译为涂尔干），法国社会学家、人类学家，与卡尔·马克思及马克斯·韦伯并列为社会学的三大奠基人。作者在本书中批判了以个体心理学解释自杀现象的传统理论，建立了用社会事实的因果关系分析自杀的理论，阐述了社会与个人的关系。作者认为，当个体同社会团体或整个社会之间的联系发生障碍或产生离异时，便会发生自杀现象。本书是作者应用其所倡导的社会学研究方法的一个经典案例。,https://img1.doubanio.com/view/subject/l/public/s1291249.jpg,1996-12,https://book.douban.com/subject/1274469/,8.4,,4,果然是生于上两个世纪的，说文明有高下，我不认同。还有其他方面的不认同。但又听说涂尔干这一派在一战那个时间段差点就被灭了还是表达我深深的同情吧。毕竟搜集了这么多数据、图表，推翻、推论，还是严谨的。,,2016-01-15 15:50:55,[法] 埃米尔·迪尔凯姆 / 1996 / 商务印书馆
993566513,神堂记忆,本书在两个主题下对甘肃大川进行了精细的考察。第一个涉及人的受难，包括个人的遭遇和社区的挫败，第二个涉及对灾难的处理，以及在ZZ迫害、经济萧条、文化中断之后的复苏。,https://img3.doubanio.com/view/subject/l/public/s27050063.jpg,2013-7-1,https://book.douban.com/subject/24838641/,8.5,,5,一部对我启发很大的书。但不知在国内出版是否有所删节？桑格瑞作的序被删除了，诸多问题点到为止，并不作详细铺陈。用书中转引的一句话做结：“记忆是内化的历史。而历史则是对记忆施以社会规范的工具。那些能够操纵社会记忆的人们必将引领未来的走向。”,,2015-12-30 23:39:33,景军 / 2013 / 福建教育出版社
987699089,传播的偏向,"《新闻学与传播学经典译丛•大师系列:传播的偏向》内容简介：伊尼斯传播研究三部曲的核心著作，最详尽地阐释传播的“偏向论”和“帝国论”；建构、拓展并阐释“两论”，对传播的偏向、时间的诉求、空间的问题进行分析，给西方文明敲响警钟；与死亡赛跑——三部曲成形于他生前病入膏肓的几年，所以他把最丰富的思想浓缩在最短小的篇幅、最紧凑的句子之中。

海报：",https://img3.doubanio.com/view/subject/l/public/s24561902.jpg,2013-1,https://book.douban.com/subject/20492450/,8.4,,4,感谢我大一一整年学到的人类文明起源的历史小片段，帮助我理解这一部著作。有感于Innis的一丝不苟——注释就像百科全书的词条，贯通历史和现实。感人的是他在书尾还表现出对大学教育的关怀与反思。用尽生命的最后一段力气，写下一个宏观的传播学命题。🍀🍀🍀,,2015-12-15 22:40:01,哈罗德·伊尼斯 / 2013 / 北京广播学院出版社
982690491,消费社会,这部专著围绕消费这个中心对包括美国在内的西方社会进行了详尽而深刻的剖析，向人们揭示了大型技术统治集团是如何引起不可遏制的消费欲望，并在此基础上对阶级社会里的各个阶层重新进行了划分。内容包括物的形式礼拜仪式，消费理论，大众传媒文化等。,https://img9.doubanio.com/view/subject/l/public/s1662445.jpg,2001-5,https://book.douban.com/subject/1089142/,8.4,,3,读不懂，造成我的理解支离破碎，近乎精神崩溃。宁愿不要这些佶屈聱牙的东西，全无语言美感。,,2015-11-30 20:14:34,[法] 让·波德里亚 / 2001 / 南京大学出版社
980359932,批评官员的尺度,1960年，因为一则批评性广告，警察局长沙利文以诽谤为由，将《纽约时报》告上法庭，并申请巨额赔偿。两审失利后，几乎被各地政府官员相继提起的索赔逼至绝境的《纽约时报》，奋起上诉至联邦最高法院。九位大法官在“《纽约时报》诉沙利文案”中力挽狂澜，宣布“对公共事务的讨论应当不受抑制、充满活力并广泛公开”，维护了媒体、公民批评官员的自由。《纽约时报》资深记者、两度普利策奖得主安东尼•刘易斯，以翔实史料、生动笔触，系统回顾了这起新闻自由史上的里程碑案件，并循此为线，串接起美国人民争取言论自由的司法抗争历史，完美展现了霍姆斯、布兰代斯、汉德、沃伦、布伦南、布莱克、韦克斯勒等伟大法官和律师的形象。,https://img1.doubanio.com/view/subject/l/public/s6643899.jpg,2011-7,https://book.douban.com/subject/6401128/,8.9,,5,沙利文案是关于美国宪法第一修正案浓墨重彩的一笔，所谓“沙利文原则”由此确立，言论（不仅是批判官员的言论）的边界到底在何方，很大程度上在于法律如何界定“诽谤”，这考验着法官们如何依靠时代需求、主流道德和对政治理论的感和对公共政策的理解去阐释法条。,,2015-11-23 21:13:37,[美] 安东尼·刘易斯 / 2011 / 北京大学出版社
977188961,美妙的新世界,《美妙的新世界》是A.赫胥黎著名的幻想小说，含义深刻，耐人咀嚼，因此十分畅销。它1932年出版，到1966年的34年间已经出了哈珀版、新哈珀版、矮脚鸡版、矮脚鸡经典版等57版，共275万册。作者A.赫胥最脍炙人口的作品就是《美妙的新世界》，这本科幻小说为他赢得了巨大的世界声誉。这本书的名字意味深长。它来自莎士比亚的传奇剧《暴风雨》。本书主要刻画的是机械文明下的未来社会中，人的“人”性被机械剥夺殆尽，处于“幸福”状态的人们以几种种姓产生于工业化的育婴房，接受种种安于现状的教育，热爱机械化的工作与生活方式。他们拥有安定、无限的 “自由”，却丧失了科学、艺术、婚姻、个性、甚至喜怒哀乐。偶有对现状产生怀疑或叛逆心态者，均被视为不安定因素放逐边远地区。,https://img3.doubanio.com/view/subject/l/public/s4502037.jpg,2010-6-1,https://book.douban.com/subject/4872919/,8.7,,4,赫胥黎为我们构建出世界的新秩序——“美妙而稳定”。所有人都是批量化生产的结果，种姓严格地规定了五类人各自的职责，没有兄弟姐妹父母，人和人之间的关系达到了最大化的自由，书籍不被允许出版，任何悲痛都可以用吸食唆麻来解决。,,2015-11-14 18:52:23,阿道斯•伦纳德•赫胥黎 (Aldous Leonard Huxley) / 2010 / 译林出版社
976129528,公众舆论,本书是传播学领域的奠基之作，它第一次对公众舆论做了全景式的描述，自1922年问世以来，已被翻译成几十种文字，至今仍然保持着这个领域中的权威地位。其影响力经久不衰的奥秘在于，它卓有成效地梳理了舆论研究中一系列难以回避的问题．比如舆论从哪里来，它是怎样形成的?它能造成什么样的结果?谁是公众?公众舆论是什么意思?它是仅仅在公众中传播还是由公众自己形成的?它什么时候才能成为独立的力量?它对成见、兴趣、公意的形成和民主形象等问题做了精辟而深刻的探讨，完成了新闻史上对舆论传播现象的首次全面论述，为后人的研究奠定了基础。,https://img9.doubanio.com/view/subject/l/public/s1775274.jpg,2006-4,https://book.douban.com/subject/1809150/,8.4,,4,天啊我大概读懂三分之二，是翻译的问题吗？是吗？是吗。。。,,2015-11-10 21:48:05,(美)沃尔特·李普曼 / 2006 / 上海人民出版社
974096979,单向度的人,"赫伯特·尔库塞（Herbert Marcuse，1898-1979）是法兰克福学派左翼主要代表人物，本书是其最负盛名的著作，旨在揭示当代发达工业社会型的极权主义特征。此书在英国和美国出版后，先后在德国和法国出德文版和法文版，其后又译成多种文字在许多国家出版，被称为西方6 0年代末大学造反运动的教科书.
全书除导言外包括“单向度社会”、“单向度的思想”和“进行替代性选择的机会”三部分。作者通过对政治、生活、思想、文化、语言等领域的分析、批判，指出发达工业社会是如何成功地压制了人们内心中的否定性、批判性、超越性的向度，使这个社会成为单向度的社会，而生活于其中的人成了单向度的人，这种人丧失了自由和创造力，不再想像或追求与现实生活不同的另一种生活。本书对现代资本主义社会作了较为深刻的揭露和探索，但暴露出其社会批判理论的乌托邦性质。本书对研究兰克福学派和马尔库塞理论的发展，有重要的理论价值",https://img1.doubanio.com/view/subject/l/public/s10422918.jpg,2006-4,https://book.douban.com/subject/1787729/,8.5,,4,一些概念非常晦涩难懂，整部书弥漫着一股黯淡、悲观的情绪。作者不相信人们会在技术控制下的“新型集权主义社会”提出异见，就算有，也渐渐被“舒服自得”的日子安抚下去，这就是所谓的“单向度的社会”、“单向度的人”。,,2015-11-04 10:18:52,(美)赫伯特·马尔库塞 / 2006 / 上海译文出版社
972911308,洞穴奇案,《洞穴奇案》讲述的是五名洞穴探险人受困山洞，无法在短期内获救。为了维生以待救援，大家约定抽签吃掉其中一人，牺牲他以救活其余四人。借助这个假想公案，实际上反映了20世纪各个流派的法哲学思想，《洞穴奇案》既是法哲学专业领域寓言式的经典文献，又是大学跨学科通识教育的理想读本。《洞穴奇案》适合的读者是那些不热衷于给观点贴标签或猎寻虚幻、对严肃而有意义的论证充满兴趣的人。,https://img3.doubanio.com/view/subject/l/public/s29646443.jpg,2012-4-1,https://book.douban.com/subject/10488619/,8.9,,4,有些人有些机构总能够巧妙地裁剪事实，使得事实呈现出最利于那一方的姿态。,,2015-10-31 13:47:41,彼得·萨伯 / 2012 / 生活·读书·新知三联书店
971293399,浮生取义,"简介
“舍生取义”，常常被用来赞美自杀的忠臣义士，但这决不意味着，只有“舍生”才能“取义”。毕竟，需要舍生的场合很少，但“义”却是每个人在生活日用、揖让进退之间都该看重的。作者通过对华北某县自杀现象的田野研究，在现实语境中重新思考中国文化中“生命”和“正义”的问题，从家之礼、人之义、国之法几个层次理解现代中国人的幸福与尊严。书中的基本主张可概括为“缘情制礼，因礼成义，以理成人，以法立国”。
前言与鸣谢
在我们家乡的方言中，“过日子”被称为“过晌”。我大概5岁的时候，跟着我姥姥到她的娘家村去服侍她的母亲。当时我姥姥刚过70，我的太姥姥96岁。我总是听姥姥说“过晌”、“过晌”的，就禁不住问，到底什么是“过晌”呢？面对这样幼稚的问题，大人们自然会哄堂大笑，却也难以给出一个让我满意的答案。我的困惑自然不会打消，不过时间久了，这个词听得多了，好像就忘了我的疑问。直到开始这项研究的时候，我忽然又想起了当年的那个问题，这个时候，我的姥姥也和当年的太姥姥一样年纪了。
在日常生活中，总是有一些司空见惯的词汇和说法，我们从来不去思考它背后的意义，因而也不会觉得有什么探讨的价值。但我们一旦认真对待这些词，就会发现，恰恰是这些看上去最平常的词，才有着巨大的力量。“过日子”和“做人”都是这样的词。我在2002年要下田野的时候，姥姥身体还非常好，没有什么病，知道我要到农村去作研究，就会和我讲起老家很多很多的事，使我恍惚间回到了二十多年前。到了农村里，我母亲不断帮我克服一个一个的困难，帮我理解一个一个自杀背后的理由，我也在不断品味着姥姥给我讲的那些事情和道理，“过日子”这个词就在我脑子里逐渐清晰了起来。我最终决定把它当作理解自杀问题的最重要的概念工具，因为它使我能最好地理解这些普通人的生与死。
因此，面对那么多自杀者的悲惨故事，我一直在以我姥姥的人生当作参照系；甚至在理解西方思想中的人生理论时，姥姥的一生都成为我最根本的思想源泉。但没想到，在我回国半年后，姥姥病倒在了床上；就在我的书写到最后关头的时候，她未能等到看一眼，在自己99岁生日前几天，就驾鹤西去了；而且，最为遗憾的是，我女儿的出生竟然与此凑到了一起，使我无法抽身赶回，只能在妇产医院旁边的十字路口烧一点纸钱。
在研究和写作当中，我以前一直觉得很平凡的姥姥，却显得那么伟大起来。姥姥于1908年出生在一个读书人家，经历了两度江山易主，以及日本侵华、大饥荒、文化大革命这些灾难。二十世纪六十年代，丈夫和公公相继辞世时，她五十多岁，带着五个未成年的女儿，我母亲是老四。我的太姥爷，也就是她的公公，走前的最后一句话是，一定要让几个女孩子读书。当时正是六十年代初，生活状况很不好，但她牢牢记住了这句话，变卖家产，甚至卖掉了祖上传下的珍宝，宁愿让邻里讥嘲她不过日子，也要使自己的五个女儿都读书成才。
姥姥一生虽遭际坎坷，而言谈举止未尝逾礼，乐观豁达，宠辱不惊，侍奉翁姑尽心尽力，教育后辈有张有弛，在远近乡里更是扶危济困，善名远播。最终求仁得仁，福寿百年。一个世纪的沧桑变幻，在她和她的家庭面前都变得苍白无力，烟消云散。中国人过日子的方式究竟有怎样的力量，在这位普通农妇的身上表现得淋漓尽致。
在我姥姥生病的这一年多里，我母亲就慢慢写下了姥姥的一生。我之所以要把她写的一些内容附在本书的最后，不仅是为了纪念老人家，更重要的是，希望能从正面，而不仅仅是自杀者这样的反面，来窥见现代中国人过日子的智慧和境界。之所以说是现代，是因为，虽然姥姥在我们看来还是太传统了，但她面对的问题完全是现代中国的问题；我们要解决自己的问题，一定可以从她那里学到很多。
正是因为姥姥对我的思考的重要意义，我违反了一般鸣谢的惯例，把自己家的人放在了最前面而不是最后，希望读者能够谅解。人到中年，在经历了一些事情，读了一些书之后，才会慢慢体会到中国思想的深厚，才知道日常生活是一部最值得读的书。希望此书在终结了我对自杀研究的同时，开启对“过日子”的更多思考。
当然，如果没有这些年读书的经验，特别是西学的思考，那些日常生活的力量还是很难显露出来的。在我的过日子和做人的过程中，诸多师友的提携与警醒都是必不可少的。正如本书中一再表明的，除了亲人之外，我们还需要师友和国家，才能为自己建构一个立体的人生格局，才能为过日子添加更多的味道。因此，我必须把崇高的敬意献给我的老师：慷慨豪爽的凯博文（Arthur Kleinman）教授和她的夫人凯博艺（Joan Kleinman）、温文尔雅的曼斯费尔德（Harvey Mansfield）教授、随和宽厚的屈佑天（James Watson）教授和他的夫人体贴的华屈若碧（Rubie Watson）教授、博学的卡顿（Steve Caton）教授、和蔼的古德（Byron Good）教授，使我在康桥的日子充满了各种色彩；而杜维明教授不仅直接为我提供了经济支持，也让我深深理解了中华文明在世界上的地位和困难。国内的王守常教授、刘小枫教授、甘阳教授、王铭铭教授、杨念群教授、萧国亮教授、景军教授则使我的一切思考都无法和中国问题割舍开来。
若是一一列举给过我帮助的朋师友，势必成为一个极为冗长的名单。但我还是要提到，李猛一如既往地和我一同深入对每个问题的思考，如果没有他，这本书的完成是不可能的，应星、王利平、徐晓宏则曾经和我同下田野，与我一起体会了实地研究的艰难与收获。吴增定、渠敬东、赵晓力、周飞舟、毛亮、强世功、汪庆华、郭金华，张跃宏、李诚等与我作了多次讨论，帮我修正了很多问题。此外，不得不提到的是，与我一同赴美的同学胡宗泽和我共同渡过了初到美国最艰难的阶段，是我永远不会忘记的；而林国华和郑文龙二兄使我没有陷入美国专业教育的泥沼中，也令我感激不尽。我特别还要感谢我的师妹何江穗。她曾经费尽辛苦，帮我将我姥姥口述的十几盘磁带录成文字。
回国之后，北大哲学系的赵敦华、陈来、张志刚、孙尚扬、尚新建、李四龙等教授为我新的研究和教学生活提供了极大的便利。更重要的是，初为人师的我逐渐开始进入一种新的伦理关系。得天下英才而教之已经成为我生活中极大的快乐。能够让学生们有所收获，已经成为我现在继续研究的主要动力。感谢我所有学生的理解和支持。
此外，还要感谢哈佛－燕京学社、弗里德曼基金会、香港中文大学研究基金、中国博士后科学基金、中国教育部留学回国人员科研启动基金对我的研究的经济支持。
本文中的一些章节陆续在一些刊物上发表过，在此感谢这些刊物允许此处重刊：1.1以“自杀中的‘正义’问题”刊于《社会学家茶座》第十八辑，2.1和2.3以“论‘过日子’”刊于《社会学研究》2007年第 6期，4.2以“夫妇之礼与家庭之义：一个个案分析”刊于《乡土中国与文化自觉》文集（三联书店，2007）。
吴 飞
2008年7月于北京",https://img1.doubanio.com/view/subject/l/public/s4585538.jpg,2009-11,https://book.douban.com/subject/4146756/,8.2,,3,没赞誉中说的那么好。感性认识和理论认识在某种程度上杂糅了，农村真是中华民族永恒的、不竭的创作源泉。。。啊,,2015-10-25 22:16:36,吴飞 / 2009 / 中国人民大学出版社
968746464,人间草木,"《人间草木》(汪曾祺著)是汪曾祺优秀的散文集。当代文坛上,能同时在小说和散文两块田地里经营,且自成一家的并不多,汪曾祺先生算是其中的一个。汪曾祺先生是公认的文体家,不仅能写一手优秀的小说,还能写一手漂亮的散文。",https://img1.doubanio.com/view/subject/l/public/s1201610.jpg,2005-01,https://book.douban.com/subject/1253310/,9.2,,5,有情致的生活之人才能写出此等恬淡的小品。阅读体验——就像嘴里含着一颗薄荷糖，清凉，滋润。,,2015-10-17 19:55:06,汪曾祺 / 2005 / 江苏文艺出版社
968201430,幻影公众,本书是李普曼最富盛名的著作之一，是《公众舆沦》一书的姊妹篇。作者阐述了如下观点：建立在民众广泛参政基础上的传统民主只是一个神话，传统民主理论所塑造的神圣的公众形象无异于幻影。公众无法真正拥有至高无上的政治统治权，他们必须走下圣坛，去做他们该做的事。自1925年出版后，本书已被翻译成多种文字，影响持续不衰。评论认为： “《幻影公众》与《公众舆论》一样，将成为美国政治思想史中的一部现代经典著作。单凭从其与众不同的文字角度看，它也值得被一遍遍阅读。”,https://img9.doubanio.com/view/subject/l/public/s26585046.jpg,2013-1,https://book.douban.com/subject/20473872/,8.3,,4,该书写成于一战后，李普曼看透威尔逊政府的嘴脸，对战时实行的新闻检查不满，原来，“民主”和“公众”的概念在他看来都不过是“幻影”。“公众”并不像约翰·弥尔顿等人所认为的可以运用他们的理性去判断一切事物，他们的知识、精力有限，他们的政治素养及参与度值得商榷…“民主”也同时是产生多数人暴政的根源…虽然本书有一定的时代局限性，李普曼也不能够为改造世界提出一个可行的方案，但不妨碍我们去反复思考“民主”的意义。,,2015-10-15 22:53:59,[美]沃尔特·李普曼 / 2013 / 复旦大学出版社
963075713,上海罢工,"20世纪的中国经历了一系列根本性政治变革，从推翻帝制的辛亥革命到共产党取得全国政权，所有这些变革都曾受到工人运动的极大影响。
《上海罢工：中国工人政治研究》这部专著在广泛吸收欧美工人问题研究成果的基础上，将工人政治放在比较的角度加以研究，以一种更普遍的眼光关注罢工、工会、政党等问题，探讨了工人的文化与生活状况，为人们展示了一幅20世纪上半叶中国工人丰富多彩的画像。",https://img1.doubanio.com/view/subject/l/public/s1323740.jpg,2001-9,https://book.douban.com/subject/1315804/,8.5,,,怎么样才能让我看下去这本书，求解药。😦,,2015-09-29 16:10:48,[美] 裴宜理 / 2001 / 江苏人民出版社
958703149,江城,"1996年8月底一个温热而清朗的夜晚，我从重庆出发，乘慢船，顺江而下来到涪陵。
涪陵没有铁路，历来是四川省的贫困地区，公路非常糟糕。去哪里你都得坐船，但多半你哪里也不会去。在随后的两年，这座城市就是我的家。
在这里，我有时是一个旁观者，有时又置身于当地的生活之中，这种亲疏结合的观察构成了我在四川停留两年的部分生活。
2001年，也就是这本书在美国出版的时候，一条通往重庆的高速公路通车了，一条铁路也正在修建之中，基本上再也没有人坐船去涪陵了。这座城市正在飞速发展着，在过去的二十年，那样一种转型变化的感觉——接二连三、冷酷无情、势不可挡——正是中国的本质特征。很难相信，这个国家曾经完全是另外一种模样，是19世纪西方人眼中“永远停滞的民族”。
2003年，三峡大坝一期完工后，不断上涨的江水将陆续淹没那些江畔之城，这多少令我有些伤感。而对于大多数中国人来说，这正是不断变革的对应面：贫穷、烂路、慢船。
这并不是一本关于中国的书，它只涉及一小段特定时期内中国的某个小地方。从地理和历史上看，涪陵都位于江河中游，所以人们有时很难看清她从何而来，又去往何处。
在1996年至1998年间，我学会了热爱涪陵。能再次回到长江上的感觉真好，哪怕它的旧时激流只存于我的记忆之中。",https://img9.doubanio.com/view/subject/l/public/s32271204.jpg,2012-1,https://book.douban.com/subject/7060185/,9.1,,4,之前读了《寻路中国》，这次读完《江城》，最大的心愿竟是让“霍伟”再来现在的中国西部，西北部考察一番。老话说三十年河东，三十年河西，我看，完全用不着三十年，十年就会发生翻天覆地的变化。（当然，是对日新月异的中国来说。,,2015-09-28 18:43:10,[美] 彼得·海斯勒 / 2012 / 上海译文出版社
960836762,新闻的十大基本原则（中译本第二版）,这是一本针对新闻工作者和普通公民的普及性读物。本书的主旨是找出合格的新闻工作者所应具备的最基本的个人品质，也就是书中总结的新闻的十大基本原则。作者经过大量的调查与访谈，对新闻工作者的共识进行了概括和描述。,https://img1.doubanio.com/view/subject/l/public/s27637338.jpg,2014-9,https://book.douban.com/subject/26148300/,9,,4,和行业息息相关的一本书，打破了过去阅读专业书籍带给我的陈旧感。很多概念的再解读，加上自己小小的实习经历，作为受众的我换位思考，使得对“从业须知”和“公众期待”的理解更进一步。,,2015-09-21 15:17:00,[美]比尔·科瓦奇(Bill Kovach) [美]汤姆·罗森斯蒂尔(Tom Rosenstiel) / 2014 / 北京大学出版社
960297887,陶庵梦忆 西湖梦寻,《陶庵梦忆》展示了明末色彩斑斓的市民阶层的生活情态，书中所载多琐屑之事，涉及城市胜概、山川景物、风俗人情、文学艺术等各个方面。,https://img3.doubanio.com/view/subject/l/public/s4039793.jpg,2001-5,https://book.douban.com/subject/1053088/,9.3,,5,“前有急湍洄溪，水落如雪，松石奇古，杂以名花。童子进茗果，积书满架......”陶庵梦中可坐、可风、可月的地方不止存在于梦中，更存于文中。,,2015-09-19 18:13:42,[明] 张岱 / 2001 / 上海古籍出版社
959586454,岛上书店,"每个人的生命中，都有最艰难的那一年，将人生变得美好而辽阔。
---------------------
A．J．费克里，人近中年，在一座与世 隔绝的小岛上，经营一家书店。
命运从未眷顾过他，爱妻去世，书店危机，就连唯一值钱的宝贝也遭窃。他的人生陷入僵局，他的内心沦为 荒 岛。
就在此时，一个神秘的包袱出现在书店中，意外地拯救了陷于孤独 绝境中的A．J．，成为了连接他和妻姐伊斯梅、 警长兰比亚斯、出版社女业务员阿米莉娅之间的纽带，为他的生活带来了转机。
没有谁是 一座孤岛，每本书都是一个世界 。
小岛上的几个生命紧紧相依，走出了人生的困境，而所有对书和生活的热爱都周而复始，愈加汹涌。
----------------------
现象级全球畅销书
美国独立书商选书第1名 美国图书馆推荐阅读第1名
席卷《出版人周刊》《纽约时报》《华盛顿邮报》《图书馆日报》各大榜单
一年之内畅销美国、英国、德国、法国、荷兰、西班牙、巴西、意大利、丹麦、芬兰、挪威、瑞典、冰岛、波兰、加拿大、土耳其、以色列、日本、韩国等25国！
----------------------
媒体及名人推荐：
1. 一封情书，致阅读的隐秘乐趣。——美国国家公共电台
2. 泽文是高明的作者，聪颖机智，她对书的热情显而易见。──《出版人周刊》
3. 有趣、温柔、动人，恰如其分，又汹涌澎湃，《岛上书店》提醒了我们，为什么阅读，为什么去爱。——《图书馆日报》
4. 像小鹿一样蹦跳而迷人的一个小故事。——《娱乐周刊》
5. 有时候轻巧风趣，有时候纯真质朴，但一直带给你相当高的阅读愉悦感。一本惹人喜爱的文学小说，讲的是独立书店的孤傲老板，卖书和寻找真爱的故事。——《柯克斯书评》
6. 泽文延续了这个年代罕见的传统──她创作了一本娱乐性很高的小说，虽是小品，但能攫取人心；尽管有趣，却不甜腻滥情。更难得的是，她对书、书店以及爱书人的未来，充满见解。──《华盛顿邮报》
7. 《岛上书店》有一点儿推理小说的成分，和一点儿爱情小说的成分，但归根结底，它的内核是一个关于爱的故事：对书本的爱，对家人的爱，对周围每个人的善意与爱。它自身就携带了爱的魔咒，这是你今年的必读之书。——《书页》
8. 在这部甜美、向书店致敬、振奋人心的小说中，泽文完美捕捉到读者与书籍配对的喜悦。耐人寻味的角色、对于书籍销售的深入理解、关于经典作品的精辟评论，还有对读书会以及营销活动的幽默描述，爱书人将难以抗拒。──《书单》
9. 这本书提醒了我们，爱与被爱的能力、付出与接受的意愿，能拯救陷于孤独绝境中的我们。一则美妙、动人的故事，关于人生的救赎与转化，它会在你胸中回荡许久许久。──《我在雨中等你》作者加思•斯坦
10. 一场轻松且澎湃的盛宴，如果你曾经想象过一个社会的宝藏──书店，它是如何运作的话，这本书非常合你胃口。──《食欲风暴》作者洁米•艾廷博格
11. 这是一本幽默、浪漫、略带悬疑的小说，而其中最重要的元素是爱──对书、对爱书人，或者应该说是对人性不完美荣光的爱。──《雪地里的女孩》作者艾欧文•艾维
12. 一部相当有力量的小说，重现了、重振了小说这种文体的力量。但这本书并没有夸张，故弄玄虚，迂腐地掉书袋，或者来点不着边际的哲学思考。《岛上书店》是写给真正热爱书本的那群人的，他们能准确地认出一个叙述得绝妙的故事，并准确感受到这个故事饱含的力量。——《多伦多国际邮报》
13. 我狼吞虎咽地读完了这本书。这是一封写给文字的情书，魅力四射，风趣非凡。它让你一直开心一直微笑，但喉头又时常哽咽。 ——《泰尼福的小屋》作者娜塔莎•所罗门
14. 你很容易就对他们心生好感，你很容易就为他们拍手叫好，费克里和他那些奇形怪状的朋友们家人们，他们温柔、温暖，脆弱，古怪，就像曾经也处于困境中的你和我。这本书能轻松成为畅销书黑马。毕竟，《岛上书店》实在魅力非凡，光芒四射。——《明尼阿波利斯市星星先驱报》
15. 一个美丽的故事，关于再一次鼓足勇气去爱，再一次得到真爱。——A.V.俱乐部
16. 这是一本不应该被错过的书。如果你喜欢书，喜欢古旧书店，喜欢美好的人类正在过着的平凡而美好的生活，你一定爱上这本《岛上书店》！事实上，我想我应该去再读一遍这个故事了！——《罗诺克时报》
17. 每个人，任何人，只要他喜欢书、喜欢书店，喜欢因阅读而认识的这个庞杂博大世界，那他就会不可自拔爱上这本书。——《维齐塔鹰报》
18. 在夏天阅读这本甜美又纯洁的书，重温爱和失去，重温友情的力量，重温世间所有书。即使身在盛夏，也仿佛是在微风徐徐的某个春日，那天阳光灿烂却温和，惠泽大地万物。你不想这天结束，你不想这场阅读结束。——《家庭圈》杂志
19. 作者控制得很完美，把故事写成了传奇，关于生命、爱、冒险和成长的传奇。——《兰辛州日报》
20. 我不够欣赏我对待《岛上书店》的态度。我痛恨泽文女士在这部古怪机智、妙语如珠的小说中展示出来的技巧和大师风范。我讨厌这部小说，它竟然如此好读，如此引人入胜。我深深憎恶这部小说要命的见鬼的魅力，我还憎恶它的简洁精当，憎恶它的干脆利落，憎恶它的清新洗练！嗷嗷嗷！……最终评语：这次像闪电一般的快速阅读实在太太太令人享受了！我要把这本书藏在过期杂志后面不让人看到……——《图书馆日报》“给伙计们的书”博客",https://img1.doubanio.com/view/subject/l/public/s29810488.jpg,2015-5-1,https://book.douban.com/subject/26340138/,7.6,,4,要是我把A.J.F的书单都读完就好了。😊,,2015-09-16 21:24:43,[美] 加布瑞埃拉·泽文 / 2015 / 江苏凤凰文艺出版社
958702899,寻路中国,"我叫彼得·海斯勒，是《纽约客》驻北京记者。这本书讲述了我驾车漫游中国大陆的经历。
2001年夏天，我考取了中国驾照，在此后的七年中，我驾车漫游于中国的乡村与城市。这七年也正是中国汽车业的高速发展期，单在北京一地，每天申领驾照的新人就有一千多，其中有好几年，乘用车销售额的年增长率超过了百分之五十。仅仅两年多的时间，中国政府在乡村所铺设的公路里程数，就超过了此前半个世纪的总量。
《寻路中国》一书有几条不同的线索。它首先叙述了我由东海之滨沿着长城一路向西，横跨中国北方的万里行程；另一条线索集中讲述了一个因中国汽车业的高速发展而发生巨变的乡村，在这里，我特写了一个农民家庭由农而商的变化经历；最后，则是中国东南部一个工业小镇的城市生活场景。书中所描述的这种由农而工而商、乡村变身城市的发展，正是1978年改革以来中国所发生的最重要的变化。
《寻路中国》是我的中国纪实三部曲之尾曲。它探讨经济，追踪发展的源头，探究个人对变革的应对。如前两本书那样，它研究中国的核心议题，但并不通过解读著名的政治或文化人物来实现这个目的，也不做宏观的大而无当的分析。它相信通过叙述普通中国人的经历来展现中国变革的实质。我经常在一地连续呆上数月、甚至数年，跟踪变化。我不会仅仅听主人公自己讲述，我会睁大眼睛，看着他们的故事在我面前一点点展开。
这三本书横跨了我的中国十年，从1996至2007。我们可以看出，这个处于世纪之交的十年是中国历史上最关键的时期之一。正是在这十年中，中国经济实现了腾飞，中国对外部世界的影响力开始增大。更重要的是，这是邓小平去世后的第一个十年。在这十年中，中国历史的面貌开始变化，大规模的政治事件与强力领袖开始从中退却。相反，中国巨变的推动者变成了普通人——走向城市的农民、边学边干的企业家，他们的能量与决心是过去这十年中的决定因素。从《江城》到《甲骨文》再到《寻路中国》，我所讲述的都是他们的故事。",https://img1.doubanio.com/view/subject/l/public/s32271209.jpg,2011-1,https://book.douban.com/subject/5414391/,9,,4,《寻路中国》——我看到Peter Hessler视野里的中国。和我想象的一样，写长城、西北乡村、中国东南部工厂……这些都是歪果仁很感兴趣的中国元素。有人评价这本书“是连一些生活在中国的青年人都不知道或拒绝认识的中国”，这一点我不承认，因为我，中国的青年人，就没有拒绝认识这一切呀。。。不敢断言这本书写得多么“准确”，但这至少是一份观察入微、内容翔实的田野考察材料。给做记者的提了个醒，要好奇，要发现，要聆听，要记录，要辨别。,,2015-09-13 17:19:04,[美] 彼得·海斯勒 / 2011 / 上海译文出版社
958701615,扶桑,"扶桑，一个19世纪60年代的中国女子；克里斯，一个同时代的白人少年。他们在美国的圣弗朗西斯科相遇相识，发生了恋情。因为扶桑是个20岁的中国妓女，而克里斯是个家境殷实的白人少年，这爱情不仅凄迷，而且成了命运的挑战。
性格即命运，因为扶桑怪异的性格，也使得她在大起大落的命运波折中挣扎起来。从被卖为妓女，到被人轮奸，到与自己的丈夫失之交臂，这一切仿佛都无法在扶桑的内心印上烙印。她从从容容地听从本能的体认，以三寸金莲走过一个又一个灾难。扶桑的性格在作者如此刻画下，有了非同一般的现代意义。",https://img9.doubanio.com/view/subject/l/public/s26036464.jpg,1998-10-1,https://book.douban.com/subject/1124305/,8.1,,3,严歌苓怎么了？好造作的文风，看着我的眼睛和内心都是疲劳的，不知为何，想起了梁家辉和一个法国小女孩演绎的电影版《情人》。😳,,2015-09-13 17:14:06,严歌苓 / 1998 / 春风文艺出版社
957179159,曾国藩的正面与侧面,"作为一本研究曾国藩的专著，《曾国藩的正面与侧面》不仅讲述了曾国藩跌宕起伏的一生，同时也揭露了曾国藩诸多不为人知的方面：一生遭遇过的五次重大挫折；与左宗棠的纠结和情谊；一生收入与支出；如何看待风水、相面、算卦和天命等。张宏杰笔下的曾国藩更具体温。同时，《曾国藩的正面与侧面》填补了历史研究的一块空白：首次详细研究了一位古代官员的收入与支出，揭示了清代官员的工资条、灰色收入与实际收入的关系。
曾国藩其实是一个挺有意思的人：他老人家很少洗澡，经常几个月才洗一次脚。他在做总督的时候，用下属单位进贡的钱，给自己建了一个“小金”库。用这个小金库的钱公款吃喝、送红包。
他老人家在打仗的时候，一遇到左右为难之时，就翻开《易经》，自己算卦。
他曾经十分迷信风水，甚至嘱咐自己的弟弟要好好研究风水之学。不过到了晚年，他又改信“天命”，对风水置之不问。
真实的曾国藩，远比那个“永远正确”的“圣人”可爱。曾国藩不仅仅是一个政治家或军事家、思想家，他首先是一个人…一个生活在尘世中，挣扎、纠结、冲突和矛盾的人，一个既有灵魂又有体温的人。",https://img1.doubanio.com/view/subject/l/public/s4669140.jpg,2011-2,https://book.douban.com/subject/5922204/,8.3,,2,,,2015-09-07 18:32:42,张宏杰 / 2011 / 国际文化出版公司
952964603,死水微澜,本书包括的作家李劼人所著的小说《死水微澜》。本书的时代为一八九四年到一九○一年，即甲午年中国和日本第一次战争以后，到辛丑条约订定时的这一段时间。内容以成都城外一乡镇为主要背景，具体写出那时内地社会上两种恶势力（教民与袍哥）的相激相荡。这两种恶势力的消长，又系于国际形势的变化，而帝国主义侵略的手段是那样厉害。值得一阅。,https://img3.doubanio.com/view/subject/l/public/s6388537.jpg,2000-7,https://book.douban.com/subject/1394402/,8.6,,3,浓浓的成都腔调，奇人奇事，乡土文学。,,2015-08-24 15:55:04,李劼人 / 2000 / 人民文学出版社
951140605,无声告白,"我们终此一生，就是要摆脱他人的期待，找到真正的自己。
——————————
莉迪亚死了，可他们还不知道。
莉迪亚是家中老二，李先生和李太太的掌上明珠，她遗传了母亲的蓝眼睛和父亲的黑头发。父母深信，莉迪亚一定能实现他们无法实现的梦想。莉迪亚的尸体被发现后，她的父亲内疚不已，母亲则一心报复。莉迪亚的哥哥觉得，隔壁的坏小子铁定脱不了关系，只有莉迪亚的妹妹看得一清二楚，而且，她很可能是唯一知道真相的人……
——————————
关于爱与失去，以及我从未告诉你的秘密
——————————
就是她！征服欧美文坛的华裔作家！
凭借处女作夺得2014美国亚马逊年度最佳图书第1名
击败斯蒂芬•金、村上春树等99位大牌作家，横扫欧美所有榜单
——————————
◆2014 美国亚马逊年度最佳图书 第1名
◆2014 美国国家公共电台年度最佳图书
◆2014 Buzzfeed最佳虚构类图书
◆2014《学校图书馆期刊》年度最佳图书
◆2014《赫芬顿邮报》年度最佳图书
◆2014《纽约时报书评》年度百佳图书
◆2014《TIMEOUT纽约》年度十佳图书
◆2014《奥普拉》15本年度必读文学&虚构类图书
◆2014《纽约时报》超级畅销书
◆2014《书目》编辑年度之选
——————————
媒体及名人推荐：
◆
即使我们熟知身边有这类故事，也从来没在美国小说中见过，起码，在伍绮诗之前，没有谁处理过这类故事。这部小说写的是成为“异类”的那种负担与压力，这种负担与压力，通常会摧毁一个人，而不是塑造一个人。
——《纽约时报书评》
◆
2014美国亚马逊年度最佳图书第一名——《无声告白》探索了身份危机、人生成就、种族、性别、家庭以及个人道路。并且，这本小说没有任何一处落笔是粗疏的。我唯一担心的是，我对《无声告白》的刻骨崇拜，会导致读者对这本书抱有太高的期待。但这本书就是好得这么极致！深情力透纸背，刺痛你心，用词精准而克制，文风温婉而细腻。
——美国亚马逊编辑推荐语
◆
爆发力惊人的处女作,笔触闪烁着散文的美感与精准，观察与洞见则像社会学家一样深刻。伍绮诗的小说从第一页开始就吸引住了读者，我们迫不及待要了解莉迪亚之死背后的故事……而小说最终揭示的真相，振聋发聩。
——《赫芬顿邮报》
◆
情节展开极为机智，处处撩动你的情绪……伍绮诗用扣人心弦、精彩得让人拍手叫好的故事，讲述了一个关于性别与种族的严肃主题。这样严肃的主题竟然可以被剖析得如此透彻，而且故事的节奏，竟然还可以越来越快，越来越惊心动魄，直到最后真相大白，好像有阳光铺满房间。
——《奥普拉》
◆
伍绮诗这部处女作，令人惊叹地包容了各种复杂情绪，以一种罕见的洞察力，表达了文化与文化之间的冲突，时代与时代之间的冲突，而这种表达，完全是一位精通写作的大师的杰出手笔。伍绮诗值得期待。
——《书目》
◆
这部情感真挚、充沛的处女作小说，是以一个年轻女孩的死亡开始的。莉迪亚，生于上世纪七十年代美国的一个混血家庭，被给予无限厚望和父母的憧憬，她不幸的少女生活没有任何一盎司的陈词滥调。伍绮诗的行文，是如此准确和敏锐，她刻画的人物入木三分。
——《出版人周刊》
◆
一部温柔的小说处女作……这部小说可能会触发无数的悲伤，关于每个人内心深处的秘密以及一个悲剧是如何影响了一个家族的故事。
——《TIMEOUT 纽约》
◆
在这本书中，伍绮诗深入地谱写和揭晓了詹姆斯一家的秘密……这些隐藏已久，安静而具有爆炸性的真相，加之种族和性别等议题的探讨，慢慢地带领读者见识到伍绮诗文字的多愁善感和引人入胜，直至读到最后一页，深深的触动仍在心间回荡。伍绮诗的首部小说，情感复杂，仿佛一股吸引人的强劲水流，拖着你随着急流向前，直到抵达最后的秘密。
——《科克斯书评》
◆
异常优秀，非常完整的一部处女作……这个故事令人心痛，伍绮诗非常巧妙地将这部复杂、跨越多个年代小说的线索串联在一起。《无声告白》是一部难得的佳作，独具魅力，她深入写出了这个美国家庭里每个人内心的秘密。读完的时候，仍让人泪流不止。
——《洛杉矶时报》
◆
神奇！感人！感情充沛，描述准确！围绕身份焦虑和巨大悲恸，作者出色地、漂亮地展开了故事……本书会和每一个人取得共鸣，只要你曾经向家人撒过哪怕一个微不足道的小谎。
——《波士顿环球报》
◆
一个动人的故事，对于生为女儿们的书中女性来说，文化之间的隔阂与差异是人生中的第一道课题。
——《Vogue》
◆
我对《无声告白》爱不释手……伍绮诗的笔触细腻、观察敏锐，对李家每一位成员的描摹，对他们种族差异问题的深入挖掘，以及搜寻杀害家中二女莉迪亚真凶的线索，一直读到最后一页，都让我紧扣心弦。
——《纽约时报》畅销书作家第一名，《就说你和他们一样》作者乌文•阿克潘
◆
既是一部扣人心弦的推理作品，也是一次对这个混种家庭的深度剖析。伍绮诗的这部处女作，张力十足，余味久久不散。
——《娱乐周刊》
◆
这不仅是一个关于爱和失去的故事，这还是一个美丽而让人难以忘怀的，讲述一位少女如何努力去寻找自己的人生意义的故事。
——《书道》
◆
性别、种族、父母未竟的野心压在子女的肩头，对以上这些，本书进行了深刻而细腻的反思……伍绮诗巧妙的、令人信服地揭示，某种程度上，有些误解，永远无法消弭。
——《旧金山记事报》
◆
读完了还久久沉浸在故事里面。16岁少女的死亡让她的家人们开始怀疑——她究竟在过一种什么样的生活？这部处女作让人想起了《可爱的骨头》。
——《嘉人》
◆
感人至深，大师手笔。伍绮诗没有给她笔下角色任何俗套而轻松的未来，也没有给她的读者任何虚假的希望。她给的是真实的希望。
——《安娜堡观察员》杂志
◆
冷静，激烈……这个家庭逐步暴露了它深藏的秘密，你不由自主被这一家人深深吸引……
——《密苏里人》
◆
伍绮诗极有技巧，她将这个悲剧的每个微小线头都捡拾了起来，顺着这些线头，牵出了很多秘密，诸多真相纷至沓来，酸楚而最终令人振奋。
——《娱乐周刊》编辑评论语
◆
伍绮诗这部处女作的第一个章节有些阅读难度，一个家庭的大女儿死了，这个情节，对那些追逐快感的读者而言，可能是个挑战。但是，马上，随之而来的，就是密集而紧凑的各种转折——这个家庭的成员们，彼此都深藏着太多从未诉说的秘密。这绝对是我今年最爱的一本小说。
——美国《大观》杂志",https://img3.doubanio.com/view/subject/l/public/s28109182.jpg,2015-7,https://book.douban.com/subject/26382433/,8.2,,4,我承认，刚开始读的时候，确实深深地被小说中精到细节所吸引，感叹女作家敏锐的观察力和精湛的文字表现力。但越往后读，越发现这部作品终究免不了俗；越接近尾声，所有的冲突、矛盾越是汇集到了一起，种族、传统的大家长式的教育方式、性取向问题统统展开在我面前……最终告诉我们，人这一辈子始终无法摆脱他人的期待。,,2015-08-18 13:21:31,[美] 伍绮诗 / 2015 / 江苏凤凰文艺出版社
946125925,艾伦•图灵传,《艾伦·图灵传：如谜的解谜者》是图灵诞辰100周年纪念版，印制工艺更为精美。本书是世界共认的最权威的图灵传记。艾伦？图灵是现代人工智能的鼻祖，在24岁时奠定了计算机的理论基础。二战期间，他为盟军破译密码，为结束战争做出巨大贡献。战后，他开创性地提出人工智能的概念，并做了大量的前期工作。因同性恋问题事发，被迫注射激素，后来吃毒苹果而死。作者是一名数学家，也是一名同性恋者。他对图灵的生平有切身的体会，并实地走访调查图灵生前亲友，取得了大量的一手资料，写就此书。,https://img3.doubanio.com/view/subject/l/public/s11314802.jpg,2012-8-1,https://book.douban.com/subject/11541213/,8.5,,4,港真，要是我聪明到能够完全读懂了就好了。,,2015-08-01 09:00:10,（英）安德鲁·霍奇斯 / 2012 / 湖南科学技术出版社
942051409,吃肉,"夏丏尊曾道：“在中国，衣不妨污浊，居室不妨简陋，道路不妨泥泞，唯独在吃上丝毫不能马虎。”
周作人的散文本就有“人间的味道”，那苦涩又有回甘的芳香之气，在谈及故乡吃食中表现得尤为明显。在本书中，文字背后透着作家的深情，然而这种深情却充满了清淡的节制之美。
本书收录了周作人舌尖上的故乡，可由本书看大师笔下的平常吃，品食物背后的传奇与情趣。
“喝茶当于瓦屋纸窗之下，清泉绿茶，用素雅的陶瓷茶具，同二三人共饮，得半日之闲，可抵十年的尘梦——《喝茶》",https://img9.doubanio.com/view/subject/l/public/s27748855.jpg,2014-6,https://book.douban.com/subject/25905793/,7.1,,3,江浙家常菜远比他笔下的文字更有一番风味，和汪曾祺的《做饭》较之，《吃肉》反倒勾不起我的食欲，是缺了点人情味？,,2015-07-18 22:42:30,周作人 / 2014 / 江苏文艺出版社
942041604,红字,《红字》是霍桑的第一部长篇小说，一八五○年该书问世后，霍桑一举成名，成为当时公认的最重要的作家。《红字》故事的背景，是一六五○年前后的波士顿，当时的居民是一六二○至一六三○年间来此定居的第一代移民。他们都是在英格兰故土受詹姆斯一世迫害而抱着创建人间乐土的理想来新大陆的清教徒（加尔文主义者），史称“清教徒国父”（又译作“天路客国父”）。清教徒在英国最初是反抗罗马教皇专制、反对政教合一、反对社会腐败风气的，他们注重理智，限制感情，推崇理想，禁绝私欲；后来其中某些教派在北美殖民地却发展到极端，不但迫害异端，甚至连妇女在街上微笑都要处以监禁，儿童嬉戏也要加以鞭笞。,https://img9.doubanio.com/view/subject/l/public/s9002056.jpg,1996-6,https://book.douban.com/subject/1186350/,7.9,,3,,,2015-07-18 22:18:37,霍桑 / 1996 / 人民文学出版社
924800262,解忧杂货店,"现代人内心流失的东西，这家杂货店能帮你找回——
僻静的街道旁有一家杂货店，只要写下烦恼投进卷帘门的投信口，第二天就会在店后的牛奶箱里得到回答。
因男友身患绝症，年轻女孩静子在爱情与梦想间徘徊；克郎为了音乐梦想离家漂泊，却在现实中寸步难行；少年浩介面临家庭巨变，挣扎在亲情与未来的迷茫中……
他们将困惑写成信投进杂货店，随即奇妙的事情竟不断发生。
生命中的一次偶然交会，将如何演绎出截然不同的人生？
如今回顾写作过程，我发现自己始终在思考一个问题：站在人生的岔路口，人究竟应该怎么做？我希望读者能在掩卷时喃喃自语：我从未读过这样的小说。——东野圭吾",https://img2.doubanio.com/view/subject/l/public/s27264181.jpg,2014-5,https://book.douban.com/subject/25862578/,8.5,,4,我以后看到这部书名，也许就会想起一年前看过的《九回时间旅行》。但两者不一样，《九》想要告诉我们的东西，比《解忧》要沉重得多。,,2015-05-23 17:38:41,[日] 东野圭吾 / 2014 / 南海出版公司
924798516,陳寅恪的最後二十年,"從1949至1969年，陳寅恪在中國共產黨統治下渡過他生命中最後的二十年，他晚年的生活狀況與心境，曾經引起學界「大做文章」，眾說紛紜。

本書根據大量檔案文獻和第一手的採訪資料，詳盡描繪了陳寅恪生命最後二十年的坎坷經歷，披露了許多鮮為人知的史實，為讀者打開了一段塵封的歷史，從陳寅恪的生存狀態和人際著手，探索了他的內心世界，並以此分析、詮釋了陳寅恪晚年作品的內涵，提出了不少頗有說服力的見解。（摘自博客來網路書店）",https://img9.doubanio.com/view/subject/l/public/s4373396.jpg,1997年11月,https://book.douban.com/subject/1464625/,8.9,,4,风雨飘荡的最后二十年，最终都归于孤寂。,,2015-05-23 17:33:41,陸鍵東 陆键东 / 1997年11月 / 聯經出版公司
920932963,追风筝的人,"12岁的阿富汗富家少爷阿米尔与仆人哈桑情同手足。然而，在一场风筝比赛后，发生了一件悲惨不堪的事，阿米尔为自己的懦弱感到自责和痛苦，逼走了哈桑，不久，自己也跟随父亲逃往美国。
成年后的阿米尔始终无法原谅自己当年对哈桑的背叛。为了赎罪，阿米尔再度踏上暌违二十多年的故乡，希望能为不幸的好友尽最后一点心力，却发现一个惊天谎言，儿时的噩梦再度重演，阿米尔该如何抉择？
故事如此残忍而又美丽，作者以温暖细腻的笔法勾勒人性的本质与救赎，读来令人荡气回肠。",https://img1.doubanio.com/view/subject/l/public/s1727290.jpg,2006-5,https://book.douban.com/subject/1770782/,8.9,,4,读了三分之一的时候就让我猜到了故事的全部，极尽狗血元素，阿米尔这个角色写得太扁平了。之前在媒体上也看到过，地位显赫的官僚总在身边豢养一群长相清秀的男孩子，一想到他们眼皮上涂的眼影，我就很难受。,,2015-05-10 22:38:21,[美] 卡勒德·胡赛尼 / 2006 / 上海人民出版社
918492468,纸上声,"本书是著名旅日学者、作家李长声先生的最新随笔结集。本书延续作者一贯的文字风格，收入作者近年来关于文学、出版与中日文化交往方面的随笔四十篇，作者考证严谨，信息量丰富，笔锋却举重若轻，下笔处似不动声色却生趣盎然。对日本文学名家夏目漱石、太宰治、松本清张、池波正太郎的书写都勾勒出文学作品以外的作家风貌，其他文章如介绍日本的美术馆、图书馆、武士道精神等文章，亦从不同的切点进入，巧妙勾连出整个日本文学及历史文化生态的各种特质。
村上春树尝言，“地理层面上的国界有时会引发政治问题，但文化国界只要有心就很容易被跨越”。本书正是这样一本“有心”之书。",https://img3.doubanio.com/view/subject/l/public/s26544507.jpg,2013-5,https://book.douban.com/subject/24703678/,8,,3,还行，略失望，李长声的想表达的东西都这样，看多了就没意思了。,,2015-05-02 23:13:50,李长声 / 2013 / 商务印书馆
917845117,论人类不平等的起源,《论人类不平等的起源》是法国大革命的灵魂。在本书中，卢梭指出人类每向前发展一步，不平等的程度就加深一步。本书阐发了卢梭的政治哲学思想，为《社会契约论》奠定了基础，同时也是他整个政治学说的导言。　　这是一本充盈着智慧的书。它的每行，都渗透着作者苦苦的求索。卢梭的思辨如蛟龙，从各个角度逻辑清晰地阐释为什么人类的进步史就是人类的堕落史。读着它，就像走一条蜿蜒的路，即使他不告诉你结果，下一个拐角出现时，也往往应验你的想象，于是思路渐渐明晰，海阔天空的世界呈现在眼前，与顾影自怜相异，与日常细碎不同……,https://img3.doubanio.com/view/subject/l/public/s27266372.jpg,2013-11,https://book.douban.com/subject/25748671/,8.9,,5,人类生来禀性不同，但这种不平等在原始状态下并没有什么影响；但自从社会和私有制产生后，人们开始交往、比较，意识到人与人之间的差异，产生欲望。,,2015-05-01 00:18:22,(法)卢梭(RousseauJ. ) / 2013 / 上海三联书店
917843889,嘉莉妹妹,《嘉莉妹妹》是美国现实主义作家德莱塞的重要作品之一，是《珍妮姑娘》的姐妹篇。《嘉莉妹妹》描写了农村姑娘嘉莉来到大城市芝加哥寻找幸福，为摆脱贫困，出卖自己的贞操，先后与推销员和酒店经理同居，后又凭美貌与歌喉成为歌星的故事。作家以嘉莉为代表深刻揭露了美国资本主义制度对贫苦人民压榨的残酷性和资产阶级生活方式对小资产阶级分子的腐蚀性。嘉莉是21世纪末一些涌入城市寻求发展的中国乡村女孩的代表，嘉莉顽强拼搏的奋斗精神为当代年轻人树立了榜样，而她的堕落也为当代年轻人敲响了警钟。嘉莉的生活经历及其成功的道路带给了现代年轻人一些有益的启迪。,https://img1.doubanio.com/view/subject/l/public/s6385900.jpg,2011-5-1,https://book.douban.com/subject/6313452/,8.4,,3,,,2015-05-01 00:14:13,[美]德莱塞 / 2011 / 上海译文出版社
917064355,监狱琐记,这是作者作为“现行反革命”狱囚，于1975年3月-1978年10月在北京K字楼看守所和北京第一监狱所见所闻的真实记述。它生动细致的展现了监狱的日常生活和形形色色的囚犯遭遇，在身份、经历各异的这个特殊群体中间，在看似荒诞离奇、黑色幽默般的故事背后，折射出“文革”末期普遍的微妙的社会心理和高压、混乱背景下的人情世故，是一份既真实、又具深刻洞察的历史记录。,https://img3.doubanio.com/view/subject/l/public/s27110047.jpg,2013-10,https://book.douban.com/subject/25755752/,8.9,,4,可笑,,2015-04-28 11:49:40,王学泰 / 2013 / 生活·读书·新知三联书店
911227375,日瓦戈医生,"1958年诺贝尔文学奖得主帕斯捷尔纳克长篇代表巨作
继《战争与和平》后，没有一部作品能够像《日瓦戈医生》一样，
概括那个如此广阔和如此具有历史意义的时期。
-
厚厚两卷本《日瓦戈医生》为读者展开的是一幅俄罗斯土地般深厚广袤的时代画卷：出身知识分子家庭的年轻的外科医生日瓦戈，一次大战期间在沙皇军队供职，眼见沙皇的虚弱无能和旧军队的腐败，聪颖的心灵预感到革命力量的日趋成熟，期待革命给国家和人民带来新生，并以积极的行动拥护新的政权。然而国内战争的严酷现实，以及新政权随后的一系列政策实施，使这位诚实、正直的旧知识分子，对于暴力和集权产生了深切的怀疑和忧惧，在被迫而有系统的双重生活中，承受着巨大的压力。小说的另一条重要脉络是日瓦戈与拉拉之间曲折的爱情，尤为世人称道的是他们在避难的瓦雷基诺短暂而闪光的共同生活和诗歌创作，日瓦戈称赞质朴宁静的俄罗斯品质，并向往安静地过自己的生活、做有意义的工作；而这样的人生理想，以及他与拉拉艰难优美的爱情，最终不为严酷的现实所容。
译者在译序中写道：“这不是一部等闲的小说，它的浓重的传奇色彩，说起来实属罕见，且不带一丝一毫的虚夸和做作，层层都是沉甸甸的历史真实。”意大利《现代》杂志称：“继《战争与和平》后，还没有一部作品能够像《日瓦戈医生》一样概括一个如此广阔和如此具有历史意义的时期。”。",https://img3.doubanio.com/view/subject/l/public/s33643753.jpg,2012-2,https://book.douban.com/subject/6952192/,8.6,,5,说作者别有用心是恶毒的揣测，很感谢他能够在当时发出不一样的声音，天才之作的出版是无与伦比的文学和道德事件，史诗般的杰作，是一份绝对直率、高贵、深刻的个人声明。,,2015-04-09 22:28:03,[俄] 鲍·列·帕斯捷尔纳克 / 2012 / 上海译文出版社
907696522,小王子,"小王子是一个超凡脱俗的仙童，他住在一颗只比他大一丁点儿的小行星上。陪伴他的是一朵他非常喜爱的小玫瑰花。但玫瑰花的虚荣心伤害了小王子对她的感情。小王子告别小行星，开始了遨游太空的旅行。他先后访问了六个行星，各种见闻使他陷入忧伤，他感到大人们荒唐可笑、太不正常。只有在其中一个点灯人的星球上，小王子才找到一个可以作为朋友的人。但点灯人的天地又十分狭小，除了点灯人他自己，不能容下第二个人。在地理学家的指点下，孤单的小王子来到人类居住的地球。
小王子发现人类缺乏想象力，只知像鹦鹉那样重复别人讲过的话。小王子这时越来越思念自己星球上的那枝小玫瑰。后来，小王子遇到一只小狐狸，小王子用耐心征服了小狐狸，与它结成了亲密的朋友。小狐狸把自己心中的秘密——肉眼看不见事务的本质，只有用心灵才能洞察一切——作为礼物，送给小王子。用这个秘密，小王子在撒哈拉大沙漠与遇险的飞行员一起找到了生命的泉水。最后，小王子在蛇的帮助下离开地球，重新回到他的B612号小行星上。
童话描写小王子没有被成人那骗人的世界所征服，而最终找到自己的理想。这理想就是连结宇宙万物的爱，而这种爱又是世间所缺少的。因此，小王子常常流露出一种伤感的情绪。作者圣埃克絮佩里在献辞中说：这本书是献给长成了大人的从前那个孩子。
《小王子》不仅赢得了儿童读者，也为成年人所喜爱，作品凝练的语言渗透了作者对人类及人类文明深邃的思索。它所表现出的讽刺与幻想，真情与哲理，使之成为法国乃至世界上最为著名的一部童话小说。",https://img1.doubanio.com/view/subject/l/public/s1237549.jpg,2003-8,https://book.douban.com/subject/1084336/,9.1,,5,大人才应该读小王子呢！,,2015-03-29 22:37:58,[法] 圣埃克苏佩里 [法国] 安东尼·德·圣-埃克苏佩里 / 2003 / 人民文学出版社
907662948,系紧兜裆布,兜裆布即“犊鼻裈”，在中国早已不传，在日本却至今犹见，一句“系紧兜裆布”，颇能为大和精神传神。这一册从较为宏观的角度谈日本的精神与文化，前半部大致依时间顺序谈起。从“君从何处来”的史前、到有了“国号”、“年号”的时代，到“日之丸、君之代”，一路解读“单一民族是怎样炼成的”和“万世一系的尴尬”。从《古事记》到《源氏物语》、从遣唐使到镰仓大佛、一路谈到明治维新与大正浪漫。后半部或从空间贯穿着谈起，如“东与西”、“表与里”；或拈出国民性特征立论，如“缩小”、“夸张”、“道歉的习惯”、“揣着明白装糊涂”等等。至于“葬礼上的笑颜”、“吃骨灰”等篇，别辟蹊径指向日本文化的特异性。篇末立足当下，以“混浴的复兴”和“日语将消亡”作结。,https://img9.doubanio.com/view/subject/l/public/s27345106.jpg,2014-8,https://book.douban.com/subject/25933546/,7.2,,4,“文化知日第一人”，“系紧兜裆布”展现大和精神，解读单一民族的形成和万世一系的尴尬，结合当下，另辟蹊径地指出日本文化的矛盾性和特异性。,,2015-03-29 21:23:42,李长声 / 2014 / 生活·读书·新知三联书店
907656392,北平无战事,"1948年，太平洋战争结束后三年，北平经济崩溃、民生凋敝，看似平静的北平城内暗流汹涌。
国共两党决战之际，以蒋经国为首的国民党少壮派，突然对涉嫌通共的国民党空军王牌飞行员方孟敖委以重任，将其飞行大队改编为国防部经济稽查大队，前往北平调查民食调配物资的贪腐案，藉此打击以方孟敖的父亲、国民党中央银行北平分行行长方步亭为核心的孔宋家族贪腐势力，真正目的其实是要执行国民党“黄金运台”的惊天计划。
此委任状一下，国民党内部清廉派和贪腐派斗争陷入白热化，特务、间谍、中统、军统齐聚北平，此时中共地下党、国民党反动势力及铁血救国会之间，一场勾心斗角、尔虞我诈的民国大戏即将揭幕……
当一个巨大的存在，一瞬间消失，不是土崩瓦解，而是一堵高墙，历史在那边，我们在这边。",https://img1.doubanio.com/view/subject/l/public/s27623248.jpg,2014-10-16,https://book.douban.com/subject/26148896/,8.3,,5,最喜欢的人物，崔中石和方步亭。关于崔中石，有一幕感触颇深：崔中石脱去身上的衣服，他的衣领是假的。央行北平分行金库主任竟贫寒到了这个地步。身为崔中石，他是北平分行金库主任，见多了斯文败类；但身为一名共产党员，他很愧疚，帮一群国家蝼蚁洗黑钱。国民党，败坏到了极点。,,2015-03-29 21:07:21,刘和平 / 2014 / 作家出版社
907654030,报纸的良知,《报纸的良知:新闻事业的原则和问题案例讲义》为美国新闻伦理和新闻学案例研究的早期经典著作之一。作者为具有多年新闻实践的新闻教育名家。在近距离观察和体验报社新闻业务的基础上，以丰富的第一手资料加上高屋建瓴式的审视，使这《报纸的良知:新闻事业的原则和问题案例讲义》既具有职业伦理学意义和史料性，又具有切合实践的可操作性。对于建构中国的新闻伦理学体系具有很高的借鉴价值。同时。《报纸的良知:新闻事业的原则和问题案例讲义》案例丰富生动。读来新鲜有趣，绝不枯燥。,https://img2.doubanio.com/view/subject/l/public/s1671681.jpg,2005,https://book.douban.com/subject/1263495/,7.7,,4,我们或许正在经历老美曾走过的这一环。,,2015-03-29 21:01:14,Leon Nelson Flint / 2005 / 中国人民大学出版社
907652941,一个村庄里的中国,本书以故乡村庄为立足点，考察百年来中国乡村的命运，乡村的沦陷与希望。其中有作者三十年生活的阅历与见证，六十年中国农村建设的荣辱与沉浮，并由此折射反映出近代百年中国历史的若干重要问题与玄机。一部大历史与小历史的结合，大时代与小细节的交织，延续着作者明辨，理性，温暖，悲悯，关乎心灵与真实的写作之路，堪称熊培云迄今为止最重要的一部著作。,https://img9.doubanio.com/view/subject/l/public/s6975045.jpg,2011-11,https://book.douban.com/subject/6878212/,7.9,,1,让我产生“我不是农民出身我就感受不到很多东西”的感觉。,,2015-03-29 20:58:25,熊培云 / 2011 / 新星出版社
907649867,大清留美幼童记,"1871年，饱受西方列强船坚利炮欺凌的清政府，作出了一个堪称“中华创始之举，古今未有之事”的决定：派遣幼童留美，学习西方的先进技术，师夷长技以制夷。这些幼童后来成为哈佛大学、耶鲁大学、哥伦比亚大学等美国著名学府的学生。
归国后，他们成为影响中国近代化进程的关键人物。他们中，有人成为中国电报业、矿业的开山鼻祖。出现了铁路工程师詹天佑；有人成为了清华大学最早的校长，出现了民国第一位总理……
留美幼童成为开眼看世界的第一批中国人，在美国，他们不仅学到了科学技术，也潜移默化地受到更深层次制度文化的影响。他们之于中国的意义和作用，不仅在于他们学得的技术，更在于他们所接受的文化。",https://img9.doubanio.com/view/subject/l/public/s4140694.jpg,2010-1,https://book.douban.com/subject/4240468/,8.7,,4,从他们回国的那一刻起仿佛他们离悲剧不远了，包括被提前召回，结果就战死在甲午海战中的人儿。,,2015-03-29 20:50:07,钱钢 胡劲草 / 2010 / 当代中国出版社
907648183,了不起的盖茨比,二十世纪二十年代的美国，空气里弥漫着欢歌与纵饮的气息。一个偶然的机会，穷职员尼克闯入了挥金如土的大富翁盖茨比隐秘的世界，惊讶地发现，他内心唯一的牵绊竟是河对岸那盏小小的绿灯——灯影婆娑中，住着他心爱的黛西。然而，比的现实容不下飘渺的梦，到头来，盖茨比心中的女神只不过是凡尘俗世的物质女郎。当一切真相大白，盖茨比的悲剧人生亦如烟花般，璀璨只是一瞬，幻灭才是永恒。一阕华丽的“爵士时代”的挽歌，在菲茨杰拉德笔下，如诗如梦，在美国当代文学史上留下了墨色浓重的印痕。二十世纪末，美国学术界权威在百年英语文学长河中选出一百部最优秀的小说，《了不起的盖茨比》众望所归，高居第二位，傲然跻身当代经典行列。,https://img9.doubanio.com/view/subject/l/public/s4597075.jpg,2011-1,https://book.douban.com/subject/5264463/,8.6,,5,菲茨杰拉德的文笔很棒,,2015-03-29 20:45:44,F·S·菲茨杰拉德 / 2011 / 上海译文出版社
907571827,传播学史,撰写传播学史的历史学家具有多种可供选择的方法，美国著名的传播学者E·M·罗杰斯通过传记式的编写工作，在人的基础上来理解传播学史，这是一个独特的视角，涉及众多人物与机构以及若干学科的知识背景，并以此表明，传播研究如何富有意义地影响了社会学，政治学和心理学等学科，这种有重点的综合研究使该书成为上述领域的学者必读的读物。该书内容丰富，史实性强，图文并茂，人物生平纪事详尽，叙述有通俗与专业相结合的特点，故会为传播学的广大专业与业余读者所喜爱。,https://img1.doubanio.com/view/subject/l/public/s11180150.jpg,2012-8,https://book.douban.com/subject/11526216/,8.3,,4,已经出了三版了，没想到还是有错误。传播学也算是一门比较年轻的学科，它涉及广泛，心理学、社会学、政治学等学科中都能找到它的影子。心理学、社会学上的统计方法，值得我们借鉴、学习。书中的最后部分，也对传播学未来的发展方向进行了展望，它或许将变成一门行为科学。,,2015-03-29 17:11:37,E.M.罗杰斯 / 2012 / 上海译文出版社
906091118,奇来前书,"杨牧始作《山风海雨》（1987）在八十年代中，继之以《方向归零》（1991）与《昔我往矣》（1997），遂完成一早期文学自传之结构，探索山林乡野和海洋的声籁、色彩，以及形上的神秘主义，体会人情冲突于变动的城乡社会里，感受到艺术的启迪，追寻诗、美和爱的踪迹，自我性格无限的犹疑和执著，并于回想中作荒辽幻化的前瞻，思维集中，风格刻意一一在多变屡迁的散文笔路下展开。三书自成系列，脉络延伸，止于一秘密作别的时刻，合帙为《奇来前书》。
封面绘图（杨牧胞弟作）奇莱山，台湾中央山脉中段的山峦，在杨牧故乡花莲境内，台湾十峻之一。台湾版《奇莱前书》来到大陆，杨牧易名《奇来前书》。",https://img3.doubanio.com/view/subject/l/public/s27437597.jpg,2014-9,https://book.douban.com/subject/25740175/,8.5,,5,诗人身份，句子有些破碎，有点影响理解。在杨牧面前，大概这么多年的语文都白学了。,,2015-03-24 19:02:03,杨牧 / 2014 / 广西师范大学出版社
906090585,想象异域,李朝朝鲜的燕行文献里面有很多有趣的轶闻和失落的历史，其中不少是在中国史料中难得看到的。作者在阅读这些史料的过程中，受到极大的震撼，因为在燕行文献中，“中国”对于李朝朝鲜，并不是一个简单的“异国”，“大清”对于朝鲜文人，也不是一个单纯的游览胜地。“中国”对于他们来说，既是一个曾经是文明来源的天朝上国，又已经“华夷变态”，充满“膻腥胡臭”的地方。他们在复杂心态下，近距离观看中国，记录下他们感到不寻常的种种现象，又在想象异域悲情的情感驱使下，李代桃僵地为大明王朝招魂，处处搜寻大清帝国的种种怪现状。这似乎可以让我们重新审视近世东亚以及中国，重看东亚与中国的文化史，重新思考亚洲与中国、民族与认同、族群与疆域等等问题。,https://img3.doubanio.com/view/subject/l/public/s28336813.jpg,2014-1-1,https://book.douban.com/subject/25813100/,8.3,,4,揽镜自鉴，读完，总有些莫名其妙的失落。,,2015-03-24 18:59:51,葛兆光 / 2014 / 中华书局
865022797,现代儒学的回顾与展望,《现代儒学的回顾与展望》讲述的是儒学在传统中国的影响是无所不在的，但是自19世纪中叶以来，儒家秩序开始解体了，儒学的中心地位开始动摇了。这是20世纪中国儒学出现严重危机的根源所在。本文试图从历史的角度说明儒学在现代的解体过程，并进而展望儒学在现代政治社会秩序的重建方面可能发挥的效用。所讨论的范围以政治、社会思想为限，不涉及形而上学或宇宙论，以求论旨明晰。,https://img1.doubanio.com/view/subject/l/public/s9063910.jpg,2012-4,https://book.douban.com/subject/10606573/,8.8,,5,庸俗的理解，就不配文字了。整个作品系列会继续读下去。,,2014-11-21 23:50:17,余英时 / 2012 / 生活·读书·新知三联书店
864528785,新千年文学备忘录,"卡尔维诺从三个方位写这本书：作家、读者、批评家。就其观点的成熟度而言，他这时已来到生命的最后期。作为作家他有特别的阅读需要，作为读者他有极大的好奇心和胃口，作为批评家他有独特的眼光和行文。三者结合起来使他写出这本高密度的小书：几万字即能纵横古今世界文学，梳理一条条綫索， 把不同倾向不同风格的作家一串串连接起来，使我们在文学的迷宫中豁然开朗，眼前一亮。
这本小书不是具体谈论某位作家某些作品，而是谈论不同作家的共通点和差异性。这些作家和作品都成了卡尔维诺阐述他的论点的例子，而他的论点又都是长年累月阅读这些作家和作品之后形成的。最值得注意的是，这本书似乎综合了卡尔维诺自己在书中推崇的各个特色：既轻快又准确，既形象又繁复。",https://img9.doubanio.com/view/subject/l/public/s3709316.jpg,2009-3,https://book.douban.com/subject/3643270/,9.2,,5,读书博阅约取，但我，还是不太懂。,,2014-11-20 12:09:44,(意)伊塔洛·卡尔维诺 / 2009 / 译林出版社
860446884,北京城杂忆,《北京城杂忆》共收入“杂忆”18篇。为劫后余生的萧乾先生站在今和昨、新和旧的北京城之间，以抚今追昔的心情，用独特的京白抒写过往的人、事、城。幽默、俏皮、利落的文字中糅进了伤感的留恋和深刻的反思。这本“杂忆”虽薄，但作者从幼时孤儿寡母的贫苦生活、求学反抗、远赴南国，写到登上文坛、主持《大公报》副刊、二战旅欧七载、“荣归”故里，乃至厄运迭起、平反复出，最后老当益壮。这里大到战争风云、时代巨变，小到个人情感、吃穿住行，无不面面俱来。,https://img9.doubanio.com/view/subject/l/public/s23130976.jpg,2012-10,https://book.douban.com/subject/20258508/,8.1,,3,对不起，王树藏。,,2014-11-06 12:33:49,萧乾 / 2012 / 生活·读书·新知三联书店
859265520,解密,"《解密》内容简介：小说主人公是那种在“暗地竞技”的神秘人物，是“地下英雄”，是人之精灵。他们的智慧可以炼成金，他们罕见迷人的才识本可以使他们成为名利场上的宠儿，但由于从事职业的特殊性，他们的故事往往隐匿于世俗阳光无法照射到的角落，他们的命运是我们永远的秘密。通过“解密”，作者将一种深刻的人生经验和盘托出，使我们在偶然与必然、强大与脆弱、绚烂与坠毁、光荣与梦想等多重生命元素缠绕的博弈中，对命运这个幽深莫测的东西感到无限的崇敬和惶恐。
小说结构精巧，情节跌宕，语言考究，是一部既好看又耐读的佳作。作者为此呕心十余年时间，可谓是心血之作。",https://img9.doubanio.com/view/subject/l/public/s7647304.jpg,2011-10,https://book.douban.com/subject/6902027/,7.2,,3,,,2014-11-01 22:10:49,麦家 / 2011 / 新世界出版社
858754945,低智商社会,"大前研一的最新著作。
时代的发展似乎并没有相应提高日本人的智商，反而使得他们的智商在逐渐衰退，你看：在日本，时下的年轻人只关心自己半径三米以内的事情；虽然人们在网上跟人无话不谈，但在现实生活中，却不懂与人面对面敞开心心扉；没有成功欲望、学习能力低下但丝毫不以为然；看到电视中的广告就会马上冲动购买；总有毫不脸红的读错字的官员出现；遇到困难，懒于思考就立即放弃；人云亦云，做什么事总愿意随大流……
在更加发达的今天，日本为什么还会出现这种集体智商衰退的现象？日本人真的是一代不如一代？按照大前研一的说法，就是现在日本已经进入到了“低智商社会”。本书从日本的政治、经济、网络社会、教育等各个范畴去分析，点出了各种现实存在的低智商现象，给想在21世纪生存下去的日本人最后的当头棒喝，也给其他国家的人们一个强烈的警示，从而使我们反思面对的问题，并按大前所提供的诸多建议，梳理思路，开阔视野，思考未来，利用“三种神器”——英语、金融、IT——走出“低智商”的怪圈。",https://img3.doubanio.com/view/subject/l/public/s28028637.jpg,2010-4,https://book.douban.com/subject/4292120/,6.9,,3,太过耸人听闻。,,2014-10-30 23:35:32,(日) 大前研一 / 2010 / 中信出版社
858754666,《华尔街日报》是如何讲故事的,"这本书解释了《华尔街日报》为什么产生了那么多令人惊叹的报道。
如果你是一个记者——这本书的前身是《华尔街日报》的内部讲座，专门培训那些为《华尔街日报》头版提供特稿的记者。它告诉新闻记者们一件事情，就是如何用高品质的报道吸引读者的注意力，并让这种注意力一直保持下去！
如果你虽不是记者，但会时常用到写作——这本书会让你明白，到底是哪些元素让你听写的东西从本质上变得有趣和吸引人！
所有被称为伟大的故事，都来自伟大的创意，几乎在所有伟大的故事创意中，都有一种人性的展示。",https://img9.doubanio.com/view/subject/l/public/s1490805.jpg,2006-1,https://book.douban.com/subject/1472946/,8.3,,4,问题来了，我现在根本就没有机会写特稿。,,2014-10-30 23:34:29,[美] 威廉·E.布隆代尔 / 2006 / 华夏出版社
857095653,太平轮一九四九,"一九四九年一月二十七日晚上发生在舟山群岛外海的太平轮沉没事件，九百多人死亡，俨然是东方的泰坦尼克号。船上载有大量物资，至今还有“黄金船”的传说。太平轮从一九四八年起航，往来上海、基隆两地。一九四九年国民党败局已定，太平轮成为运输撤退军民到台湾的重要交通工具之一。二十七日晚为旧历除夕前夜，全船人都沉浸在节日的气氛中，约十一点三刻，太平轮和建元轮丁字形相撞，建元轮立即下沉，没过多久太平轮也开始下沉。乘客先被告知有惊无险，多没有防备，船员也没有做好应做的应急措施，来不及靠岸，未放救生艇……导致轮船沉没，近千人丧生。这一撞，多少家庭因之改变了生命轨迹，亦为这个特殊的年份增添了更多曲折的故事。
作家张典婉的母亲司马秀媛就是在一九四八年搭乘太平轮到台湾的，她表示，即使不是受难家属，在台湾也有许多人堆太平轮念念不忘：有人一家大半皆死于船难，带着心痛的记忆过了一生；也有人因为到了台湾，在这片岛屿活出了精彩人生。二〇〇五年，张典婉参与《寻找太平轮》纪录片的拍摄、制作，之后开始写作这本书。二〇〇九年《太平轮一九四九》在台湾出版，本书通过采访太平轮生还者、受难家属和有关人员，并调查了大量的文献资料，而编辑成书，作者期望借此书的出版，填补历史来不及填补的空白，替换恶性对抗与猜忌，朝向和解共生迈进。
《太平轮一九四九》的增订版，作者还访到了叶伦明之外第二位生还者王兆兰，增加了一篇文章；记忆拼图部分也增加了一整篇文章——“送张桂英回家”；此外，“来不及道别”、“与死神擦肩而过”等篇也都增补了内容。二〇一〇年四月，张典婉召集太平轮生还者和受难家属，一起在东海举行了海祭活动，这次活动整理成一篇“海祭——离散的记忆，团圆的拼图”的文章，作为“记忆拼图”的最后一部分。这次增订版增加了“附录”部分，都是太平轮海难后的真实文献：有当事者讲述，有报纸文章，有剪报记录，还有法院起诉书……使得本书更具有史料价值。",https://img9.doubanio.com/view/subject/l/public/s29412266.jpg,2011-6,https://book.douban.com/subject/6444274/,7.3,,3,,,2014-10-25 14:22:29,张典婉 / 2011 / 生活·读书·新知三联书店
855266263,生死场,《生死场》是萧红一部传世的经典名篇，它对人性、人的生存这一古老的问题进行了透彻而深邃的诠释。这种对人生的生存死亡的思索，超出了同时代的绝大部分作家。鲁迅称它是“北方人民的对于生的坚强，对于死的挣扎”的一幅“力透纸背”的图画。,https://img1.doubanio.com/view/subject/l/public/s1331749.jpg,2005-5-1,https://book.douban.com/subject/1317899/,8.3,,4,“在乡村，人和动物一起忙着生，忙着死……”蚊子似的生活着，糊糊涂涂的生殖，乱七八糟的死亡，到都市区也罢，到尼姑庵去也好，终究走不出这个人吃人的世界。愚夫愚妇悲壮地站上民族战争的底线前，“显示着中国的一份和全部，现在和未来，死路与活路“。,,2014-10-19 16:39:33,萧红 / 2005 / 人民文学出版社
855264859,乌合之众,古斯塔夫・勒庞 Gustave Le Bon(1841-1931) 法国著名社会心理学家。他自1894年始，写下一系列社会心理学著作，以本书最为著名；在社会心理学领域已有的著作中，最有影响的，也是这本并不很厚的《乌合之众》。古斯塔夫・勒庞在他在书中极为精致地描述了集体心态，对人们理解集体行为的作用以及对社会心理学的思考发挥了巨大影响。《乌合之众--大众心理研究》在西方已印至第29版，其观点新颖，语言生动，是群体行为的研究者不可不读的佳作。,https://img3.doubanio.com/view/subject/l/public/s1988393.jpg,2005-1,https://book.douban.com/subject/1012611/,8.1,,4,多数人的暴力凌驾于少数人的弱势之上，可能就会发生愚蠢的“审判”。书中有一些耸人听闻的话语，但反观勒庞生存的时代，还是敬他一份清醒、敬他一份预见性。,,2014-10-19 16:35:04,[法] 古斯塔夫·勒庞 / 2005 / 中央编译出版社
854536226,扫起落叶好过冬,这本书分成五辑：第一辑是美国的历史故事；第二辑是有关法制国家立法规则的故事；第三辑是就一些具体的案例来讲述有关司法过程的故事；第四辑主要通过修道士、苦修院和奥斯威辛集中营的故事诉说“不宽容”的恶果；第五辑是作者关于读书和见闻的随想。五辑文章的故事性都很强，不仅情节跌宕起伏，内涵亦复深厚，读者于轻松的阅读中不难感觉到思想的力量。,https://img1.doubanio.com/view/subject/l/public/s1885910.jpg,2006-10,https://book.douban.com/subject/1907199/,8.6,,4,和近距离看美国系列如出一辙。不过这本是旅行笔记，随想式。林达夫妇的文字朴实但不乏思考。读着一个个小故事，我觉得美国就是一个较真的民族，一个爱钻牛角尖的民族。强调个体自由，自我权利的实现，也专注少数人的权利。多数不意味着绝对的逻辑正确，少数服从多数有时候也会是一个伪命题。,,2014-10-16 22:17:09,林达 / 2006 / 生活·读书·新知三联书店
854534315,一个自由而负责的新闻界,《一个自由而负责的新闻界》是美国名叫新闻自由委员会或称哈钦斯委员会的团体发表的报告。这一团体接受了当时时代公司的亨利·卢斯的建议和资助，对美国新闻自由的现状和前景展开了一项调查，其研究范围包括了当时美国的广播、报纸、电影、杂志和图书等主要的大众传播媒介，同时对新闻界的业主的良知、责任，以及这些责任对于形成公众舆论的普遍益处进行了讨论。最终形成了一个总报告，这便是《一个自由而负责的新闻界》。,https://img1.doubanio.com/view/subject/l/public/s1133488.jpg,2004-8,https://book.douban.com/subject/1185214/,8,,4,不知道是展江老师的翻译原因还是这部学术专著自身的缘故，读着确实不轻松。,,2014-10-16 22:11:23,[美]新闻自由委员会 / 2004 / 中国人民大学出版社
852780594,娱乐至死 童年的消逝,"《娱乐至死：童年的消逝》里，波兹曼指出，一切公众话语日渐以娱乐的方式出现，并成为一种文化精神。我们的政治、宗教、新闻、体育、教育和商业都心甘情愿地成为娱乐的附庸，毫无怨言，甚至无声无息，其结果是我们成了一个娱乐至死的物种。这是一份精彩、有力、重要且难以辩驳的控诉书。在《童年的消逝》里，波兹曼运用他对心理学、历史学、语义学和麦克卢汉学说的深刻见解以及常识，非常有说服力地阐述了一个触目惊心而且颇具独创的论题，即童年的诞生，是因为新的印刷媒介在儿童和成人之间强加了一些分界线，而在电视之类媒体的猛烈攻击下分界线变得越来越模糊，成人的性秘密和暴力问题转变为娱乐，新闻和广告定位在10岁孩子的智力水平。这也是一份内容翔实、令人震惊的警世书。
乔治·奥威尔曾在《一九八四年》中预占人们将会遭受外来压迫的奴役，失去自由，我们的文化成为受制文化，赫肯黎则在《美丽新世界》中表达了另外一种忧虑，人们会渐渐爱上压迫，崇拜那些使他们丧失思考能力的工业技术。作为新闻与传播学被广泛参阅和引用的经典，《娱乐至死》与《童年的消逝》想告诉人家的是，可能成为现实的，是赫胥黎的预言，而不是奥威尔的预言；毁掉我们的，不是我们所憎恨的东西，而恰恰是我们所热爱的东西！",https://img9.doubanio.com/view/subject/l/public/s3764674.jpg,2009-5,https://book.douban.com/subject/3711709/,8.7,,4,,,2014-10-10 17:19:12,[美] 尼尔·波兹曼 / 2009 / 广西师范大学出版社
852780307,刘氏女,"坐牢十年，和女囚们日出而作，日落而息，从二十六岁到三十六岁，作者说，比某些夫妻的婚龄长，比很多小两口还亲。那里，外表平静如镜，其实，终日翻江倒海。每个犯人都有经历，而经历就是故事。情?罪小说系列《刘氏女》是其中之一则，杀夫、肢解、装坛、入狱、赎罪……
三十年后，真的刘氏女也许已经走了，作者把她落在纸上，不写政治，不说制度，沒有直接刻意描写那个年代的丑陋，甚至连愤慨也沒有，笔墨集中表达女囚的命运，窥探她们的內心。
这是作者第一次正式写出的小说作品。",https://img3.doubanio.com/view/subject/l/public/s4719043.jpg,2011-5-15,https://book.douban.com/subject/6100947/,7.6,,4,表现的是在民主法律全失的空间中的人性，指向的是一个健全社会除了民主法律保障之外的公共性、人性化的现代心理支援系统。,,2014-10-10 17:18:03,章诒和 / 2011 / 广西师范大学出版社
847351324,国学概论,本书原系章太炎先生在上海讲演国学的记录整理成书。本书对我国传统学术中的经学、哲学、文学等各方面作广泛而深入的探讨，对各时代学术发展源流、各学派著名学者作系统的梳理与精湛的评价。同时，本书的最初形式是面对社会的国学讲演，因而本书又有浅显的特点，便于初学者入门。,https://img1.doubanio.com/view/subject/l/public/s3183339.jpg,2011-11,https://book.douban.com/subject/3079820/,8.2,,4,何谓“国学”，始终是个问题,,2014-09-20 23:13:16,章太炎 讲演 曹聚仁 整理 / 2011 / 上海古籍出版社
846799397,陆犯焉识,"陆焉识本是上海大户人家才子+公子型的少爷，聪慧而倜傥，会多国语言，也会讨女人喜欢。父亲去世后，年轻无嗣的继母冯仪芳为了巩固其在家族中的地位，软硬兼施地使他娶了自己的娘家侄女冯婉喻。没有爱情的陆焉识很快出国留学，在美国华盛顿毫无愧意地过了几年花花公子的自由生活。毕业回国后的陆焉识博士开始了风流得意的大学教授生活，也开始了在风情而精明的继母和温婉而坚韧的妻子夹缝间尴尬的家庭生活。
五十年代，陆焉识因其出身、更因其不谙世事的张扬激越而成为“反革命”， 在历次运动中，其迂腐可笑的书生气使他的刑期一次次延长，直至被判为无期。这位智商超群的留美博士由此揣着极高的学识在西北大荒草漠上改造了二十年。精神的匮乏、政治的严苛、犯人间的相互围猎与倾轧，终使他身上满布的旧时代文人华贵的自尊凋谢成一地碎片。枯寂中对繁华半生的反刍，使他确认了内心对婉喻的深爱。婉喻曾是他寡味的开端，却在回忆里成为他完美的归宿。 “文革”结束后，饱经思念的陆焉识和冯婉喻终于可以团聚，然而回到上海家中的陆焉识却发现岁月和政治彻底改变了他的生活，他再也找不到自己存在的位置：一生沉沦、终成俗庸小市民的儿子一直排斥和利用他，才貌俱佳、终成大龄剩女的小女儿对他爱怨纠结，态度几经转变，唯一苦苦等待他归来的婉喻却在他到家前突然失忆……",https://img3.doubanio.com/view/subject/l/public/s27285773.jpg,2014-5,https://book.douban.com/subject/25882276/,9,,4,跟风狗看得有点晚了。原著党我表示电影中最难驾驭的角色应该是冯婉喻。读本书最大的感受——我怕人与人之间的疏离。,,2014-09-18 20:03:28,严歌苓 / 2014 / 作家出版社
845105179,这个社会会好吗,乌托邦时代，为了未来否定现在；功利主义时代，为了现在舍弃未来。当中国从一种极端滑向另一种极端的时候，熊培云以一如既往的乐观态度，唤回人们对理性的信心与热情。     这个社会会好吗？既是疑问，也是期许。本书打通古今中外，不仅着重探讨了革命与改良、自由与责任、暴力与宽恕、道德与法律等关键议题，而且从“以己任为天下”的角度，诠释了个体之于社会变革的重要性。,https://img1.doubanio.com/view/subject/l/public/s24587280.jpg,2013-1,https://book.douban.com/subject/20499070/,7.9,,1,,,2014-09-12 14:29:47,熊培云 / 2013 / 广西师范大学出版社 群言出版社
842908578,雅子妃,《雅子妃：菊花王朝的囚徒》精通六国语言、拥有哈佛学位、日本外务省最有前途的年轻女外交官，以平民身分嫁入日本皇室，成为世界瞩目的焦点，众所期待为皇室带来新气象与蓬勃生气。然而如梦幻童话故事般的开场，揭露的却是众目睽睽之下的悲剧生活，在二十多名皇室成员、一千多名仆人的照料下生活，看似饱受呵护的日子，其实如同身陷囹圄备受监视，令人称羡的荣华富贵，实际却没有自己的零用钱和生活费可以开销，连行踪都受到控制，电话也得过滤。肩负著全国的盼望，受到重视的却不是外交长才，而是孕事的动静，菊花王朝的存续与否。澳洲知名记者驻日三年，至今长期关注日本皇室新闻，深入访谈六十多人，以不同於大和民族的犀利与同情角度，为雅子发出不平之声，描述嫁入皇室的遭遇，从外务省精英变成饱受束缚的皇太子妃，受尽繁文褥节之苦的历程。,https://img1.doubanio.com/view/subject/l/public/s8830960.jpg,2009-5,https://book.douban.com/subject/3793882/,6.8,,4,饶有兴致地读着，很奇怪身为记者的班 希尔斯怎么会加了这么多猜测在里面。宫闱秘史的确有留白，大家自然众说纷纭。,,2014-09-04 23:07:24,班·希尔斯 / 2009 / 安徽文艺出版社
841411394,金阁寺,小说取材于金阁寺1950年被僧徒焚毁的真实事件，描写年轻的僧徒林养贤出于对金阁寺美的妒忌，纵火烧毁金阁寺的犯罪过程，刻画僧徒对传统美既爱又恨的扭曲心态。作品以金阁寺与人生相比，描写美与人生，艺术与人生的悲剧关系。,https://img1.doubanio.com/view/subject/l/public/s28514628.jpg,2014-4-1,https://book.douban.com/subject/25839620/,8.7,,4,“美就是金阁，金阁就是美” 被晦涩得懵懵懂懂。,,2014-08-30 20:43:42,[日] 三岛由纪夫 / 2014 / 上海译文出版社
840226314,围城,《围城》是钱钟书所著的长篇小说。第一版于1947年由上海晨光出版公司出版。1949年之后，由于政治等方面的原因，本书长期无法在中国大陆和台湾重印，仅在香港出现过盗印本。1980年由作者重新修订之后，在中国大陆地区由人民文学出版社刊印。此后作者又曾小幅修改过几次。《围城》自从出版以来，就受到许多人的推重。由于1949年后长期无法重印，这本书逐渐淡出人们的视野。1960年代，旅美汉学家夏志清在《中国现代小说史》(A History of Modern Chinese Fiction)中对本书作出很高的评价，这才重新引起人们对它的关注。人们对它的评价一般集中在两方面，幽默的语言和对生活深刻的观察。从1990年代开始，也有人提出对本书的不同看法，认为这是一部被“拔高”的小说，并不是一部出色的作品。很多人认为这是一部幽默作品。除了各具特色的人物语言之外，作者夹叙其间的文字也显着机智与幽默。这是本书的一大特色。也有人认为这是作者卖弄文字，语言显得尖酸刻薄。但这一说法并不为大多数人接受。,https://img3.doubanio.com/view/subject/l/public/s6941453.jpg,2007-8,https://book.douban.com/subject/1855364/,9.2,,4,我偏爱唐晓芙和赵辛楣，想来作者也和我想法一样吧。,,2014-08-26 22:11:59,钱锺书 / 2007 / 人民文学出版社
836872602,做饭,"◆大师的吃货哲学
◆最完整收录汪曾祺先生谈吃的散文集，首次录入汪曾祺的画作、书法作品。
◆中国最后一位士大夫，唯一一位衔接现代文学与当代文学的散文大师。字里行间充满了“生之喜悦”。
◆汪是一文狐，修炼老成精。——贾平凹
◆记人事、写风景、谈文化、述掌故，兼及草木虫鱼、瓜果食物，皆有情致。间作小考证，亦可喜。娓娓而谈，态度亲切，不矜持作态。文求雅洁，少雕饰，如行云流水。春初新韭，秋末晚菘，滋味近似。
内容简介——
汪曾祺是一位把口腹之欲和高雅文化之间的距离拉得最近的人，他自称喜欢逛菜市场：“到了一个新地方，有人爱逛百货公司，有人爱逛书店，我宁可去逛逛菜市。看看生鸡活鸭、新鲜水灵的瓜菜、彤红的辣椒，热热闹闹，挨挨挤挤，让人感到一种生之乐趣。”
本书是最全的一本汪曾祺谈吃的美文集，收入的汪曾祺书画和汪曾祺细腻冲淡的美文相得益彰，借汪曾祺美文以成美书，以飨读者。",https://img1.doubanio.com/view/subject/l/public/s27748879.jpg,2013-10,https://book.douban.com/subject/25774772/,8.7,,4,大吃货汪先生，对中国各地特色菜肴确实很有研究，吃顿饭都能旁征博引确是一种心态，一种恣意。,,2014-08-16 20:29:58,汪曾祺 / 2013 / 江苏文艺出版社
836589232,情人 乌发碧眼,"杜拉斯（1914-1996），法国当代著名的小说家、剧作家和电影艺术家。
《情人》是一部带有自传色彩的作品，以法国殖民者在越南的生活为背景，描写了一名贫穷的法国少女与富有的华裔少爷之间深沉而无望的爱情，笔触深达人性中某些最根本、最隐秘的特质，催人深思。
《乌发碧眼》叙述的是男女主人公对虚实不定的世事所怀有的莫焦虑，同时又从较为独特的视角揭示了现代人对性爱的感悟和反思。",https://img9.doubanio.com/view/subject/l/public/s2009076.jpg,2006-8,https://book.douban.com/subject/1858557/,7.9,,4,四星是给情人的，情人中的描写真美，淡淡的悲戚，思维无所凝滞。也是，杜拉斯是一位从来不需要迎合读者口味的作家。乌发碧眼太意识流，不是很能窥探女主人公的心思，但读出了对不定未来的淡淡哀愁。,,2014-08-15 21:24:43,[法] 玛格丽特·杜拉斯 / 2006 / 上海译文出版社
834101360,庆祝无意义,"六月的一个早晨，阿兰走在巴黎一条街道上，看到很多穿着低腰裤、露脐装的女人。看着她们裸露的肚脐，阿兰既觉得迷人，又感到困惑，情色不再以女人的大腿或乳房而是以女人的肚脐作为诱惑的中心，这意味着什么呢？
小说这样开篇，一场嬉笑怒骂的喜剧由此上演，围绕卢森堡公园这个舞台中心，阿兰、拉蒙、夏尔、凯列班四个好朋友轮番登场，顺着他们的脚步、他们的生活故事、他们三三两两的谈话，引出了巴黎街头的花季少女，市民热捧的夏加尔画展，斯大林二十四只鹧鸪的玩笑，尿急的苏维埃傀儡主席，自杀未遂却杀人的母亲，以及天堂纷纷堕落的天使……舞台上演着一部热闹非凡的人间喜剧，幕后却隐藏着作者冷静洞察的智慧：生与死、严肃与荒诞、历史与忘却、现实与梦境，昆德拉让我们在笑中漂浮，为世间的无意义狂欢。",https://img3.doubanio.com/view/subject/l/public/s27337277.jpg,2014-7,https://book.douban.com/subject/25881325/,7.1,,3,,,2014-08-08 16:01:25,[法] 米兰·昆德拉 / 2014 / 上海译文出版社
815096588,这些人，那些事,"吴念真累积多年、珍藏心底的体会与感动。
他写的每个故事，都蕴藏了我们无法预知的生命能量与心灵启发。
跟他一起回望人生种种，您将学会包容、豁达与感恩……
本书是吴念真导演经历过人生的风风雨雨和最大低潮后，所完成的生命记事。
他用文字写下心底最挂念的家人、日夜惦记的家乡、一辈子搏真情的朋友，以及台湾各个角落里最真实的感动。这些人和事，透过他真情挚意的笔，如此跃然的活在你我眼前，笑泪交织的同时，也无可取代的成为烙印在你我心底、这一个时代的美好缩影……
特别收录  吴念真近年唯一小说创作《遗书》，写下对胞弟离开人间的真情告白
特别邀请  作家雷骧绘制插画，看两位大师以图文激荡出精采火花
生命里某些当时充满怨怼的曲折，在后来好像都成了一种能量和养分……这些人、那些事在经过时间的筛滤之后，几乎都只剩下笑与泪与感动和温暖。——《这些人，那些事》",https://img2.doubanio.com/view/subject/l/public/s6828981.jpg,2011-9,https://book.douban.com/subject/6388661/,8.8,,5,温情，细腻，感动,,2014-06-10 20:09:00,吴念真 / 2011 / 译林出版社
815096160,亨利四世,《亨利四世》是莎士比亚历史剧中最成功、最受欢迎的一部，被看成莎士比亚历史剧的代表作。这部作品的主要内容是反映亨利四世和他的王子们与反叛的诸侯贵族进行殊死斗争的过程。莎士比亚突破传统历史剧多条线索交织发展的网状结构，采用了两条线索平行发展的结构——以亨利四世为代表的宫廷生活线索和以福斯塔夫为代表的市井生活线索。剧中轻松、平庸、充满恶作剧的快乐的市井生活与紧张、复杂、充满流血阴谋的宫廷生活形成强烈对比，使作品的内容不仅散发着浓厚的生活气息，而且具有一定的历史深度。,https://img3.doubanio.com/view/subject/l/public/s3204912.jpg,2008-5,https://book.douban.com/subject/3100589/,8.8,,4,为了戏剧的情节设置，莎翁对历史做了些调整,,2014-06-10 20:07:32,威廉·莎士比亚 / 2008 / 大众文艺出版社
815095635,格拉布街,格拉布街（Grub Street）曾经是位于伦敦西区墨菲尔德的一条街道，是为生计挣扎的独立作家、新闻记者和出版商的传统聚居地，也是英国出版业的一个中心。格拉布街诞生于17世纪末，在18世纪逐渐成为中产阶级获取消息、评论时事的主要渠道，成为英国重要的资产阶级公共领域。18世纪英国政坛上活跃的辉格党与托利党的政治家都把格拉布街作为舆论宣传、阐发各自理论的工具。尤其是当英国处于一党寡头统治，反对党活动兴盛的时期，作为反对派的政治论坛，格拉布街成为有效的政治宣传方式，极大地动员了公共舆论，在监督政府等方面发挥了重要的作用。到18世纪末，格拉布街日益成熟，公共舆论开始进入议会，格拉布街成为政坛上的一支不可忽视的政治力量并在新闻史上写下了浓墨重彩的一页，本书将对格拉布街的兴衰沉浮和活动在格拉布街的有代表性的人物的命运进行讲述。,https://img3.doubanio.com/view/subject/l/public/s29880772.jpg,2010-01,https://book.douban.com/subject/4230638/,7.6,,3,英国新闻往事，人们会记住曾经肮脏不堪的格拉布街，是英国报业的发端之处。,,2014-06-10 20:05:40,吴伟 / 2010 / 北京大学出版社
815095331,游民政治,这本黄远生著作选集，是首部国内正式出版的简体点校本，不仅反映了黄远生的新闻思想与实践的全貌，而且客观准确地记录了民国初年的社会政治实态。对于黄远生的新闻实践，曹聚仁曾这样评价道：“不看过他的通讯的，就不配谈民国初年的政治动态和社会万象。”,https://img1.doubanio.com/view/subject/l/public/s24943870.jpg,2013-1,https://book.douban.com/subject/20506199/,8.3,,4,,,2014-06-10 20:04:33,黄远生 著 陈协 选编 / 2013 / 陕西人民出版社
815095154,唐山大地震,《唐山大地震(第3版)》也成为当代中国反映重大的自然灾害的最有影响的经典作品。1976年7月28日的唐山大地震，是迄今为止四百多年世界地震史上最悲惨的一页，造成了24万人的死亡，16万人的重伤，导致一座重工业城市在瞬间夷为平地，直接经济损失在100亿元以上……作者当年曾经赶赴唐山参加抗震救灾活动，亲身经历了地震发生时唐山地区犹如经受了战争一般的深重劫难。事后，作者以十年的时间不懈地追踪访谈，经过缜密的整理和分析，用真挚的感情和洗练的笔法，全景式地记录了当时人类面对自然灾害时的种种表现，追溯了地震前后扑朔迷离的事实与现象，反思了人类在现代化过程中究竟应该如何与自然相处的终极问题。以其亲身经历和感受，全景式地真实记录了这场大地震和在大灾中的人们，也留下了许多思考，使得这场灾难在更广阔的时空获得了更深刻的人道主义关注。,https://img1.doubanio.com/view/subject/l/public/s6187329.jpg,2010-7,https://book.douban.com/subject/4893887/,8.5,,4,学写报告文学必看，细致，真实,,2014-06-10 20:03:57,钱钢 / 2010 / 当代中国出版社
815094852,中国现代思想史论,本书以“启蒙”与“救亡”的“双重变奏”作为解释中国近现代史思想史上许多错综复杂现象的基本线索，在学术思想界引起巨大反响，毁誉参半。许多青年入学赞之为提供了崭新的范式变革。紧接此文，本书以数十年的新文学历程和哲学上“现代新儒家”等论题，简明而深入地展示了现代中国思想的诸多重要方面和问题，或明或暗地显现了上世纪中国六代知识分子的身影、悲欢和坎坷命运。书中论说“马克思主义在中国”的长文则结合对毛泽东青年时代的思想分析，说明由民粹主义、道德主义的入侵马克思主义，迷信战争经验等等，阻碍了中国的现代化。,https://img1.doubanio.com/view/subject/l/public/s3199659.jpg,2008-6,https://book.douban.com/subject/3132641/,8.8,,5,有创见，提出“西体中用”打破传统“中体西用”一词的垄断,,2014-06-10 20:02:57,李泽厚 / 2008 / 生活·读书·新知三联书店
815094438,中国文化史通释,本书集结了12篇论文，全是关于中国文化史的探讨和论断，每一篇都集中在一个特殊的面相上面。思想、政治、商业、宗教、民间文化、文学、医学、科学、艺术、科举、侠等尽在其中，涉及的范围相当广阔。且每一篇论文都是从宏观角度对中国文化史的某一面相提出一种长程的贯通解释。只有如此，我们才能同时看到中国文化的常中之变和变中之常。,https://img9.doubanio.com/view/subject/l/public/s6336525.jpg,2011-5,https://book.douban.com/subject/5410275/,8.6,,5,当初读戴震与章学诚的时候太年轻，不明觉厉，读士与中华文化的时候也是引用了大段大段的原始材料，也收获不少；而这一本是收录了余先生的讲座，所以在表述方面就更平易近人一些。线性地梳理了中国文化史，有一些创见。理解所谓的“哲学的突破”、“得道行君”和“觉民行道”等等,,2014-06-10 20:01:24,余英时 / 2011 / 生活·读书·新知三联书店
815093040,我是猫,"夏目漱石（1867-1916），日本近代文学作家的代表，竖起批判现实主义文学的丰碑，被誉为“国民作家”。《我是猫》是他的成名作，同时也是其代表作之一。
主人公以一只猫的身份，俯视着日本当时的社会，俯视着二十世纪所谓现代文明的大潮，同时发出种种嘲弄和讽刺。作品通过主人公苦沙弥的生活，以诙谐的语言、细腻的笔调和犀利的笔锋，描绘了一批惯于谈天说地、道古论今的文人学士和势利小人，淋漓尽致地揭露和嘲讽了资本家、统治者，批判了金钱万能的社会和盲目崇拜西方生活方式的社会习气，塑造出一群自命清高、愤世嫉俗的知识分子形象。",https://img1.doubanio.com/view/subject/l/public/s27245349.jpg,2007-3,https://book.douban.com/subject/2046977/,8,,5,坚持忍俊不禁，但还是笑出声，笔法比写虞美人草的时候成熟多了。,,2014-06-10 19:56:51,[日]夏目漱石 / 2007 / 上海译文出版社
798793743,窥视印度,"印度，这个古老的国度，充斥着太多的神秘，也与我们华夏民族有着千丝万屡的联系——有着几千年的政治、经济、文化、宗教等方面的交往。与我们一样，印度有屈辱的近代，在风风雨雨中走到了今天。而她的民族风情、宗教文化、经济政治等等到底是一个什么样子呢？
日本著名舞台设计家妹尾河童情趣盎然的印度游记。在游走印度的途中，他以别样的好奇、韧性和深究底里的脾性边走边看边绘，展现一个另类日本人眼中的印度建筑、宗教、历史和文化。其独特细致的文字和绘画让你身临其境。",https://img9.doubanio.com/view/subject/l/public/s1244655.jpg,2004-10,https://book.douban.com/subject/1032645/,8.6,,5,插图很精美，“答案不止一个”是印度人选择的生活方式。如何将无法统一的东西同纳一处？印度是一个很好的例子。愈发产生想去印度走一遭的心愿，体验一下贫也好富也好的印度。,,2014-04-20 17:24:17,妹尾河童 / 2004 / 生活·读书·新知三联书店
795586586,猜火车,"住在苏格兰爱丁堡附近没落小镇雷斯的年轻人，瑞顿、西蒙、丹尼和卑比，靠领取和诈骗救济金为生，生活中除了毒品，就是酒精、暴力和女人；生活周遭，不是失业者、在社会底层挣扎求生的人，就是臭味相投的小混混。
瑞顿虽然一心一意要戒毒，但总是没戒多久就又毒瘾发作而放弃；西蒙爱吸安非他命，但是更爱性，生活中除了安非他命，就是女人；丹尼个性懦弱，不愿伤害别人，却总是被人伤害；卑比是个暴力狂，爱充老大，总是领头做坏事
这四个从小一起长大的同伴，经历过好友罹患艾滋病、朋友吸毒而截肢、兄长从军误中陷阱被炸死等事件之后，决定联手干一票大买卖，打算分赃之后，各自过自己梦想中的美好人生。没想到，最受大家信赖的瑞顿，竟然背叛了多年好友……
《猜火车》小说版的文字比电影版更猛。 　　看了电影版而没看小说，或是因为没看电影版所以不敢看小说，都很可惜：对于当前英文俚语最有影响力的文学作品之一就是《猜火车》。 　　——台湾著名作家纪大伟 　　风趣、大胆、锥心、真实、原创、一针见血，而且震撼人心 这是一部真正的另类作品，你会强迫一个完全不认识的人阅读这本小说。 　　本书为虚构小说开创了一个前所未有的新世纪。 　　——纽约《Time Out》杂志 　　激烈又生猛的趣味，别因为你看过了电影，就错过了阅读这本书。 　　《猜火车》非常值得一读，不仅因为很少有作家尝试涉猎独特的英，国年轻人文化，更重要的是，很少有作家能像本书这样，对此领域探讨得如此深刻。 　　——《纽约时报》 　　欧文•威尔士将会成为英国最重要的小说家。 　　他的写作结合了风格、想象、智慧和力量 本书的腔调和风格，让对当今小说倒尽胃口的读者耳目一新 　　——《泰晤士报》 　　有史以来最棒的书，这本书的销售量，超越《圣经》也不为过。 　　——苏格兰反文化刊物《叛逆公司》",https://img2.doubanio.com/view/subject/l/public/s6185561.jpg,2010-7-1,https://book.douban.com/subject/4881998/,8.4,,4,,,2014-04-10 22:55:35,[英] 欧文·威尔士 / 2010 / 重庆出版社
793910386,唐代政治史述论稿,此书对唐代政治史作了极为精辟的论述。,https://img2.doubanio.com/view/subject/l/public/s33583051.jpg,1982年,https://book.douban.com/subject/3205912/,9.5,,5,治唐史不可不读。老师上课传授的很多内容都是参照了陈先生的研究成果，目前来说还是没有人更够企及先生的高度。,,2014-04-05 13:32:15,陈寅恪 / 1982年 / 上海古籍出版社
793909926,虚实之间,"第一个登上《纽约时报》头版的中国人；
西方主流媒体眼中的青年意见领袖；
《纽约时报》专栏作家；
耶鲁大学最年轻的“世界学者”；
澳大利亚前总理陆克文的好朋友；
令福田康夫、布莱尔、丰田章男等人印象深刻的中国记者；
两次在G20峰会上提问奥巴马并被全球直播……
这是一个34岁年轻人少有的经历。
《虚实之间》是芮成钢的一部全新作品。
作为“杰出对话者”的芮成钢，将十几年职业生涯中不同凡响的交往与访谈、台前与幕后、公众话题与私人情谊一一生动叙述。
作为“尖锐提问者”的芮成钢，坦诚倾诉了“委屈”，还原了“真相”。
作为“英语比大多数美国人还好”的芮成钢，在书中分享了自己的英语“通关秘诀”，以及与人交往、交流的成功心得、成长路途中的关键选择等等。
南非前总统姆贝基曾说：“芮成钢是一位并非每个国家都拥有的世界级的记者和主持人。”
日本前首相福田康夫对芮成钢这样评价：“我为亚洲能有他这样优秀的媒体人感到自豪和骄傲，我对他的经历和思想都非常感兴趣。”",https://img9.doubanio.com/view/subject/l/public/s28762986.jpg,2012-5,https://book.douban.com/subject/10582351/,7.4,,3,成语好几处误用 有些主观想法无法认同 ,,2014-04-05 13:30:27,芮成钢 / 2012 / 长江文艺出版社
788153618,凯撒不爱我,"记者是永远的反对派！
“我”是记者，“凯撒”即强权。作者咬住不放的，是权力与媒体的恒久博弈。
王健壮是记者，是编辑，是文人，是政论家，但是他同时如白荷出水，高高地在风中招摇一种稀有的价值标准。《凯撒不爱我》是五十二个自由派新闻人的故事，是五十二个与当权派、与扭曲的社会风气唱反调的传奇。作者高擎“自由主义”、“新闻专业主义”两面旗帜，竖标杆，挽狂澜。从“扒粪运动”到“最危险的总编辑”，近百年的新闻史，一路缕过来。书中的主角是调查记者、专栏作家、主播、总编辑、总主笔，他们曾经揭举无数弊案，曾经力抗麦卡锡的白色恐怖，也曾在“911”后的保守风气中坚守自由主义；有的终究晚节不保，有的则以职业生命做赌注，坚持新闻的理想。阅读此书，令我们感叹新闻还是有标准的，而前面正有如此多的典范。
也许就是因为对台湾媒体的集体不为，或者对“张季鸾精神”（秉持不党、不卖、不私、不盲的“四不主义”）如烟一般消失得无影无踪，有些感慨甚至有些恐慌吧，所以我才转向美国的媒体，想从美国新闻界的历史与现实里，去寻找像张季鸾与《大公报》那样的记者、那样的报老板以及那样的媒体，目的既是为了替我的沮丧挫折寻求慰藉，也是为了替我的虚无麻木寻找刺激。没想到这个自私的动机，这段自我治疗的旅程，最后却写成了一本书。 ──王健壮",https://img2.doubanio.com/view/subject/l/public/s27181131.jpg,2014-1,https://book.douban.com/subject/25792994/,7.4,,4,记者永远都是反动派！,,2014-03-19 23:27:05,王健壮 / 2014 / 广西师范大学出版社
788148373,报人张季鸾先生传（修订版）,《报人张季鸾先生传(修订版)》主要内容：19世纪末到20世纪初是一个风云激荡、各种新生事物不断涌现，各路才俊各逞其才的时代。伴随着皇权的禁锢、军阀的专横、敌寇的入侵，一批批报人从逆境中成长起来。他们始终保持着独立精神，坚守着争取民主自由、变革社会的报业传统，在历史的回音壁上留下了属于那个时代的黄钟大吕般的绝响。报人张季鸾先生就是其一。我们有必要拂去历史的尘埃，再次走进他，为读者讲述一个人，一份报和一个时代荣辱与共的风雨历程。,https://img9.doubanio.com/view/subject/l/public/s4621026.jpg,2009-12,https://book.douban.com/subject/4269786/,7,,4,不党，不私，不卖，不盲，恐怕做不到。新闻人和政府、领袖之间永远的博弈。,,2014-03-19 23:18:11,徐铸成 / 2009 / 生活·读书·新知三联书店
785799658,一九八四,"《一九八四》（出版于1949年）是奥威尔的传世之作，堪称世界文坛最著名的反乌托邦、反极权的政治讽喻小说。他在小说中创造的“老大哥”、“双重思想”、“新话”等词汇都已收入权威的英语词典，甚至由他的姓衍生出“奥威尔式”（Orwellian）、“奥威尔主义”（Orwellism）这样 的通用词汇，不断出现在报道国际新闻的记者笔下，足见其作品在英语国家影响之深远。
“多一个人看奥威尔，就多了一份自由的保障，”有论家如是说。",https://img2.doubanio.com/view/subject/l/public/s3864641.jpg,2009-7,https://book.douban.com/subject/3815131/,9.5,,5,集权主义控制着人们生活的方方面面，从社会舆论到个人隐私，在集权主义面前，每个人身上的衣服都被拔得精光。,乔治·奥威尔,2014-03-13 22:02:54,[英国] 乔治·奥威尔 / 2009 / 上海译文出版社
785798593,唐史研究会论文集,,https://img3.doubanio.com/view/subject/l/public/s4705343.jpg,1983-9,https://book.douban.com/subject/6105522/,0,,5,,,2014-03-13 22:00:08,中国唐史研究会 编 / 1983 / 陕西人民出版社
783712387,唐太宗與貞觀之治論集,本論文集選編了解放後公開發表的各種角度的論文十六篇，除做了個別文字改動及技術性加工外，基本保持原貌。並附有目錄索引，希望能爲從事唐太宗與“貞觀之治”研究工作以及對此有興趣的同志提供一些方便，疏漏之處，敬請指教。,https://img1.doubanio.com/view/subject/l/public/s4355289.jpg,1982-02,https://book.douban.com/subject/4826543/,0,,5,汪篯先生的部分我特别留心了，《唐太宗》着重评价的是贞观前期的太宗的作为。太宗和关陇集团的联系还是很密切的，唐太宗出身于关陇军事贵族集团高门，有着浓厚的门阀观点，这是时代和家庭给予太宗的局限，在评价太宗时需要注意到这一点。,,2014-03-07 12:38:17,歷史研究編輯部 / 1982 / 陝西人民出版社
783710309,古希腊戏剧选,"古希腊作为世界文明古国之一，给后代留下了丰富的文化遗产，戏剧是其中一个重要的方面。古希腊戏剧产生于公元前六世纪，公元前五世纪达到鼎盛时期，它起源于古代希腊人对酒神狄奥倪索斯的崇拜。一年一度的酒神节的重要内容便是盛大的戏剧比赛。
古希腊戏剧是世界古代文化的瑰宝，虽已历时数千载，但其动人的情节、深邃的思想和精湛的技巧，至今仍然能强烈地震撼人们的心灵，令人赞叹不已。",https://img9.doubanio.com/view/subject/l/public/s22701434.jpg,2012-11,https://book.douban.com/subject/19961140/,9.1,,5,罗念生老师和玉焕生老师的翻译都很流畅，内容上，人类渺小，命运不可违背。,,2014-03-07 12:29:48,[古希腊] 埃斯库罗斯 [古希腊] 阿里斯托芬 [古希腊] 米南德 / 2012 / 人民文学出版社
781902134,走到人生边上,"人生据说是一部大书。“生、老、病、死”是人生的规律，谁也逃不过。《写在人生边上》是钱钟书先生的第一个集子，由杨绛女士编定。本书则是这个集子的注释，回答了神和鬼的问题，有关人的问题，灵与肉的斗争和统一，修身之道，人生的价值等。
此书共分为两部分，在书中杨绛关注了神和鬼的问题，人的灵魂、个性、本性，灵与肉的斗争和统一，命与天命以及人类的文明等问题。融会了文学、哲学、伦理学精神分析等学科的知识，并形成了自己的思考。
后一部分则由注释《写在人生边上》多篇散文构成。在《论语趣》一文中，杨绛提到，钱钟书和她都认为，孔子最喜欢的弟子是子路而不是颜回，最不喜欢的是不懂装懂、大胆胡说的宰予。",https://img9.doubanio.com/view/subject/l/public/s3552626.jpg,2007-8,https://book.douban.com/subject/2240482/,8.1,,4,读完之后不像读《我们仨》和《干校六记》那样喜欢杨绛的文字了。,,2014-03-01 20:11:52,杨绛 / 2007 / 商务印书馆
781821378,不要因为走得太远而忘记为什么出发,"这是一本从纪录片出发的哲学书，他纪录着小人物们构成的历史；是一本用影像去抵达的启示录，他思考的是如何用影像认识世界。
从民生出发，以影像抵达。在最官方的平台，讲述老百姓的故事。陈虻，一个被崔永元、白岩松、柴静等一众央视人视为精神领袖的人。
本书汇集了陈虻生前在央 视评论部的审片经典言论、讲座精华、报道文章以及影像，展示了纪录片从观念到方法、从栏目化管理到新节目研发的思想精华。本书由十八篇文章构成，从十八个角度解构他的思想，展示出一个思想深刻而诗意表达的纪录片人之有趣。
包括前言在内20章。附录6篇访谈。随书赠送60分钟的一个纪念陈虻的光盘。",https://img9.doubanio.com/view/subject/l/public/s24869644.jpg,2013-1,https://book.douban.com/subject/20453024/,8.7,,4,陈虻老师的话每一句都记在心里！,,2014-03-01 15:56:16,徐泓 陈虻 / 2013 / 中国人民大学出版社
781820957,局外人,《局外人》是法国作家加缪的成名作，同时也是存在主义文学的杰出作品之一，该书以一种客观记录式的“零度风格”，粗线条地描述了主人公默尔索在荒谬的世界中经历的种种荒谬的事，以及自身的荒诞体验。从参加母亲的葬礼到偶然成了杀人犯，再到被判处死刑，默尔索似乎对一切都无动于衷，他像一个象征性的符号，代表了一种普遍的存在，又像是一个血红色的灯塔，具有高度的警示性。然而，局外人现象的产生无疑是由这个世界本身所孕育的，默尔索的存在有其深刻的外部原因。,https://img9.doubanio.com/view/subject/l/public/s4468484.jpg,2010-8,https://book.douban.com/subject/4908885/,9.1,,5,极端虚无主义者、最安静的绝望者。                                                                                                                                                                                                                                                                                                                                           ,,2014-03-01 15:54:54,[法] 阿尔贝·加缪 / 2010 / 上海译文出版社
781820112,蝇王,《蝇王》描述在一场未来的核战争中，一架飞机带着一群孩子从本土飞到南方疏散。飞机被击落，孩子们乘坐的机舱落到一座世外桃源般的、荒无人烟的珊瑚岛上。起初孩子们齐心协力，后来由于害怕所谓的“野兽”分裂成两派，以崇尚本能的专制派压倒了讲究理智的民主派而告终。,https://img9.doubanio.com/view/subject/l/public/s2075806.jpg,2006-8,https://book.douban.com/subject/1872158/,8.2,,3,要不是读了译者序，完全不造在讲什么，铺天盖地的场景描写……,,2014-03-01 15:52:15,[英] 威廉·戈尔丁 / 2006 / 上海译文出版社
781819876,嫌疑人X的献身,"百年一遇的数学天才石神，每天唯一的乐趣，便是去固定的便当店买午餐，只为看一眼在便当店做事的邻居靖子。
靖子与女儿相依为命，失手杀了前来纠缠的前夫。石神提出由他料理善后。石神设了一个匪夷所思的局，令警方始终只能在外围敲敲打打，根本无法与案子沾边。石神究竟使用了什么手法？",https://img1.doubanio.com/view/subject/l/public/s24962229.jpg,2010-1,https://book.douban.com/subject/4117922/,9,,4,,,2014-03-01 15:51:27,[日] 东野圭吾 / 2010 / 南海出版公司
775645468,新闻社会学,"《新闻社会学》为当代新闻媒体的起源、结构、符码、文化以及运作实践提供了一种犀利而全面的阐释。它也回答了新闻如何影响社会的问题，特别是新闻对政治的影响。迈克尔·舒德森还质疑了大众、学术界和新闻界自身对于媒体的误解。《新闻社会学》的最终目标不是调解有关媒体的争论，而是致力于界定问题所在，并描绘出新闻机构在现代公共意识的形成过程中所扮演的角色。

  点击链接进入英文版： 
 The Sociology of News",https://img1.doubanio.com/view/subject/l/public/s4437219.jpg,2010-4,https://book.douban.com/subject/4840095/,7.9,,4,尚可。,,2014-02-10 10:44:33,迈克尔·舒德森 / 2010 / 华夏出版社
775644553,看见,"《看见》是知名记者和主持人柴静讲述央视十年历程的自传性作品，既是柴静个人的成长告白书，某种程度上亦可视作中国社会十年变迁的备忘录。十年前她被选择成为国家电视台新闻主播，却因毫无经验而遭遇挫败，非典时期成为现场记者后，现实生活犬牙交错的切肤之感，让她一点一滴脱离外在与自我的束缚，对生活与人性有了更为宽广与深厚的理解。十年之间，非典、汶川地震、两会报道、北京奥运……在每个重大事件现场，几乎都能发现柴静的身影，而如华南虎照、征地等刚性的调查报道她也多有制作。在书中，她记录下淹没在宏大叙事中的动人细节，为时代留下私人的注脚。一如既往，柴静看见并记录下新闻中给她留下强烈生命印象的个人，每个人都深嵌在世界之中，没有人可以只是一个旁观者，他人经受的，我必经受。书中记录下的人与事，是他们的生活，也是你和我的生活。
《看见》中，我没有刻意选择标志性事件，也没有描绘历史的雄心，在大量的新闻报道里，我只选择了留给我强烈生命印象的人，因为工作原因，我恰好与这些人相遇。他们是流淌的，从我心腹深处的石坝上漫溢出来，坚硬的成见和模式被一遍遍冲刷，摇摇欲坠，土崩瓦解。这种摇晃是危险的，但思想的本质就是不安。
我试着尽可能诚实地写下这不断犯错、不断推翻、不断疑问、不断重建的事实和因果，一个国家由人构成，一个人也由无数他人构成，你想如何报道一个国家，就要如何报道自已。——柴静
海报：",https://img1.doubanio.com/view/subject/l/public/s24514758.jpg,2013-1-1,https://book.douban.com/subject/20427187/,8.8,,4,“我们终将浑然难分，像水溶于水中”这一篇中的几句话还是感触颇深：“因为我们的性文化里，把生育当作性的目的，把无知当纯洁，把愚昧当德行，把偏见当德行。”,,2014-02-10 10:41:00,柴静 / 2013 / 广西师范大学出版社
775643122,君主论,作者马基雅维里（1469—1527），近代政治思想的主要奠基人。在中世纪后期的政治思想家中，马基雅维里第一个明显地摆脱了神学和伦理学的束缚，为政治学和法学开辟了走向独立学科的道路。本书是马基雅维里的代表作，被誉为“一本毁誉参半的奇书，一直被奉为欧洲历代君主的案头之书，政治家的最高指南，统治阶级巩固其统治的治国原则，人类有史以来对政治斗争技巧最独到最精辟的解剖”。本书自1532年开始印行，迄今480多年，被西方评论界列为是与《圣经》《资本论》等相提并论的、影响人类历史的十部著作之一。,https://img3.doubanio.com/view/subject/l/public/s1291183.jpg,2005-10,https://book.douban.com/subject/1060774/,8.7,,5,更像议论文，举例子佐证自己的观点，历数多位君主之得失，概括身为君主之维系统治之策。,,2014-02-10 10:35:43,[意]尼科洛·马基雅维里 / 2005 / 商务印书馆
775642225,历史深处的忧虑,作者以信件的形式讲述了美国现实生活中的故事，生动地介绍了美国法律政治制度的思想原则、建立与发展过程、操作方式、历史价值以及为这套制度已付出和将要付出的代价。,https://img3.doubanio.com/view/subject/l/public/s27023602.jpg,2013-8,https://book.douban.com/subject/25708714/,8.8,,4,中美两国在多方面差异的原因之一：思维方式不同,,2014-02-10 10:32:29,林达 / 2013 / 生活·读书·新知三联书店
775641733,虞美人草,人生中所有一切都是喜剧，只剩下最后一个——生或死，这是悲剧。外交官的女儿藤尾，自小接触西方文化，学识出众、谈吐优雅。父亲死后，为了夺取遗产，母亲催她成婚。然而，藤尾对父亲生前所定的婚姻并不满意，与举止粗鲁的未婚夫相比，她更愿与一个贫困却拥有极高荣誉的诗人,https://img9.doubanio.com/view/subject/l/public/s25995334.jpg,2013-5,https://book.douban.com/subject/21692825/,8.2,,4,夏目漱石最具争议的华丽丽的一本。,,2014-02-10 10:30:41,(日)夏目漱石 / 2013 / 北京联合出版公司
775641349,白夜行,“只希望能手牵手在太阳下散步”，这个象征故事内核的绝望念想，有如一个美丽的幌子，随着无数凌乱、压抑、悲凉的故事片段像纪录片一样一一还原：没有痴痴相思，没有海枯石烂，只剩下一个冰冷绝望的诡计，最后一丝温情也被完全抛弃，万千读者在一曲救赎罪恶的凄苦爱情中悲切动容……,https://img3.doubanio.com/view/subject/l/public/s4610502.jpg,2008-9,https://book.douban.com/subject/3259440/,9.1,,5,曾经室友诟病过结局，但是我觉得这样的结局最好，一本我从刚开始就猜到一切的书。,東野圭吾,2014-02-10 10:29:15,[日] 东野圭吾 / 2008 / 南海出版公司
758734610,民主的细节,这本书是作者过去几年给一些期刊报纸写的专栏文章结集，其中主要是给《南方人物周刊》的文章。全书中以讲故事的形式，把“美国的民主”这样一个概念性的东西拆解成点点滴滴的事件、政策和人物去描述。,https://img3.doubanio.com/view/subject/l/public/s4146437.jpg,2009-6,https://book.douban.com/subject/3813669/,8.5,,4,以一种更客观的腔调论述，使你对美国民主有一种更明白晓畅的了解,,2013-12-29 00:22:22,刘瑜 / 2009 / 上海三联书店
756958538,士与中国文化,《士与中国文化》由余英时著，是文史哲学生的必读书，是研究中国古代知识分子——“士”的经典书。本书采用专题研究的方式展示“士”在中国文化史上的特殊地位。作者的基本观点是把“士”看作中国文化传统中的一个相对的“未定项”——即承认“士”有社会属性但并非完全不能超越者。作者认为：“中国文化之所以能一再地超越自己的限制，则正是凭借着此一“未定项”。本书在修订的基础上又增加了“宋代士大夫的政治文化概论”、“士商互动与儒学转向”、曾国藩与“士大夫之学”、“中国知识人之史的考察”四篇论文。,https://img3.doubanio.com/view/subject/l/public/s27059562.jpg,2013-8,https://book.douban.com/subject/25732836/,9.3,,5,余英时是叼啊,,2013-12-23 23:12:50,余英时 / 2013 / 上海人民出版社
756957467,芙蓉镇,《芙蓉镇》小说描写了1963—1979年间我国南方农村的社会风情，揭露了左倾思潮的危害，歌颂了十一届三中全会路线的胜利。当三年困难时期结束，农村经济开始复苏时，胡玉音在粮站主任谷燕山和大队书记黎满庚支持下，在镇上摆起了米豆腐摊子，生意兴隆。1964年春她用积攒的钱盖了一 座楼屋，落成时正值“四清”开始，就被“政治闯将”李国香和“运动根子”王秋赦作为走资本主义道路的罪证查封，胡玉音被打成“新富农”，丈夫黎桂桂自杀，黎满庚撤职，谷燕山被停职反省。接着“文革”开始，胡玉音更饱受屈辱，绝望中她得到外表自轻自践而内心纯洁正直的“右派”秦书田的同情，两人结为“黑鬼夫妻”，秦书田因此被判劳改，胡玉音管制劳动。冬天一个夜晚，胡玉音分娩难产，谷燕山截车送她到医院，剖腹产了个胖小子。三中全会后，胡玉音摘掉了“富农”帽子，秦书田摘掉了“右派”和“坏分子”帽子回到了芙蓉镇，黎满庚恢复了职务，谷燕山当了镇长，生活又回到了正轨。而李国香摇身一变，又控诉极左路线把她“打成”了破鞋，并与省里一位中年丧妻的负责干部结了婚。王秋赦发了疯，每天在街上游荡，凄凉地喊着“阶级斗争，一抓就灵”，成为一个可悲可叹的时代的尾音。,https://img1.doubanio.com/view/subject/l/public/s1232310.jpg,2005-1,https://book.douban.com/subject/1200843/,8.2,,4,寓政治风云于风俗民情图画，借人物命运演乡镇生活变迁。,,2013-12-23 23:09:32,古华 / 2005 / 人民文学出版社
755023711,不能承受的生命之轻,"小说依托六十年代的捷克斯洛伐克的政治历史背景，围绕着托马斯、特蕾莎、萨比娜和弗兰茨等人物，以托马斯与特蕾莎的爱情为主线展开故事。
爱与做爱，灵魂与肉体，拯救与放逐，忠诚与背叛，昆德拉把一个个的矛盾摆在面前，“到底选择什么？是重还是轻？”“重便真的残酷，而轻便真的美丽？”重与轻不再是物理上的简单对立，而是如昆德拉所说：“重与轻的对立是所有对立中最神秘、最模糊的。",https://img3.doubanio.com/view/subject/l/public/s4421443.jpg,2010-8,https://book.douban.com/subject/4920007/,8.8,,4,美并非人们所向往的，而是人们所回望的东西。,,2013-12-17 22:24:52,米兰·昆德拉 / 2010 / 上海译文出版社
753384652,魏晋玄学论稿,"对“魏晋玄学”的现代研究，汤用彤是开创者。他首先提出以“自然名教”之争、“言意之辩”、“有无、本末之辩”来概括魏晋时期的主要思想论争。由此出发，历史地考察各派思想的演变，从而揭示出发展的主线。这是他对中国现代学术的一个重要贡献。
本书是作者有关魏晋玄学的主要著述。除去《魏晋玄学论稿》，还收有《魏晋玄学讲课提纲》和《魏晋玄学听课笔记》，这些著述多产生在20世纪三四十年代，正值抗日战争的艰难岁月，生活颠沛流离，原计划中的《魏晋玄学》专著终未能成书。但是这些陆续刊发的论文和讲课提纲、听课笔记，可以清楚看出他的魏晋玄学研究已经有了一个基本的体系框架，形成鲜明的学术特色，为后学的研究开创了新的方向。",https://img9.doubanio.com/view/subject/l/public/s6132714.jpg,2009-12,https://book.douban.com/subject/4071857/,9.3,,4,深感自身功力不够，果然玄妙玄静玄远玄冥玄默。,,2013-12-12 21:59:24,汤用彤 / 2009 / 生活·读书·新知三联书店
753383579,华盖集,,https://img3.doubanio.com/view/subject/l/public/s27155623.jpg,2013-11,https://book.douban.com/subject/25778500/,8.8,,5,中国一向少有失败的英雄，少有韧性的反抗，少有敢单身鏖战的武人，少有敢抚哭叛徒的吊客；见胜兆则纷纷聚集，见败兆则纷纷逃亡。,,2013-12-12 21:56:34,鲁迅 / 2013 / 译林出版社
753383157,华盖集续编,,https://img9.doubanio.com/view/subject/l/public/s27155624.jpg,2013-11,https://book.douban.com/subject/25778501/,9.1,,5,中国一向少有失败的英雄，少有韧性的反抗，少有敢单身鏖战的武人，少有敢抚哭叛徒的吊客；见胜兆则纷纷聚集，见败兆则纷纷逃亡。,,2013-12-12 21:55:25,鲁迅 / 2013 / 译林出版社
752048191,斐多,这本并不厚重的小书，却有着很重的分量。柏拉图的对话录《斐多》，描绘的是哲人苏格拉底就义的当日，与其门徒就正义和不朽的讨论，以及饮鸩至死的过程。苏格拉底本可以逃往其他城邦、或者保持缄默，但他不肯背叛他的信念，就义前从容不惧，他与他的门生侃侃而谈的情景，令人崇敬。在西方文化中，论影响的深远，几乎没有另一本著作可以与《斐多》相比。杨绛先生的译文，对照多种版本和注释，并一句句死盯着英译本，而力求通达流畅。她认为：“苏格拉底和朋友们的谈论，该是随常的谈话而不是哲学论文或哲学座谈会上的讲稿，所以我尽量避免哲学术语，努力把这篇盛称语言生动如戏剧的对话译成戏剧似的对话。”名作由名家翻译，所以，这本书的分量非同一般。,https://img1.doubanio.com/view/subject/l/public/s29923640.jpg,2011-3,https://book.douban.com/subject/6073019/,9,,4,你相信认识是记忆呢，还是相信灵魂是和谐？,,2013-12-08 15:26:08,柏拉图 / 2011 / 生活·读书·新知三联书店
751907020,妞妞,"《妞妞：一个父亲的的札记》是周国平编著。
    《妞妞：一个父亲的的札记》是讲述作者本人和其女妞妞一起度过的五百六十二个日日夜夜发生的点点滴滴，以札记的方式记录下来的真切而感人的亲情故事。
    人生就是这样，有很多无奈和伤感，而这样才能更加懂得珍惜身边的人。孩子降临和离别，在本书中却被作者以平凡而淡然的方式表现的无以复加，深刻而真实，相信读者看了一定能体会到这种真切，因为亲情是一样的，不是嘛！",https://img3.doubanio.com/view/subject/l/public/s22702373.jpg,2012-7,https://book.douban.com/subject/10826276/,8.1,,3,这回我是真的对周国平让女儿放弃治疗的事情愤怒了！有什么资格剥夺女儿的生存权，哪怕是再多几年也好，就让她在这么好的年纪就死去？从一开始就应该抗争到底，生活并没有后悔药可吃，每一个后悔的海洋里都有无数个辩证的救生圈。,,2013-12-08 00:42:43,周国平 / 2012 / 人民文学出版社
751905328,第七天,"“浓雾弥漫之时，我走出了出租屋，在空虚混沌的城市里孑孓而行。我要去的地方名叫殡仪馆，这是它现在的名字，它过去的名字叫火葬场。我得到一个通知，让我早晨九点之前赶到殡仪馆，我的火化时间预约在九点半。”
这是余华最新长篇小说《第七天》的开篇，给读者留下了足够大的悬念，一个走向殡仪馆、将被火化的人，在死亡之后还能留给读者什么呢？这次余华用荒诞的笔触和意象讲述了一个比《活着》更绝望、比《兄弟》更荒诞的故事，让读者体会到一种寒冬腊月被囚禁于积年冰川里的寒冷，一种剧烈拉锯式切肤的疼痛和虐心，一种茫茫荒野身心俱疲后无着无落的绝望。",https://img1.doubanio.com/view/subject/l/public/s26710519.jpg,2013-6,https://book.douban.com/subject/24540864/,7.1,,3,写得真不怎么样，说是新闻汇编也好，感觉没什么内涵像在打流水账。,,2013-12-08 00:36:38,余华 / 2013 / 新星出版社
751905027,许三观卖血记,"故事发生于解放初的五六十年代，那时主人公许三观还是一个青年，他被周围生活不断地压迫，为了生活，不得不拼命地工作，但是依然无法保证生活，他只能用卖血来维持，每当无奈时，就会想到用卖血来解决。随着岁月的流逝，许三观身体一日不如一日。他为了给儿子治病，坚持15天卖一次血，以还清欠债，最后导致大病不起。
小说围绕着卖血的经历，展开许三观生活中的琐琐事事，体现出一个男人所应当承担的某些责任，或许这也正是一种人生的无奈。小说饱含辛酸的经历，但也不乏幽默之处，比如每次卖血前喝足八碗水，这样身上的血就会多起来了，诸如此类的奇怪想法非常多。",https://img3.doubanio.com/view/subject/l/public/s1641443.jpg,2004-1,https://book.douban.com/subject/1044663/,8.7,,4,记录的是许三观一家的生活琐事，结局当然是他再也卖不了血了——因为他老了。,,2013-12-08 00:35:24,余华 / 2004 / 上海文艺出版社
751903897,考古学专题六讲,《张光直作品系列:考古学专题六讲》根据1984年初秋作者张光直在北京大学考古系的六次演讲记录整理而成，内容集中于宏观性探讨中国考古与一般性问题的关联。是20世纪80年代国内最为流行的考古学读物之一，分为“中国古代史在世界史上的重要性”；“从世界古代史常用模式看中国古代文明的形成”等数讲内容。,https://img3.doubanio.com/view/subject/l/public/s26587873.jpg,2013-1,https://book.douban.com/subject/23065661/,9.3,,5,是张光直先生在北大演讲的汇编，回答了一些关于历史入门级知识的问题，浅显易懂，读完感觉还是挺有收获的。,,2013-12-08 00:31:20,张光直 / 2013 / 生活·读书·新知三联书店
751903407,仰韶文化,"《20世纪中国文物考古发现与研究丛书》是一套学科发展史和学术研究史丛书。其内容包括对20世纪考古与文物工作概况的综合阐述；对一些重要的考古学文化和古代区域文化研究情况的叙述；对文物考古的专题研究；对重要的文物考古发现、发掘及研究的个例纪实。
　　本书对中国新石器时代中最重要的仰韶文化作了科学的总结，是仰韶文化发现、发掘和研究八十年来的学术回顾史。重点介绍了仰韶文化的考古成就与原始社会史的密切关系，展示了对仰韶文化研究的发展脉络以及争论观点，广纳各家之见，博采诸家之长，并对新世纪的仰韶文化研究进行了展望。书中配有彩图8幅，插图30幅，资料翔实，图文并茂，具有较高的学术价值和参考价值。",https://img3.doubanio.com/view/subject/l/public/s5701993.jpg,2002-10,https://book.douban.com/subject/1547885/,7.7,,3,就当做拓宽视野读读吧,,2013-12-08 00:29:46,巩启明 / 2002 / 文物出版社
751902845,世界文明史(上下),世界文明史（上下册），ISBN：9787301077078，作者：马克垚主编,https://img3.doubanio.com/view/subject/l/public/s1135512.jpg,2004-09,https://book.douban.com/subject/1029388/,8.1,,4,同样也是科普性的读物，但是要好好研究世界史还得读一些英文的学术论著,,2013-12-08 00:27:56,马克垚 / 2004 / 北京大学出版社
751902405,中华文明史（第一卷）,"本书是北京大学国学研究院组织撰写的一部多学科融合的学术著作。实现文明史既是人类的创造史，也是人类的演进史这一观点，将物质文明、政治文明和精神文明，分别对应人与自然的关系、人类社会的组织方式以及人的心灵世界，展示其错综复杂的关系，做出总体性的描述，以突出是华民族的创造力以及中华文明生生不息的过程。本书将中华文明分为四个时期，以中华文明史上重大的转型作为分期的依据，细致地描绘了各个时期文明的特点、亮点，及其承上启下的关系，彰显那些对文明发展做出重大贡献的人物，探讨对文明发展起关键作用的各种因素，从而全面论述了中华文明发展的历程，提示了若干发展规律和历史经验。本书力图将中华文明放到世界格局中进行考察，写出中华文明在世界文明进程中所处的地位。在论述中充分注意文物考古资料与文献资料的结合，力求史笔、议论、才情三者相结合。
本卷函盖先秦文明。",https://img9.doubanio.com/view/subject/l/public/s5654945.jpg,2006-4,https://book.douban.com/subject/1775178/,8,,5,普及知识的读物，挺不错的，还是有看下去的欲望，总共有五卷,,2013-12-08 00:26:36,严文明 / 2006 / 北京大学出版社
751900227,阿维斯塔,《阿维斯塔》是古代伊朗琐罗亚斯德教的圣书，是伊朗最古老的文献，约成书于公元前十世纪以前，流传至今，多有损佚，本书是其精华部分。全书分为六卷，以诗歌语言记载了琐罗亚斯德教的宗教神祇及其谱系，包含了这一古老宗教的世界观和基本教义，亦涉及信徒所应遵循的教规和戒律，通过优美的颂辞反映了古代伊朗人英勇、果敢、纯洁、真诚、宽容和乐观的美德，以及他们对万物的明智看法，表现了他们为世界繁荣和人类生活的幸福而奋斗不息的热情。,https://img3.doubanio.com/view/subject/l/public/s4888513.jpg,2010-12,https://book.douban.com/subject/4882127/,8.2,,4,其实还是挺有意思的，琐罗亚斯德教圣书。,,2013-12-08 00:19:29,[伊朗] 贾利尔·杜斯特哈赫选编 / 2010 / 商务印书馆
751899753,乡土中国,著名社会学家费孝通教授，一生行行重行行，实地调查和考察总结中国农村经济发展的各种模式，写下了诸多不朽篇章。《乡土中国》的写作经过，在后记里已经交代清楚。这里收集的是我在40年代后期，根据作者在西南联大和云南大学所讲“乡村社会学”一课的内容，应当时《世纪评论》之约，而写成分期连载的14篇文章。,https://img9.doubanio.com/view/subject/l/public/s4085836.jpg,2008年,https://book.douban.com/subject/3283983/,9.3,,5,一本关于社会科学，也可以说是关于人文科学的书，对我的启发挺大的。西方人跟着摩西，而我们跟着乡愁。我们的根就在乡土中国。,社会学,2013-12-08 00:17:40,费孝通 / 2008年 / 人民出版社
751897329,罗生门,芥川龙之介(1892—1927)，日本新思潮派代表作家，创作上既有浪漫主义特点，又具有现实主义倾向。以其名字命名的“芥川奖”成为日本文坛的重要奖项之一。作品以短篇小说为主，多为历史题材，情节新奇甚至诡异，以冷峻的文笔和简洁有力的语言让读者关注到社会丑恶现象，这使得他的小说既具有高度的艺术性，又成为当时社会的缩影。《罗生门》是其代表作。本书收录芥川的中短篇小说共十三篇。《罗生门》以风雨不透的布局将人推向生死抉择的极限，从而展示了“恶”的无可回避，第一次传递出作者对人的理解，对人的无奈与绝望。书山稗海，文史苑囿，于中沉潜含玩，钩没抉隐，一日发而为文，自是信手拈来，随机生发，纵横捭阖，不可抑勒。由庙堂高官到市井小民，由紫宸之深到江湖之运，其笔下无不呼之即来，腾跃纸上。芥川生性敏感，一般来说，他不重描绘而意在发掘，疏于叙述而工于点化，少的是轻灵与潇洒，多的是沉郁与悲凉。这点不难从其作品中窥其一斑。,https://img1.doubanio.com/view/subject/l/public/s3435158.jpg,2008-7,https://book.douban.com/subject/3136271/,8.7,,,超级喜欢芥川龙之介，林少华的翻译十分到位。最喜欢这部小说集中的《地狱变》，这不也是他本身的真实写照吗？,"芥川龙之介,林少华",2013-12-08 00:10:24,[日] 芥川龙之介 / 2008 / 上海译文出版社
751896755,日出东方,,https://img9.doubanio.com/view/subject/l/public/s1326306.jpg,2001-8-1,https://book.douban.com/subject/1092848/,8.1,,4,整部作品思路挺清晰的，适合历史专业的学生读一读，有助于理清古代两河流域的历史线索,苏美尔文明,2013-12-08 00:08:40,拱玉书 / 2001 / 云南人民出版社
751896271,古代西亚北非文明,"《世界文明大系》丛书包括《儒家文明》、《拉丁美洲文明》、
《非洲黑人文明》、《日本文明》、《伊斯兰文明》、《古代西亚北
非文明》、《犹太文明》、《印度文明》、《美国文明》、《西欧文
明》、《拉斯夫文明》、《加拿大文明》总计１２种，这１２卷书邀
请国内近３０位专家，历时１０年方才编纂完成。与前不久东方出版
社推出的美国学者威尔・杜兰的《世界文明史》不同，本书系是中国
学者独立完成的宏大构建。",https://img9.doubanio.com/view/subject/l/public/s5687066.jpg,1999-10,https://book.douban.com/subject/1025940/,7.1,,3,我只想说这部书里面人名翻译得实在太违和了！,,2013-12-08 00:07:09,刘文鹏 / 1999 / 中国社会科学出版社
751895999,沉默的羔羊,"当羔羊安静下来，你是否听到心灵最暗处的呐喊和低语?
悬疑文学大师托马斯•哈里斯最经典作品《沉默的羔羊》
悬疑小说由此跨入经典文学殿堂，改编电影包揽奥斯卡五项大奖
联邦调查局的实习生史达琳要跟心理学专家兼杀人魔王汉尼拔斗志斗勇，希望能借助对方的心理分析破获一桩连环杀人案，同时又不能让他利用自己越狱。正当案件悬而未决的时刻，汉尼拔巧妙地越狱了……",https://img9.doubanio.com/view/subject/l/public/s25791504.jpg,2013-1,https://book.douban.com/subject/21371465/,8.2,,3,觉得并不好看这是怎么回事！口味有点重啊喂！果然我只能看推理的电视剧啊！,,2013-12-08 00:06:17,(美)托马斯•哈里斯 / 2013 / 译林出版社
751895410,1Q84 BOOK 1,"1Q84简体中文版官方网站：http://www.douban.com/minisite/1q84/
“不管喜欢还是不喜欢，目前我已经置身于这‘1Q84年’。我熟悉的那个1984年已经无影无踪，今年是1Q84年。空气变了，风景变了。我必须尽快适应这个带着问号的世界。像被放进陌生森林中的动物一样，为了生存下去，得尽快了解并顺应这里的规则。”
《1Q84》写一对十岁时相遇后便各奔东西的三十岁男女，相互寻觅对方的故事，并将这个简单故事变成复杂的长篇。我想将这个时代所有世态立体地写出，成为我独有的“综合小说”。超越纯文学这一类型，采取多种尝试。在当今时代的空气中嵌入人类的生命。——村上春树
★村上春树蛰伏7年震撼新作！
★1979-2009，村上春树创造30年巅峰杰作！
★ 现在是1Q84年，空气变了，风景变了，规则也变了。
为了保护自己，你必须尽快顺应这1Q84的规则。
★日本上市1周，销售突破65万册，创造历史纪录。
★上市12天，销售突破100万册，创造100万册最快记录。
★上市1个月，销售突破200万册，创造200万册最快纪录。
★荣获2009年日本“年度最畅销图书”第1名。
★村上春树荣登日本“年度最受欢迎作家”第1名。
★韩国以15亿韩元创版权最高纪录。
★上市连续9周雄踞图书总榜第1名。
★荣获韩国2009年“年度最受欢迎图书”第1名。
★中文繁体版以超过1亿新台币创首印最高纪录。
★上市第3日登上图书总榜第1名。
★荣获2009年“年度最畅销图书”第1名。
★《1Q84》中文简体版首印100万册。
★为《1Q84》免费发送“抢读本”100万册。",https://img9.doubanio.com/view/subject/l/public/s4363464.jpg,2010-5,https://book.douban.com/subject/4742918/,8.3,,3,听说这一部小说融合了推理、历史、爱情、宗教、伦理于一身。故事由两条线索同时展开，我是把这部书当作两本书看的。不得不说是它是窥视日本社会现状的一面镜子。下次想去读一下他的《海边的卡夫卡》，感觉1Q84口味确实重了点。。。,,2013-12-08 00:04:30,[日] 村上春树 / 2010 / 南海出版公司
751893804,基督山伯爵（上、下）,法老大副堂泰斯船长委托，为拿破仑党人送了一封信，遭到两个卑鄙小人和法官的陷害，被打死牢。狱友法里亚神甫向他传授各种知识，并在临终前把埋于基督山岛上的一批宝藏秘密告诉了他。堂泰斯越狱后找到了宝藏，成为巨富。从此名基督山伯爵，经过精心策划，报答了恩人，惩罚了仇人。本书充满浪漫的传奇色彩，章章奇特新颖，引人入胜。,https://img1.doubanio.com/view/subject/l/public/s4569879.jpg,2010-8-1,https://book.douban.com/subject/5062697/,9.2,,5,翻译很流畅！一部让人爱不释手的著作，情节扣人心弦，个人非常喜欢大仲马，感觉他的作品充满传奇色彩。但也有人评价大仲马的作品具有拜金主义倾向。,"大仲马,外国文学",2013-12-07 23:59:57,（法）大仲马 / 2010 / 上海译文出版社
751893237,呼啸山庄,《经典译林:呼啸山庄》描写的吉卜赛弃儿希思克利夫被山庄老主人收养后，因不堪受辱和恋爱受挫，外出致富。回来后发现女友凯瑟琳已与地主林顿结婚，继而产生对地主及其子女进行报复的故事。全篇充满了强烈的反压迫、求自由的斗争精神，又始终笼罩着离奇、紧张、浪漫的艺术气氛。作品开始曾被人称作是年轻女作家脱离现实的天真幻想，但结合其所描写地区激烈的阶级斗争和英国当时的社会现象，不久又被评论界给予高度肯定，并受到广大读者的热烈欢迎。,https://img1.doubanio.com/view/subject/l/public/s6231340.jpg,2010-8-1,https://book.douban.com/subject/4898521/,8.4,,4,感觉好拗口啊！浓浓的翻译腔！我个人觉得翻译不如意，但是为什么很多人都推荐杨苡翻译的这一版？可能是这部书文字本来就很拗口吧！个人感觉挺枯燥的情节。,"小说,经典,英国文学",2013-12-07 23:58:34,(英) 艾米莉·勃朗特 / 2010 / 译林出版社
751892134,了不起的盖茨比,二十世纪二十年代的美国，空气里弥漫着欢歌与纵饮的气息。一个偶然的机会，穷职员尼克闯入了挥金如土的大富翁盖茨比隐秘的世界，惊讶地发现，他内心唯一的牵绊竟是河对岸那盏小小的绿灯——灯影婆娑中，住着他心爱的黛西。然而，比的现实容不下飘渺的梦，到头来，盖茨比心中的女神只不过是凡尘俗世的物质女郎。当一切真相大白，盖茨比的悲剧人生亦如烟花般，璀璨只是一瞬，幻灭才是永恒。一阕华丽的“爵士时代”的挽歌，在菲茨杰拉德笔下，如诗如梦，在美国当代文学史上留下了墨色浓重的印痕。二十世纪末，美国学术界权威在百年英语文学长河中选出一百部最优秀的小说，《了不起的盖茨比》众望所归，高居第二位，傲然跻身当代经典行列。,https://img9.doubanio.com/view/subject/l/public/s4170396.jpg,2009-11,https://book.douban.com/subject/4149805/,8.6,,4,看了电影以后去读书的，书里有部分词句还是很华丽的，结局归于虚无，真是一个悲伤地故事。,,2013-12-07 23:55:51,[美]菲茨杰拉德 / 2009 / 上海译文出版社
751890031,干校六记,干校，本来是对公务人员和事业单位人员进行培训的地方，但在“文革”中，却赋予了它新的定语——“五七”，新的含义——对上述人员中的大多数进行“劳改”。杨绛先生在这里讲述了从要去干校直到回京一些事情和个人的心情、感受。本书1981年7月由生活·读书·新知三联书店出版，尤其受有干校经历的人喜欢，堪称“干校”文学中之经典。今天、今后，人们要感性地了解那段渐去渐远的历史，本书同样堪为经典。,https://img9.doubanio.com/view/subject/l/public/s4414556.jpg,2010-7,https://book.douban.com/subject/4912688/,8.7,,5,荒唐年代的一点温情,,2013-12-07 23:50:38,杨绛 / 2010 / 生活·读书·新知三联书店
751889538,杀死一只知更鸟,"成长总是个让人烦恼的命题。成长有时会很缓慢，如小溪般唱着叮咚的歌曲趟过，有时却如此突如其来，如暴雨般劈头盖脸……三个孩子因为小镇上的几桩冤案经历了猝不及防的成长——痛苦与迷惑，悲伤与愤怒，也有温情与感动。这是爱与真知的成长经典。
《杀死一只知更鸟》获1961年普利策奖。
美国图书馆借阅率最高的书，英国青少年最喜爱的小说之一。
美国中学推荐课外读物。
由小说改编的电影获第25届奥斯卡三项大奖。
美国电影协会评选的“100名银幕英雄与恶人”中，派克主演的芬奇律师名列英雄第一位。
作为史上最受喜爱的小说之一，《杀死一只知更鸟》已获得显赫声誉。它赢得过普利策奖，被翻译成四十多种语言，在世界范围内售出超过三千万册，并曾被拍成，备受欢迎的电影。
——哈珀•柯林斯出版集团
斯塔尔六月对北卡罗来纳州律师协会发表演说时，自比为《杀死一只知更鸟》中勇敢的南方白人律师阿蒂克斯•芬奇。斯塔尔凭着他的道德优越感，不把规则、秩序和正直放在眼里，这样一个人居然自比为芬奇，实在令我和比尔难以忍受。
——希拉里•克林顿
年轻时看过《梅岗城故事》（即《杀死一只知更鸟》），对片中法律人为弱势者争取权益奋斗，为恶法非法或恶法亦法辩论的故事感到澎湃不已，更加确定要成为法律人的心愿。
——许宗力（台大法学院院长）",https://img3.doubanio.com/view/subject/l/public/s23128183.jpg,2012-9,https://book.douban.com/subject/6781808/,9.2,,5,高潮来得有点晚啊，不过看了以后确实感觉挺难受的，为当时黑人受到种种不公正待遇而唏嘘。,,2013-12-07 23:49:28,[美] 哈珀·李 / 2012 / 译林出版社
751888851,论戴震与章学诚,《论戴震与章学诚:清代中期学术思想史研究(增订版)》讲述了戴震与章学诚是清代学术史与思想史上两大高峰，他们的出现，在作者看来代表了清代儒家智识主义的兴起，是儒家学术思想由“尊德性”向“道问学”这一学术转向的表征与逻辑结果。作者从戴震与章学诚的学术关系入手，细致地分析了清代儒学从理学转入考证并进而出现戴、章二大家的内因。,https://img1.doubanio.com/view/subject/l/public/s9063878.jpg,2012-4,https://book.douban.com/subject/10606557/,9,,5,总觉得余英时的文字总觉得很晦涩难懂，可能是我学力尚欠的缘故吧！但是余英时真真是非常厉害的！,,2013-12-07 23:47:51,余英时 / 2012 / 生活·读书·新知三联书店
751844150,撒哈拉的故事,"★三毛——华文世界里的传奇女子，她的足迹遍及世界各地
★此篇是三毛最受欢迎的作品，倾倒了全世界的华文读者
★封面由台湾著名设计师聂永真倾情设计
★全方位、多角度、立体化地展现了别样的三毛
内容简介
三毛作品中最脍炙人口当属《撒哈拉的故事》，本书由十几篇精彩动人的散文结合而成，其中《沙漠中的饭店》，是三毛适应荒凉单调的沙漠生活后，重新拾笔的第一篇文章，从此之后，三毛便写出一系列以沙漠为背景的故事，倾倒了全世界的华文读者。",https://img2.doubanio.com/view/subject/l/public/s6780941.jpg,2011-1-7,https://book.douban.com/subject/6710437/,9.3,,5,三毛奇女子。这一段是她和荷西在撒哈拉沙漠生活的故事。风趣诙谐，我看到了非比寻常的奇闻异事。,,2013-12-07 21:58:56,三毛 / 2011 / 北京十月文艺出版社
751842214,中国历代政治得失,本书为作者的专题演讲合集，分别就中国汉、唐、宋、明、清五代的政治组织、百官职权、考试监察、财经赋税、兵役义务等种种政治制度作了提要钩玄的概观与比照，叙述因革演变，指陈利害得失。既高屋建瓴的总括了中国历史与政治的精要大义，又点名了近现代国人对传统文化和精神的种种误解。言简意赅，语重心长，实不失为一部简明的中国政治制度史。,https://img1.doubanio.com/view/subject/l/public/s11313518.jpg,2012-7,https://book.douban.com/subject/11229072/,9.4,,5,有时候不要一帽子把”中央集权“四个字笼统地扣在古代中国社会上。,,2013-12-07 21:54:44,钱穆 / 2012 / 生活·读书·新知三联书店
751839862,治史三书,"《治史三书》作者严耕望享誉国际史坛，是钱穆最欣赏的学生，胡适、杨联陞一致称许的史学大家，余英时誉之为中国史学界的朴实楷模。本书汇集了严耕望先生的三本小书《治史经验谈》、《治史答问》和《钱穆宾四先生与我》，系著者总结数十年从师问学的历程与研治国史的实际经验，现身说法，指示后人以治史门径。著者不矜其能，不放言高论，举凡历史学研究的基本方法、具体规律、论题选择、论著标准、论文体式、引用材料与注释方式、论文撰写及改订，以及努力途径与生活修养等诸多问题，皆以质朴流畅的语言娓娓道来，原原本本，条分缕析，诚挚亲切，务求实用，可谓金针度人，功在学林。
对初学治史者而言，有一本非常实用的参考书，那就是严耕望的《治史三书》，特别是其中的《治史经验谈》。严先生文如其人，甚少“惊人之语”，亦不弄玄虚，所论处处针对学子所需，实在而具体。
——罗志田（北京大学历史系教授）
这是一本值得向所有有志于中国文史研究的学者推荐的书。谈论治学经验的书并不少见，但切实周到如本书者则不易多得。
——傅  杰（复旦大学中文系教授）

严耕望的特长，在于同所有具备朴实品格的历史学家一样，能够把这个议题通过自身的治学经历以及深厚经验讲述得惟妙惟肖……可让读者感受到“充实而有光辉”的魅力，金针度人、沾丐后学自然不在浅显。这些措施和办法也极为切实，归结为一句话，就是勤奋读书而已。
——李洪岩（《历史研究》副主编）",https://img3.doubanio.com/view/subject/l/public/s28926977.jpg,2011-6,https://book.douban.com/subject/6100919/,9.2,,5,治史需修身；好学生还需要好老师来引导。,"历史,严耕望,历史杂文",2013-12-07 21:49:34,严耕望 / 2011 / 上海人民出版社