id,title,intro,poster,pubdate,url,rating,genres,star,comment,tags,star_time,card
4906796531,绝命毒师 第一季,,https://img1.doubanio.com/view/photo/m_ratio_poster/public/p2886443948.jpg,2008-01-20(美国),https://movie.douban.com/subject/2373195/,9.2,"剧情,犯罪",5,什么年纪犯罪都不算太晚！,,2026-08-02 10:44:30,2008 / 美国 / 剧情 犯罪 / 亚当·伯恩斯坦 文斯·吉利根 翠西亚·布洛克 蒂姆·亨特 吉姆·麦凯 布朗温·休斯 / 布莱恩·克兰斯顿 亚伦·保尔
4893360093,钟表馆事件,,https://img1.doubanio.com/view/photo/m_ratio_poster/public/p2927478219.jpg,2026-02-27(日本),https://movie.douban.com/subject/37168638/,7.6,"剧情,悬疑,犯罪",4,依然，这个犯罪也太耗费体力了,,2026-07-19 20:08:49,2026 / 日本 / 剧情 悬疑 犯罪 / 内片辉 山本大辅 / 奥智哉 青木崇高
4862159921,铁拳教育,,https://img2.doubanio.com/view/photo/m_ratio_poster/public/p2933103931.jpg,2026-06-05(韩国),https://movie.douban.com/subject/37071123/,8.7,"剧情,动作",5,这年头爽就完事了呀！欢乐解气阿西，四人组让我笑出猪叫！！！,,2026-07-11 15:06:56,2026 / 韩国 / 剧情 动作 / 洪忠灿 / 金武烈 李星民
4844351355,消失的人,,https://img1.doubanio.com/view/photo/m_ratio_poster/public/p2931601069.jpg,2026-05-01(中国大陆),https://movie.douban.com/subject/36965301/,7.4,"悬疑,惊悚,犯罪",,小孩刚消失的时候我就意识到我看过这个本子（剧版）！在重庆和重庆市民看在重庆拍的电影，好多场景都打卡过，纪念意义拉满～@重庆融创茂和水竹夫妇,,2026-05-17 15:22:24,2026 / 中国大陆 / 悬疑 惊悚 犯罪 / 程伟豪 / 郑恺 刘浩存
4793178040,挽救计划,,https://img9.doubanio.com/view/photo/m_ratio_poster/public/p2930195706.jpg,2026-03-20(美国/中国大陆),https://movie.douban.com/subject/35010610/,0,"剧情,科幻,惊悚",4,猫好人坏,,2026-03-21 22:17:47,2026 / 美国 / 剧情 科幻 惊悚 / 菲尔·罗德 克里斯托弗·米勒 / 瑞恩·高斯林 桑德拉·惠勒
4749125898,呼啸山庄,,https://img2.doubanio.com/view/photo/m_ratio_poster/public/p2930238411.jpg,2026-03-13(中国大陆),https://movie.douban.com/subject/36963690/,0,"剧情,爱情",,,,2026-03-15 09:27:14,2026 / 英国 美国 / 剧情 爱情 / 埃默拉尔德·芬内尔 / 玛格特·罗比 雅各布·艾洛蒂
4791607138,非穷尽列举,,https://img9.doubanio.com/view/photo/m_ratio_poster/public/p2930171065.jpg,2026-03-08(中国大陆),https://movie.douban.com/subject/37293378/,9.2,剧情,4,还是更喜欢这个舞美设计，有节奏变化。喜欢女主作为母亲/妻子/职业女性在生活场景下抖的包袱。关于要讨论的“同意”问题，其实没有得到更新鲜的见解。原来她叫裴淳华，舞台功底真的好强～,,2026-03-11 21:59:53,2025 / 英国 / 剧情 / 贾斯汀·马丁 / 裴淳华 杰米·格洛弗
2001069320,悠长假期,,https://img1.doubanio.com/view/photo/m_ratio_poster/public/p2162760408.jpg,1996-04-15(日本),https://movie.douban.com/subject/1436674/,9.3,"剧情,喜剧,爱情",5,不要太逞强了，坦率一点，会幸福的～在悠长假期里看完了悠长假期，人到中年还能拥有亮亮的眼睛，这样的人注定很难平凡：）,,2026-03-02 19:27:12,1996 / 日本 / 剧情 喜剧 爱情 家庭 / 永山耕三 铃木雅之 臼井裕词 / 木村拓哉 山口智子
4783295171,梦幻情侣,,https://img9.doubanio.com/view/photo/m_ratio_poster/public/p2214303895.jpg,2006-10-14(韩国),https://movie.douban.com/subject/2024900/,8.4,"喜剧,爱情",5,这剧太欢乐了！朋友推荐我看，说女主一直在说“我要吃炸酱面”，男主像个野人，那剧你看过没，我说没有。原来就是这一部哈哈哈，奇怪，这剧我小时候咋没看过？把炸酱面换成油泼裤带面或重庆小面的话我也会吃得很香～,,2026-03-01 10:44:47,2006 / 韩国 / 喜剧 爱情 / 金尚昊 / 韩艺瑟 吴智昊
4772359726,爱情怎么翻译？,,https://img3.doubanio.com/view/photo/m_ratio_poster/public/p2928736672.jpg,2026-01-16(韩国),https://movie.douban.com/subject/36363991/,8.4,"剧情,爱情",,这剧我打开三次，三次都没看下去🫨,,2026-02-17 23:25:41,2026 / 韩国 / 剧情 爱情 / 刘英恩 / 金宣虎 高允贞
4758914394,骄阳似我,,https://img9.doubanio.com/view/photo/m_ratio_poster/public/p2928224516.jpg,2025-12-22(中国大陆),https://movie.douban.com/subject/35559998/,7.4,"剧情,爱情",4,很日常生活、甜甜的，我嘴角疯狂上扬,,2026-02-01 14:00:03,2025 / 中国大陆 / 剧情 爱情 / 陈宙飞 / 宋威龙 赵今麦
4694312407,都是她的错,,https://img3.doubanio.com/view/photo/m_ratio_poster/public/p2926850312.jpg,2025-11-06(美国),https://movie.douban.com/subject/36778966/,9.2,"剧情,悬疑",3,就，有那么好看吗…感到无聊😅,,2025-11-29 16:38:58,2025 / 美国 澳大利亚 / 剧情 悬疑 / 明基·斯皮罗 / 莎拉·斯努克 达科塔·范宁
4697744279,东宫,,https://img2.doubanio.com/view/photo/m_ratio_poster/public/p2548059611.jpg,2019-02-14(中国大陆),https://movie.douban.com/subject/25823280/,7.6,"爱情,古装",4,2025年才来考古，变东宫女孩了，上头啊。这个戏的选角真是绝了，前半部取景也是绝美。估计俩主演也难再演到这种配置的剧了，就是虎头蛇尾，剪辑稀碎，结束过于仓促了。😅,,2025-11-23 21:53:53,2019 / 中国大陆 / 爱情 古装 / 李木戈 / 陈星旭 彭小苒
4598150647,请和我的老公结婚,,https://img3.doubanio.com/view/photo/m_ratio_poster/public/p2923471047.jpg,2025-06-27(日本),https://movie.douban.com/subject/36780039/,8.2,"爱情,悬疑",4,女频爽文！年纪大了还是喜欢看纯爱，小芝风花属于是乍看不咋地、越看越耐看……,,2025-07-28 21:24:01,2025 / 日本 / 爱情 悬疑 / 安吉镐 / 小芝风花 佐藤健
4590146139,疯狂独角兽,,https://img1.doubanio.com/view/photo/m_ratio_poster/public/p2922009160.jpg,2025-05-29(泰国),https://movie.douban.com/subject/37259671/,8.4,剧情,4,笑死，都开始看创业爽剧了我，有真实故事作为底本，虽然设定蛮脸谱化光环化的，但看得下去！想发财真得经历九死一生，固然需要梦想，但最主要还是对金钱和改变命运的极致渴望～～～选角蛮好！,,2025-07-20 17:08:47,2025 / 泰国 / 剧情 / 诺塔彭·邦帕卡布 / 纳塔拉·诺帕卢塔亚朋 娜米妲·吉勒娜拉帕
4570647461,鱿鱼游戏 第三季,,https://img1.doubanio.com/view/photo/m_ratio_poster/public/p2921803469.jpg,2025-06-27(韩国),https://movie.douban.com/subject/36407380/,6.4,"剧情,动作,悬疑",3,,,2025-06-29 14:52:58,2025 / 韩国 / 剧情 动作 悬疑 惊悚 / 黄东赫 / 李政宰 李炳宪
4565252678,神探,,https://img1.doubanio.com/view/photo/m_ratio_poster/public/p1349162079.jpg,2008-02-22(中国大陆),https://movie.douban.com/subject/2027938/,8.5,"动作,悬疑,惊悚",3,,,2025-06-22 21:58:58,2007 / 中国香港 / 动作 悬疑 惊悚 犯罪 / 杜琪峰 韦家辉 / 刘青云 安志杰
4564171242,枪火,,https://img2.doubanio.com/view/photo/m_ratio_poster/public/p1538646661.jpg,1999-11-19(中国香港),https://movie.douban.com/subject/1300741/,8.8,"剧情,动作,犯罪",5,江湖不是打打杀杀，江湖是人情世故,,2025-06-21 21:21:26,1999 / 中国香港 / 剧情 动作 犯罪 / 杜琪峰 / 吴镇宇 任达华
4563364150,甜蜜蜜,,https://img9.doubanio.com/view/photo/m_ratio_poster/public/p2223011274.jpg,2015-02-13(中国大陆),https://movie.douban.com/subject/1305164/,8.9,"剧情,爱情",4,黎小军好憨李翘好灵～啊，最让人感动的还是米老鼠～豹哥人好好,,2025-06-21 00:22:03,1996 / 中国香港 / 剧情 爱情 / 陈可辛 / 黎明 张曼玉
4563051813,那个人消失了,,https://img9.doubanio.com/view/photo/m_ratio_poster/public/p2910988186.jpg,2024-09-20(日本),https://movie.douban.com/subject/36901661/,7.6,"剧情,悬疑",3,,,2025-06-20 19:05:19,2024 / 日本 / 剧情 悬疑 / 水野格 / 高桥文哉 田中圭
4561130959,十角馆事件,,https://img9.doubanio.com/view/photo/m_ratio_poster/public/p2904182545.jpg,2024-03-22(日本),https://movie.douban.com/subject/36700709/,7.4,"悬疑,惊悚,犯罪",4,为犯罪的体力活，为叙诡苦心掩藏凶手身份作的改编而四星～,,2025-06-18 10:37:10,2024 / 日本 / 悬疑 惊悚 犯罪 / 内片辉 / 奥智哉 青木崇高
4559151833,牯岭街少年杀人事件,,https://img9.doubanio.com/view/photo/m_ratio_poster/public/p848381236.jpg,1991-07-27(中国台湾),https://movie.douban.com/subject/1292329/,8.9,"剧情,犯罪",5,杰作，讲尽了人与人，人与世界的关系……,,2025-06-15 21:26:56,1991 / 中国台湾 / 剧情 犯罪 / 杨德昌 / 张震 杨静怡
4558791218,真探 第一季,,https://img3.doubanio.com/view/photo/m_ratio_poster/public/p2161543367.jpg,2014-01-12(美国),https://movie.douban.com/subject/10748120/,9.3,"剧情,悬疑,犯罪",4,,,2025-06-15 14:37:24,2014 / 美国 / 剧情 悬疑 犯罪 / 凯瑞·福永 / 马修·麦康纳 伍迪·哈里森
1809511128,春夜,,https://img3.doubanio.com/view/photo/m_ratio_poster/public/p2554598542.jpg,2019-05-22(韩国),https://movie.douban.com/subject/30428225/,8.4,"剧情,爱情",4,我发现自己是真的很喜欢看这种背德题材的。,,2025-06-13 22:18:46,2019 / 韩国 / 剧情 爱情 / 安畔锡 / 韩志旼 丁海寅
4506252822,喜鹊谋杀案,,https://img3.doubanio.com/view/photo/m_ratio_poster/public/p2868014363.jpg,2022-02-10(英国),https://movie.douban.com/subject/35154761/,8.3,"剧情,悬疑",4,案中案戏中戏，曼维尔演得好有味道啊！,,2025-04-13 20:21:53,2022 / 英国 / 剧情 悬疑 / 彼得·卡坦纽 / 莱丝利·曼维尔 蒂姆·迈克穆兰
2676199252,弥留之国的爱丽丝 第一季,,https://img3.doubanio.com/view/photo/m_ratio_poster/public/p2624050592.jpg,2020-12-10(日本),https://movie.douban.com/subject/34477588/,8,"动作,科幻,悬疑",3,,,2025-03-30 14:13:06,2020 / 日本 / 动作 科幻 悬疑 惊悚 奇幻 / 佐藤信介 / 山崎贤人 土屋太凤
1091301835,我的恐怖妻子,,https://img9.doubanio.com/view/photo/m_ratio_poster/public/p2909455004.jpg,2016-04-19(日本),https://movie.douban.com/subject/26741568/,9,"剧情,悬疑",4,又名：《我的恐怖妻子和我的傻瓜丈夫》，这个剧能演起来全靠日本没有遍布大街小巷的摄像头吧😅,,2025-03-16 16:59:19,2016 / 日本 / 剧情 悬疑 / 三宅喜重 国本雅广 / 伊藤英明 木村佳乃
4465731853,花样年华,,https://img3.doubanio.com/view/photo/m_ratio_poster/public/p2918312477.jpg,2000-11-24(中国大陆),https://movie.douban.com/subject/1291557/,8.8,"剧情,爱情",5,完全是我的取向，适合独自一人偷看。坐在比较前排，在画框外也沉浸进去了，眼波流转，每一帧都好想停下来咂摸，留白处总是遐想无限。旗袍，绝对的国粹～！,,2025-03-01 20:09:16,2000 / 中国香港 / 剧情 爱情 / 王家卫 / 张曼玉 梁朝伟
4451373906,诈欺游戏 电影版,,https://img1.doubanio.com/view/photo/m_ratio_poster/public/p2243119390.jpg,2010-03-06,https://movie.douban.com/subject/3718665/,7.9,"剧情,惊悚",,完结撒花🎉对面冷心善还脑瓜子好到不行的设定简直毫无反抗能力好吗！对松田翔太真是磕到了磕到了～,,2025-02-16 22:17:17,2010 / 日本 / 剧情 惊悚 / 松山博昭 / 户田惠梨香 松田翔太
4450926253,诈欺游戏2,,https://img2.doubanio.com/view/photo/m_ratio_poster/public/p2913007941.jpg,2009-11-10(日本),https://movie.douban.com/subject/3685955/,8.5,"悬疑,犯罪",5,还是五星，举起义乌人蘑菇头福永的大旗！！,,2025-02-16 16:13:31,2009 / 日本 / 悬疑 犯罪 / 松山博昭 大木绫子 长濑国博 / 户田惠梨香 松田翔太
3067822994,诈欺游戏,,https://img9.doubanio.com/view/photo/m_ratio_poster/public/p2243116075.jpg,2007-04-14(日本),https://movie.douban.com/subject/2018076/,8.3,"剧情,悬疑,犯罪",5,真的很好看，好看到CPU干烧，智斗巅峰！脑海中幻视自己第一关进去已经被干懵了。。。到第三个走私游戏的时候脑袋完全跟不上了，漫画比剧版有更详细的推理和演绎，佩服！剧版各角色的表现力都挺强，中二到笑死，人人都爱秋山深一吧～,,2025-02-04 17:06:49,2007 / 日本 / 剧情 悬疑 犯罪 / 松山博昭 大木绫子 植田泰史 / 户田惠梨香 松田翔太
4434644096,赌博默示录,,https://img9.doubanio.com/view/photo/m_ratio_poster/public/p2200768775.jpg,2009-10-10(日本),https://movie.douban.com/subject/3259956/,7.2,剧情,4,颇有教育意义，哈哈～,,2025-02-03 15:23:23,2009 / 日本 / 剧情 / 佐藤东弥 / 藤原龙也 天海祐希
4433793163,鱿鱼游戏 第二季,,https://img1.doubanio.com/view/photo/m_ratio_poster/public/p2915770669.jpg,2024-12-26(韩国),https://movie.douban.com/subject/35656342/,6.4,"剧情,动作,悬疑",,节奏好慢，看了七集看了个暖场，第三季赶紧上线吧😅,,2025-02-02 22:23:12,2024 / 韩国 / 剧情 动作 悬疑 惊悚 / 黄东赫 / 李政宰 李炳宪
4400257730,衣袖红镶边,,https://img9.doubanio.com/view/photo/m_ratio_poster/public/p2690909066.jpg,2021-11-12(韩国),https://movie.douban.com/subject/35131282/,8.3,"爱情,古装",4,拉扯感极强，男主可以,,2025-01-01 17:28:31,2021 / 韩国 / 爱情 古装 / 郑知仁 / 李俊昊 李世荣
4400256711,背着善宰跑,,https://img3.doubanio.com/view/photo/m_ratio_poster/public/p2905773032.jpg,2024-04-08(韩国),https://movie.douban.com/subject/36486154/,8.5,"爱情,奇幻",,看不下去，弃😂,,2025-01-01 17:27:28,2024 / 韩国 / 爱情 奇幻 / 金泰烨 尹钟浩 / 边佑锡 金惠奫
4392486616,雄狮少年2,,https://img1.doubanio.com/view/photo/m_ratio_poster/public/p2915942528.jpg,2024-12-14(中国大陆),https://movie.douban.com/subject/35883131/,8.4,"喜剧,动作,动画",3,每一处情节都好套路，除了结尾，哈哈，脑海中不停浮现《少林足球》《摔跤吧爸爸》《灌篮高手》《网球王子》等一系列片子，但是打拳🥊看着解气～,,2024-12-25 13:21:02,2024 / 中国大陆 / 喜剧 动作 动画 / 孙海鹏 / 李昕 郭皓
4362004914,好东西,,https://img2.doubanio.com/view/photo/m_ratio_poster/public/p2915454411.jpg,2024-11-22(中国大陆),https://movie.douban.com/subject/36154853/,9.1,"剧情,爱情",3,作为一名思想还算进步的女性，也是相关从业者，我仍然会觉得这是一部“抖机灵”和悬浮的电影。到如今，我们所观看的，我们所讨论的，我们所爱归因的，居然仍然是陈词滥调的“结构主义”。其实电影并没有比以前已经讨论过无数次的结论更进一步，或丰富它。我慢慢觉得，也许从来不是男与女的问题，而是权力关系中强与弱的问题。但仍然认可导演为了表达、宣泄而作出的努力。,,2024-11-23 20:25:09,2024 / 中国大陆 / 剧情 爱情 / 邵艺辉 / 宋佳 钟楚曦
4340433727,半泽直树,,https://img9.doubanio.com/view/photo/m_ratio_poster/public/p2018085196.jpg,2013-07-07(日本),https://movie.douban.com/subject/24697949/,9.2,剧情,4,主角光环大到再杀个回马枪都会完蛋的地步，每集学习一点被开除的小技巧～东雅职场真是有毒，多少年了，仍然还是压迫与反压迫的母题，真的不会好了，只能打开电视剧爽一下😇,,2024-10-31 19:00:38,2013 / 日本 / 剧情 / 福泽克雄 棚泽孝义 田中健太 / 堺雅人 上户彩
4297911109,思想验证区域：The Community,,https://img1.doubanio.com/view/photo/m_ratio_poster/public/p2903848858.jpg,2024-01-26(韩国),https://movie.douban.com/subject/36722428/,9.5,真人秀,4,尽管这是一档观念类节目，但再次证明了行动和观念是能够分离的，以及观念的不可靠。还是得具体地看一个人在何种条件下采取了何种行动。节目模拟了一座小型社会，每个人都有自己的政治信念，甚至对此深信不疑，但这些信念在生存竞争中却能够任易变形。人类的本能从始至终都是抱团和排除异己，若制度鼓励竞争的最大化，则更是如此。另一方面，关于生存的烦恼，欲望得不到满足的烦恼，拥有过但又失去的烦恼，没有自由的烦恼等等，人与人之间是无法相互理解的，一个人的烦恼在另一个人那里简直不足挂齿的，因此很多时候，连讨论的基准线都是如此不同。节目中穿插的嘉宾自白也很有意思，哪怕有表演痕迹或综艺效果的安排，都还蛮值得一听的。总之，推荐大家快去看！,,2024-10-22 21:29:11,2024 / 韩国 / 真人秀 / 权成敏 / 李承国 朴成珉
4317796891,毒舌律师,,https://img9.doubanio.com/view/photo/m_ratio_poster/public/p2886619074.jpg,2023-02-24(中国大陆),https://movie.douban.com/subject/35914259/,7.5,剧情,4,法庭上舌战群儒感染力很强～,,2024-10-05 16:19:13,2023 / 中国香港 中国大陆 / 剧情 / 吴炜伦 / 黄子华 谢君豪
4258798686,姥姥的外孙,,https://img1.doubanio.com/view/photo/m_ratio_poster/public/p2911511570.jpg,2024-08-23(中国大陆),https://movie.douban.com/subject/36328210/,8.9,剧情,4,虽然一开始就知道了故事的套路，配乐也铺得有点满，但平实的叙事，无限真实而具体的生活细节，已经足够让人触动。作为同样和隔代老人有长时间共同生活经历的小孩，代入感更强。最后的灵车一幕，直接没绷住，我们也是这样送走外公的。,,2024-09-07 23:03:50,2024 / 泰国 / 剧情 / 帕特·波尼蒂帕特 / 普提蓬·阿萨拉塔纳功 乌萨·萨梅坎姆
4256950842,秘密森林2,,https://img1.doubanio.com/view/photo/m_ratio_poster/public/p2613467730.jpg,2020-08-15(韩国),https://movie.douban.com/subject/34815544/,9.2,"剧情,悬疑,犯罪",4,觉得立意上比第一季更高。面对利诱和威胁，人能不能守住自己的底线？为改变这个世界做出一点点无谓的努力吧。,,2024-07-28 22:43:14,2020 / 韩国 / 剧情 悬疑 犯罪 / 朴铉锡 / 曹承佑 裴斗娜
1216559773,秘密森林,,https://img9.doubanio.com/view/photo/m_ratio_poster/public/p2460119184.jpg,2017-06-10(韩国),https://movie.douban.com/subject/26934346/,9.2,"剧情,悬疑,惊悚",3,前面扯开太多收尾草率了。悬疑和推理都有点弱，很靠配乐营造紧张气氛。人物都偏扁平，复杂性还是不够。,,2024-07-21 23:01:33,2017 / 韩国 / 剧情 悬疑 惊悚 犯罪 / 安吉镐 / 曹承佑 裴斗娜
4243221411,信号,,https://img1.doubanio.com/view/photo/m_ratio_poster/public/p2304228229.jpg,2016-01-22(韩国),https://movie.douban.com/subject/26310143/,9.2,"剧情,悬疑,犯罪",4,“即便过去改变了，也有不会改变的东西，那就是这个世界是不公平的。”这世道本来就是这样子，但即便是这样，也要努力坚持下去。,,2024-07-14 22:56:13,2016 / 韩国 / 剧情 悬疑 犯罪 奇幻 / 金元锡 / 李帝勋 赵震雄
4236057922,消失的孩子,,https://img3.doubanio.com/view/photo/m_ratio_poster/public/p2879022893.jpg,2022-08-29(中国大陆),https://movie.douban.com/subject/35235616/,7.2,"剧情,悬疑,家庭",,,,2024-07-07 15:59:55,2022 / 中国大陆 / 剧情 悬疑 家庭 / 赵小鸥 赵小溪 / 佟大为 魏晨
4177825455,密室逃生2,,https://img3.doubanio.com/view/photo/m_ratio_poster/public/p2870297032.jpg,2022-04-02(中国大陆),https://movie.douban.com/subject/30469922/,6.2,"悬疑,惊悚",,,,2024-05-03 20:40:08,2021 / 美国 南非 / 悬疑 惊悚 / 亚当·罗比特尔 / 泰勒·拉塞尔 洛根·米勒
4171785551,都市男女的爱情法则,,https://img3.doubanio.com/view/photo/m_ratio_poster/public/p2625975407.jpg,2020-12-22(韩国),https://movie.douban.com/subject/35161101/,8.7,爱情,4,挺治愈的，看了一下午很放松。感觉猪队友的长相有点低配版小池的意思（一定是我眼神出了问题。。。,,2024-04-27 19:20:26,2020 / 韩国 / 爱情 / 朴信宇 / 池昌旭 金智媛
4158547328,医爱之名,,https://img9.doubanio.com/view/photo/m_ratio_poster/public/p2881639406.jpg,2023-06-06(泰国),https://movie.douban.com/subject/35741481/,8.9,"剧情,爱情",4,纯爱战士应声倒地（发出土拨鼠尖叫。,,2024-04-13 23:07:37,2023 / 泰国 / 剧情 爱情 / Pawanrat Naksuriya / 吉拉宇·唐思苏克 札玲朋·尊克迪
4143163064,沙丘2,,https://img9.doubanio.com/view/photo/m_ratio_poster/public/p2902227445.jpg,2024-03-08(中国大陆),https://movie.douban.com/subject/35575567/,8.1,"剧情,动作,科幻",4,看的imax，视听语言真是一流，又被甜茶的眼睛美到。故事很老套，攻伐和决斗场面看着蛮儿戏的。想起里芬施塔尔的《意志的胜利》。,,2024-03-30 19:45:19,2024 / 美国 加拿大 / 剧情 动作 科幻 冒险 / 丹尼斯·维伦纽瓦 / 提莫西·查拉梅 赞达亚
1052831485,空房间,,https://img1.doubanio.com/view/photo/m_ratio_poster/public/p462432458.jpg,2004-09-07(威尼斯电影节),https://movie.douban.com/subject/1308833/,8,"剧情,爱情,犯罪",4,,,2024-02-11 22:30:15,2004 / 韩国 日本 / 剧情 爱情 犯罪 / 金基德 / 在熙 李成延
4087194158,潜伏,,https://img9.doubanio.com/view/photo/m_ratio_poster/public/p2189694504.jpg,2008-12-20(中国大陆),https://movie.douban.com/subject/3314870/,9.5,剧情,4,剧还是老的好看。,,2024-02-11 16:03:13,2008 / 中国大陆 / 剧情 / 姜伟 付玮 / 孙红雷 姚晨
4072332773,后宫·甄嬛传,,https://img3.doubanio.com/view/photo/m_ratio_poster/public/p1480046723.jpg,2011-11-17(中国大陆),https://movie.douban.com/subject/4922787/,9.4,"剧情,古装",4,居然时隔这么多年才打开这部国民剧，原本以为是落入窠臼的宫斗，看了以后觉得真就是职场的还原，导演和编剧厉害！不问对错而看赋予的动机，大清国今天还没亡。得道多助，失道寡助，但很多事是无“道”可说的，唯有叹息。（另外演技几乎全员在线；前一秒让你痛恨后一秒又为ta悲哀。）,,2024-01-28 16:21:14,2011 / 中国大陆 / 剧情 古装 / 郑晓龙 / 孙俪 陈建斌
4048391795,年会不能停！,,https://img1.doubanio.com/view/photo/m_ratio_poster/public/p2901057189.jpg,2023-12-29(中国大陆),https://movie.douban.com/subject/35725869/,8.1,"剧情,喜剧",4,在电影里解气和找找慰藉，打工真的太气人了！多亏了工友彼此拍拍肩膀。,,2024-01-06 15:34:15,2023 / 中国大陆 / 剧情 喜剧 / 董润年 / 大鹏 白客
3967636520,繁城之下,,https://img2.doubanio.com/view/photo/m_ratio_poster/public/p2899317221.jpg,2023-10-13(中国大陆),https://movie.douban.com/subject/35725842/,8.5,"悬疑,犯罪,古装",4,有一些复杂性的,,2023-11-04 23:44:13,2023 / 中国大陆 / 悬疑 犯罪 古装 / 王铮 / 白宇帆 宁理
3953951918,恶之花,,https://img3.doubanio.com/view/photo/m_ratio_poster/public/p2606299262.jpg,2020-07-29(韩国),https://movie.douban.com/subject/34948080/,8.7,剧情,3,全剧最苦都贤秀，要是少拍一点爱情（看得人不耐烦），多填一点悬疑的坑就好了，潦草结局了。,,2023-10-06 14:29:56,2020 / 韩国 / 剧情 / 金哲圭 / 李准基 文彩元
3946323913,坚如磐石,,https://img3.doubanio.com/view/photo/m_ratio_poster/public/p2896319483.jpg,2023-09-28(中国大陆),https://movie.douban.com/subject/33447633/,6,"剧情,动作,犯罪",4,意外觉得还可以，哪怕剪成了这样？忽略降智的部分，张国立于和伟老戏骨飙戏蛮有看点的。,,2023-09-29 20:22:46,2023 / 中国大陆 / 剧情 动作 犯罪 / 张艺谋 / 雷佳音 张国立
3893867257,超异能族,,https://img3.doubanio.com/view/photo/m_ratio_poster/public/p2895751873.jpg,2023-08-09(韩国),https://movie.douban.com/subject/35206436/,8.9,"动作,爱情,悬疑",4,有没有第二季？续订！这一季的结局完全不够看啊,,2023-09-23 15:33:59,2023 / 韩国 / 动作 爱情 悬疑 奇幻 / 朴仁载 朴允书 / 柳承龙 韩孝周
2878015347,窥探,,https://img3.doubanio.com/view/photo/m_ratio_poster/public/p2639385663.jpg,2021-03-03(韩国),https://movie.douban.com/subject/35027568/,8.7,"剧情,悬疑,犯罪",3,感觉缩短一半差不多，看得人没耐心了。。,,2023-09-17 19:38:27,2021 / 韩国 / 剧情 悬疑 犯罪 / 崔俊裴 / 李昇基 李熙俊
3909626017,咒中人,,https://img1.doubanio.com/view/photo/m_ratio_poster/public/p2893995740.jpg,2023-07-15(泰国),https://movie.douban.com/subject/36166191/,7.4,"爱情,惊悚,恐怖",2,看完后：什么东西啊？,,2023-08-26 22:00:27,2023 / 泰国 / 爱情 惊悚 恐怖 / 帕萨·松潘 / 梅塔文·欧帕西安卡琼 查妮甘·唐卡伯缇
3872042060,长安三万里,,https://img1.doubanio.com/view/photo/m_ratio_poster/public/p2893820209.jpg,2023-07-08(中国大陆),https://movie.douban.com/subject/36035676/,8.3,"动画,历史",4,起承转合很好，也很调动情绪。一直觉得高适这个人物很有辨识度，像谁来着，快完的时候拍大腿，对嘛，像李政宰！,,2023-07-30 13:16:46,2023 / 中国大陆 / 动画 历史 / 谢君伟 邹靖 / 杨天翔 凌振赫
3828957271,离婚活动,,https://img9.doubanio.com/view/photo/m_ratio_poster/public/p2643245925.jpg,2021-04-16(日本),https://movie.douban.com/subject/35363238/,7,爱情,3,瑛太现在长成了这样。。,,2023-06-24 12:34:49,2021 / 日本 / 爱情 / 坪井敏雄 铃木早苗 韩哲 小牧樱 / 北川景子 永山瑛太
3653342762,重启人生,,https://img3.doubanio.com/view/photo/m_ratio_poster/public/p2886331572.jpg,2023-01-08(日本),https://movie.douban.com/subject/36156235/,9.4,"剧情,喜剧,奇幻",5,珍惜你的女朋友们！,,2023-06-23 12:04:28,2023 / 日本 / 剧情 喜剧 奇幻 / 水野格 狩山俊辅 / 安藤樱 夏帆
3826920692,消失的她,,https://img3.doubanio.com/view/photo/m_ratio_poster/public/p2893270877.jpg,2023-06-22(中国大陆),https://movie.douban.com/subject/35660795/,6.2,"悬疑,犯罪",3,,,2023-06-22 18:24:23,2022 / 中国大陆 / 悬疑 犯罪 / 崔睿 刘翔 / 朱一龙 倪妮
3816579719,漫长的季节,,https://img9.doubanio.com/view/photo/m_ratio_poster/public/p2890906384.jpg,2023-04-22(中国大陆),https://movie.douban.com/subject/35588177/,9.4,"剧情,家庭,犯罪",4,渐入佳境，范伟演得真好！,,2023-06-11 17:17:26,2023 / 中国大陆 / 剧情 家庭 犯罪 / 辛爽 / 范伟 秦昊
3775049798,是你,,https://img9.doubanio.com/view/photo/m_ratio_poster/public/p2890170084.jpg,2022-07-20(泰国),https://movie.douban.com/subject/35131305/,7.4,"爱情,悬疑",3,马里奥的纯情脸完全是我的审美，三颗星全点给他～,,2023-05-03 18:26:44,2022 / 泰国 / 爱情 悬疑 / 马里奥·毛瑞尔 乌拉萨雅·斯帕邦德
3769899366,灌篮高手,,https://img9.doubanio.com/view/photo/m_ratio_poster/public/p2445459194.jpg,1993-10-16(日本),https://movie.douban.com/subject/1998799/,9.7,"喜剧,动画,运动",5,小时候看的动漫可真好看！,,2023-04-28 22:07:21,1993 / 日本 / 喜剧 动画 运动 / 西泽信孝 角铜博之 志水淳儿 明比正行 又野弘道 中村哲治 吉泽孝男 有迫俊彦 竹之内和久 / 草尾毅 绿川光
2681184405,灌篮高手,,https://img1.doubanio.com/view/photo/m_ratio_poster/public/p2910235168.jpg,2023-04-20(中国大陆),https://movie.douban.com/subject/35315950/,8.9,"动画,运动",3,还是打球有意思啊，成长故事讲得挺潦草的。。,,2023-04-28 22:05:50,2022 / 日本 / 动画 运动 / 井上雄彦 / 仲村宗悟 笠间淳
3739631309,宇宙探索编辑部,,https://img9.doubanio.com/view/photo/m_ratio_poster/public/p2889865405.jpg,2023-04-01(中国大陆),https://movie.douban.com/subject/34941536/,8,"喜剧,科幻",3,B哥：“原来是给理想主义看的啊，怪不得我实用主义看不懂。”🫥,,2023-04-01 16:40:21,2021 / 中国大陆 / 喜剧 科幻 / 孔大山 / 杨皓宇 艾丽娅
3718992185,黑暗荣耀 第二季,,https://img1.doubanio.com/view/photo/m_ratio_poster/public/p2887693579.jpg,2023-03-10(韩国),https://movie.douban.com/subject/36193784/,9,"剧情,悬疑",4,东恩那种疲惫的复仇感可以的。,,2023-03-12 22:29:46,2023 / 韩国 / 剧情 悬疑 / 安吉镐 / 宋慧乔 李到晛
3718988513,黑暗荣耀,,https://img3.doubanio.com/view/photo/m_ratio_poster/public/p2884876907.jpg,2022-12-30(韩国),https://movie.douban.com/subject/35314632/,8.9,剧情,,,,2023-03-12 22:27:27,2022 / 韩国 / 剧情 / 安吉镐 / 宋慧乔 李到晛
3697718912,狂飙,,https://img2.doubanio.com/view/photo/m_ratio_poster/public/p2886376181.jpg,2023-01-14(中国大陆),https://movie.douban.com/subject/35465232/,8.5,"剧情,犯罪",,头二十多集挺好看的，一众反派演技几乎全员在线，如果纯纯是一个黑帮片就好了。后期改成这样以及和这个剧组相关的新闻也真是时代的反映。专案组并不是靠制度/法律的力量来完成“纠错”，而是靠敌人内部的崩溃。扫黑和反腐题材的剧集，无论多么引人入胜，都没有脱离既定框架，回到现实就还是人治的传统。,,2023-02-19 20:51:48,2023 / 中国大陆 / 剧情 犯罪 / 徐纪周 / 张译 张颂文
3679903536,流浪地球2,,https://img3.doubanio.com/view/photo/m_ratio_poster/public/p2911690577.jpg,2023-01-22(中国大陆),https://movie.douban.com/subject/35267208/,8.3,"科幻,冒险,灾难",4,在现实中对集体责任和人类的共同未来感到悲观、对个人英雄主义和大国叙事并不感冒；但三个小时还是能看下来没怎么分神，视觉效果超出预期。比较喜欢刘德华那条线。,,2023-02-04 20:39:33,2023 / 中国大陆 / 科幻 冒险 灾难 / 郭帆 / 吴京 刘德华
3663790212,满江红,,https://img2.doubanio.com/view/photo/m_ratio_poster/public/p2887555071.jpg,2023-01-22(中国大陆),https://movie.douban.com/subject/35766491/,7,"剧情,喜剧,悬疑",3,背课文我真的不可，干巴巴。,,2023-01-25 17:05:47,2023 / 中国大陆 / 剧情 喜剧 悬疑 古装 / 张艺谋 / 沈腾 易烊千玺
3629679484,大逃脱 第三季,,https://img1.doubanio.com/view/photo/m_ratio_poster/public/p2586164358.jpg,2020-03-01(韩国),https://movie.douban.com/subject/34429146/,9.6,真人秀,5,真的非常厉害！,,2023-01-02 21:22:29,2020 / 韩国 / 真人秀 / 郑中渊 / 姜虎东 金钟民
3628900237,大逃脱 第二季,,https://img1.doubanio.com/view/photo/m_ratio_poster/public/p2549137830.jpg,2019-03-17(韩国),https://movie.douban.com/subject/30465928/,9.6,真人秀,5,最后一期太厉害了。,,2023-01-02 14:10:10,2019 / 韩国 / 真人秀 / 郑中渊 / 姜虎东 金钟民
3618278348,财阀家的小儿子,,https://img2.doubanio.com/view/photo/m_ratio_poster/public/p2882015921.jpg,2022-11-18(韩国),https://movie.douban.com/subject/30291070/,7.1,"剧情,爱情,奇幻",4,倒觉得结局还不错。如果财阀这么容易被平民突破，那他们也不会对韩国政治经济影响这么深了。看了三星集团的一些故事（听说这个剧以三星为蓝本），感觉真实世界的财阀家族内斗起来也格外降智，和剧里所差无几。没圆回来的是，编剧说主人公是大梦一场，但分明处处都在暗示穿越啊。,,2022-12-27 15:14:21,2022 / 韩国 / 剧情 爱情 奇幻 / 郑大允 / 宋仲基 李星民
3602915114,初恋,,https://img3.doubanio.com/view/photo/m_ratio_poster/public/p2883789917.jpg,2022-11-24(日本),https://movie.douban.com/subject/35275350/,8.5,"剧情,爱情",4,难以形容的观后感，但真是想立刻、马上去北海道。上一次去是在2018年初冬，札幌、小樽。（又刷了一遍，加一星）,,2022-12-14 21:45:43,2022 / 日本 / 剧情 爱情 / 寒竹百合 / 满岛光 佐藤健
3236852154,黑社会,,https://img3.doubanio.com/view/photo/m_ratio_poster/public/p2213462183.jpg,2005-10-20(中国香港),https://movie.douban.com/subject/1309220/,8.4,"剧情,惊悚,犯罪",4,“古惑仔不用脑，一世都只是古惑仔”有点中二，但基本上是把人玩明白了。,,2022-12-03 14:37:08,2005 / 中国香港 / 剧情 惊悚 犯罪 / 杜琪峰 / 任达华 梁家辉
3574002841,名侦探柯南：贝克街的亡灵,,https://img3.doubanio.com/view/photo/m_ratio_poster/public/p2890515833.jpg,2023-04-04(中国大陆),https://movie.douban.com/subject/2286642/,8.8,"动画,悬疑,冒险",4,有点小感动。,,2022-11-20 14:51:44,2002 / 日本 / 动画 悬疑 冒险 / 儿玉兼嗣 / 高山南 山崎和佳奈
3570346568,1899,,https://img9.doubanio.com/view/photo/m_ratio_poster/public/p2882110166.jpg,2022-11-17(德国),https://movie.douban.com/subject/30378843/,6.7,"剧情,科幻,悬疑",2,看了第一第二集，直接看了第八集，结论：不用再看第三到第七集。就，普罗米修斯加元宇宙的意思吧，但挺无聊的。,,2022-11-20 00:00:39,2022 / 德国 美国 / 剧情 科幻 悬疑 恐怖 / 巴伦·博·欧达尔 / 艾米丽·比查姆 阿奈林·巴纳德
3571845680,名侦探柯南：万圣节的新娘,,https://img3.doubanio.com/view/photo/m_ratio_poster/public/p2883894742.jpg,2022-11-18(中国大陆),https://movie.douban.com/subject/35437938/,7.3,"动作,动画,悬疑",3,3.5。合家欢电影，上座率好高！炸涩谷看个乐呵，要啥自行车啊，记得看彩蛋。,,2022-11-18 23:04:25,2022 / 日本 / 动作 动画 悬疑 / 满仲劝 / 高山南 古谷彻
3564303140,她和她的她,,https://img9.doubanio.com/view/photo/m_ratio_poster/public/p2881079904.jpg,2022-10-28(中国台湾),https://movie.douban.com/subject/35604644/,8.6,"剧情,悬疑",3,刷完了，3.5。赞同局部失真和煽情，许玮甯演得蛮好的，但其他角色（特别是女性）都像是穿插其中的工具人，来说明女性遭遇的结构性恶意。伤害女性的从来都是强权而不是男性。愿大家互相支持并活在阳光下。p.s.我身上的去女性化特质竟也在无形中保护了自己。,,2022-11-12 16:01:23,2022 / 中国台湾 / 剧情 悬疑 / 卓立 / 许玮甯 李程彬
3540720592,狩猎,,https://img9.doubanio.com/view/photo/m_ratio_poster/public/p2875472104.jpg,2022-05-20(戛纳电影节),https://movie.douban.com/subject/35160926/,7.8,"剧情,动作",3,乱哄哄的，但看了些背景资料以后，好像又有点能get到了。历史的进程总是相似。把旧的推倒以后，新的就会更好吗？,,2022-10-22 22:08:46,2022 / 韩国 / 剧情 动作 / 李政宰 / 李政宰 郑雨盛
3255780463,二十五，二十一,,https://img3.doubanio.com/view/photo/m_ratio_poster/public/p2867903173.jpg,2022-02-12(韩国),https://movie.douban.com/subject/35414572/,8.1,"剧情,爱情",3,金泰梨的演技简直是碾压级盖过南朋友啊，三十几岁的人可以演出那么闹腾的十几岁而且没啥违和感。男女主cp感太弱，看了6集弃剧了，get不到这部剧的点。,,2022-04-03 18:50:36,2022 / 韩国 / 剧情 爱情 / 郑志贤 / 金泰梨 南柱赫
3290051087,我的天才女友 第三季,,https://img9.doubanio.com/view/photo/m_ratio_poster/public/p2867212536.jpg,2022-02-06(意大利),https://movie.douban.com/subject/35051880/,9.5,剧情,4,看到第三季，再度唏嘘天资不敌运势（要承认人生真相就是如此吧）。Lenu仰赖自己的幸运、拥有更多选项，却仍然做出了一种与Nino私奔的选择。这反倒让人觉得Lenu一刻都不曾从Lila的影子里走出来，少几分清醒好像是能收获一些瞬时的快乐。,,2022-03-26 23:56:42,2022 / 意大利 美国 / 剧情 / 丹尼埃莱·卢凯蒂 / 玛格丽塔·马祖可 盖娅·吉拉切
3289008310,社内相亲,,https://img3.doubanio.com/view/photo/m_ratio_poster/public/p2867623522.jpg,2022-02-28(韩国),https://movie.douban.com/subject/35400242/,7.9,"喜剧,爱情",3,解压，工业糖精还是有用。如同热评所说，发出了始祖鸟般的笑声。,,2022-03-26 12:26:30,2022 / 韩国 / 喜剧 爱情 / 朴善浩 / 安孝燮 金世正
1183627068,薄荷糖,,https://img1.doubanio.com/view/photo/m_ratio_poster/public/p2519637549.jpg,1999-10-14(釜山电影节),https://movie.douban.com/subject/1303145/,8.6,剧情,5,这电影太痛苦了，眼泪流下来，后劲极大。,,2022-03-20 15:36:47,1999 / 韩国 日本 / 剧情 / 李沧东 / 薛景求 文素利
3279619951,我的天才女友 第二季,,https://img9.doubanio.com/view/photo/m_ratio_poster/public/p2583759735.jpg,2020-02-10(意大利),https://movie.douban.com/subject/30395843/,9.5,剧情,4,这一季两位女孩走向了截然不同的人生。眼看着原本很有侵犯性的Lila坠入冰窟、目光渐渐暗淡，令人唏嘘不已（男人们都想征服她但几乎都是失败的）。而Elena在自助和他助中，走得越发果敢、坚定和清晰。无论如何，拥有机会的女孩一定要努力念书、工作，除了自己，没人能许诺一个良好的未来。更何况，拥有机会的女孩已经比缺乏机会的女孩幸运多了。（尾声处Lila在香肠工厂重启一段人生，露出久违的微笑，还是让人舒了一口气。）,,2022-03-19 16:49:56,2020 / 意大利 美国 / 剧情 / 萨维里奥·科斯坦佐 阿莉切·罗尔瓦赫尔 / 玛格丽塔·马祖可 盖娅·吉拉切
1728799375,我的天才女友 第一季,,https://img3.doubanio.com/view/photo/m_ratio_poster/public/p2538458633.jpg,2018-09-01(威尼斯电影节),https://movie.douban.com/subject/28427782/,9.4,剧情,4,这一季看下来比较喜欢Lila，有灵气，更勇敢，又充满危险气息。哪怕已经知道她以后要走的路。,,2022-03-08 16:37:35,2018 / 意大利 美国 / 剧情 / 萨维里奥·科斯坦佐 / 伊利莎·德尔·吉尼欧 卢多维卡·纳斯提
3255378786,花束般的恋爱,,https://img3.doubanio.com/view/photo/m_ratio_poster/public/p2868462052.jpg,2022-02-22(中国大陆),https://movie.douban.com/subject/34874432/,8.6,"剧情,爱情",3,爱，好像并非通过“你喜欢这本书这么巧我也喜欢所以我爱你”这样的既定时刻来确认，而展露于那些意外发现自己被在意的时刻。,,2022-02-27 15:11:00,2021 / 日本 / 剧情 爱情 / 土井裕泰 / 菅田将晖 有村架纯
2945870902,奇巧计程车,,https://img3.doubanio.com/view/photo/m_ratio_poster/public/p2631090442.jpg,2021-04-06(日本),https://movie.douban.com/subject/35332568/,9.4,"剧情,动画,悬疑",5,各种意义上的好看，巧思，没有一分钟多余，披着动物外皮的都市人传说。它的对白就是平平淡淡地说着最悲伤深邃的内核，时不时给人一击，看着听着就泪目了。,,2022-02-21 21:07:33,2021 / 日本 / 剧情 动画 悬疑 / 木下麦 新田典生 西田健一 大庭秀昭 / 花江夏树 饭田里穗
3245404279,尼罗河上的惨案,,https://img9.doubanio.com/view/photo/m_ratio_poster/public/p2854856216.jpg,2022-02-19(中国大陆),https://movie.douban.com/subject/27203644/,5.7,"剧情,悬疑,犯罪",3,,,2022-02-19 18:45:05,2022 / 美国 英国 / 剧情 悬疑 犯罪 / 肯尼思·布拉纳 / 肯尼思·布拉纳 盖尔·加朵
3244959761,未麻的部屋,,https://img3.doubanio.com/view/photo/m_ratio_poster/public/p1351050722.jpg,1997-08-05(加拿大奇幻电影节),https://movie.douban.com/subject/1395091/,9.1,"剧情,动画,悬疑",4,虚虚实实实实虚虚，所以到底是谁杀了谁啊？跟踪狂粉丝长得也太猥琐，瘆人。,,2022-02-19 13:11:36,1997 / 日本 / 剧情 动画 悬疑 惊悚 犯罪 / 今敏 / 岩男润子 松本梨香
1233862923,红辣椒,,https://img1.doubanio.com/view/photo/m_ratio_poster/public/p2794776839.jpg,2006-09-02(威尼斯电影节),https://movie.douban.com/subject/1865703/,9,"科幻,动画,悬疑",5,神作，叹服。动画延伸了真人无法演绎的尺度。造梦大师金敏！ ,,2022-02-12 22:47:37,2006 / 日本 / 科幻 动画 悬疑 惊悚 / 今敏 / 林原惠美 江守彻
3235732037,扬名立万,,https://img1.doubanio.com/view/photo/m_ratio_poster/public/p2881817779.jpg,2021-11-11(中国大陆),https://movie.douban.com/subject/35422807/,7.4,"剧情,喜剧,悬疑",3,推理味偏弱，逻辑不严，基本属于靠人物本身讲台词把故事推着走。夹带私货抖影视界的包袱，也不好笑。,,2022-02-12 19:08:01,2021 / 中国大陆 / 剧情 喜剧 悬疑 / 刘循子墨 / 尹正 邓家佳
3225508104,海市蜃楼,,https://img9.doubanio.com/view/photo/m_ratio_poster/public/p2551172384.jpg,2019-03-28(中国大陆),https://movie.douban.com/subject/30164448/,7.6,"科幻,悬疑,惊悚",3,,,2022-02-06 14:15:54,2018 / 西班牙 / 科幻 悬疑 惊悚 / 奥里奥尔·保罗 / 阿德里亚娜·乌加特 奇诺·达林
3219945201,这个杀手不太冷静,,https://img1.doubanio.com/view/photo/m_ratio_poster/public/p2814949620.jpg,2022-02-01(中国大陆),https://movie.douban.com/subject/35505100/,6.1,喜剧,4,还不错！这也是男主角第一部作为男主角的戏，戏里戏外互文了。,,2022-02-03 16:49:17,2022 / 中国大陆 / 喜剧 / 邢文雄 / 马丽 魏翔
3217765495,源代码,,https://img9.doubanio.com/view/photo/m_ratio_poster/public/p988260245.jpg,2011-08-30(中国大陆),https://movie.douban.com/subject/3075287/,8.5,"科幻,悬疑,惊悚",3,,,2022-02-02 14:19:20,2011 / 美国 加拿大 / 科幻 悬疑 惊悚 / 邓肯·琼斯 / 杰克·吉伦哈尔 维拉·法米加
3196921143,开端,,https://img1.doubanio.com/view/photo/m_ratio_poster/public/p2843045720.jpg,2022-01-11(中国大陆),https://movie.douban.com/subject/35332289/,7.9,剧情,4,人物群像的安排实属没啥必要，主线剧情还不错。最后两集有点拉，整部剧精简一半也行。,,2022-01-31 12:06:06,2022 / 中国大陆 / 剧情 / 孙墨龙 刘洪源 算 / 白敬亭 赵今麦
3141781647,那年，我们的夏天,,https://img3.doubanio.com/view/photo/m_ratio_poster/public/p2741745122.jpg,2021-12-06(韩国),https://movie.douban.com/subject/35402776/,8.7,爱情,3,情感是挺细腻的，但还是看不下去。。。,,2022-01-02 20:24:22,2021 / 韩国 / 爱情 / 金允珍 / 崔宇植 金多美
3162476045,爱情神话,,https://img1.doubanio.com/view/photo/m_ratio_poster/public/p2914207920.jpg,2021-12-24(中国大陆),https://movie.douban.com/subject/35376457/,8.1,"剧情,喜剧,爱情",4,看笑了，上海城会玩～,,2021-12-25 18:56:36,2021 / 中国大陆 / 剧情 喜剧 爱情 / 邵艺辉 / 徐峥 马伊琍
3154118829,误杀2,,https://img9.doubanio.com/view/photo/m_ratio_poster/public/p2770857575.jpg,2021-12-17(中国大陆),https://movie.douban.com/subject/35068653/,5.7,"剧情,犯罪",1,陪好朋友看，我每一刻都如坐针毡。太烦大搞民粹的了。,,2021-12-19 17:02:46,2021 / 中国大陆 / 剧情 犯罪 / 戴墨 / 肖央 任达华
3074144884,婚姻生活,,https://img1.doubanio.com/view/photo/m_ratio_poster/public/p2677152529.jpg,2021-09-04(威尼斯电影节),https://movie.douban.com/subject/35136700/,8.8,剧情,4,末了，还是会去想婚姻生活里到底有没有爱与被爱，一旦想下去就会犹疑，没有结果。以及男人的情绪为什么总能如此稳定以显示出女人的失态，对着空气又气又恼。,,2021-12-14 23:31:14,2021 / 美国 / 剧情 / 海加·李维 / 杰西卡·查斯坦 奥斯卡·伊萨克
3091011229,电锯惊魂2,,https://img1.doubanio.com/view/photo/m_ratio_poster/public/p1421210839.jpg,2005-10-28(美国),https://movie.douban.com/subject/1309045/,8.4,"悬疑,惊悚,恐怖",3,,,2021-10-30 12:44:19,2005 / 美国 加拿大 / 悬疑 惊悚 恐怖 / 达伦·林恩·鲍斯曼 / 托宾·贝尔 肖妮·史密斯
3083064516,再见爱人,,https://img1.doubanio.com/view/photo/m_ratio_poster/public/p2673374680.jpg,2021-07-28(中国大陆),https://movie.douban.com/subject/35438177/,8.9,"爱情,真人秀",4,最后一集真情实感被郭章秀到了。,,2021-10-23 12:33:22,2021 / 中国大陆 / 爱情 真人秀 / 刘乐 涂涵 / 李维嘉 胡彦斌
3076393486,电锯惊魂,,https://img9.doubanio.com/view/photo/m_ratio_poster/public/p726839485.jpg,2004-01-19(圣丹斯电影节),https://movie.douban.com/subject/1417598/,8.7,"悬疑,惊悚,恐怖",4,小时候迷迷糊糊看过，昨晚又看了一遍，看着看着就精神了。情节构思和叙事节奏都很赞啊。,,2021-10-17 10:35:11,2004 / 美国 / 悬疑 惊悚 恐怖 / 温子仁 / 雷·沃纳尔 加利·艾尔维斯
3075673315,闪灵,,https://img2.doubanio.com/view/photo/m_ratio_poster/public/p2461253191.jpg,1980-05-23(美国),https://movie.douban.com/subject/1292225/,8.3,恐怖,3,,,2021-10-16 19:16:05,1980 / 英国 美国 / 恐怖 / 斯坦利·库布里克 / 杰克·尼科尔森 谢莉·杜瓦尔
3041205311,鱿鱼游戏 第一季,,https://img1.doubanio.com/view/photo/m_ratio_poster/public/p2677934359.jpg,2021-09-17(韩国),https://movie.douban.com/subject/34812928/,7.7,"悬疑,惊悚",3,一口气看下来的爽剧。拖沓，烂尾，要素过多。但我李政宰大叔往丑里演也还是这么帅，就够了。,,2021-10-07 21:24:01,2021 / 韩国 / 悬疑 惊悚 / 黄东赫 / 李政宰 朴海秀
1318015056,非自然死亡,,https://img2.doubanio.com/view/photo/m_ratio_poster/public/p2554348811.jpg,2018-01-12(日本),https://movie.douban.com/subject/27140017/,9.5,"剧情,悬疑",4,当我还是个脑残高中生的时候，一次语文课上，被老师问起以后想做啥，我大言不惭地说：法医。那时候满脑子都想做所谓的正义之事，还动过去做刑警的念头。儿时的大话当然没有实现，但这部剧展现的法医这份职业依然很酷，每一集都挺有现实意义的。以及Lemon这首歌可以说是神配乐了，每一次掐点都是那么到位。,,2021-10-05 00:17:02,2018 / 日本 / 剧情 悬疑 / 冢原亚由子 竹村谦太郎 村尾嘉昭 / 石原里美 井浦新
3058226879,怒火·重案,,https://img1.doubanio.com/view/photo/m_ratio_poster/public/p2673412189.jpg,2021-07-30(中国大陆),https://movie.douban.com/subject/30174085/,7.2,"动作,犯罪",3,没啥剧情的感觉，最后1v1打斗是在炫技吗。不过我锋哥的帅，是真帅。当然丹哥也不错，肌肉形态值得广大男士学习。,,2021-10-03 00:05:58,2021 / 中国香港 中国大陆 / 动作 犯罪 / 陈木胜 / 甄子丹 谢霆锋
3038727543,魂断蓝桥,,https://img1.doubanio.com/view/photo/m_ratio_poster/public/p2351134499.jpg,1940-05-17(美国),https://movie.douban.com/subject/1293964/,8.8,"剧情,爱情,战争",4,有些事要急，有些事要等。费雯丽太好太好看了。,,2021-09-16 11:56:09,1940 / 美国 / 剧情 爱情 战争 / 茂文·勒鲁瓦 / 费雯·丽 罗伯特·泰勒
3033984496,乱世佳人,,https://img1.doubanio.com/view/photo/m_ratio_poster/public/p1963126880.jpg,1939-12-15(美国),https://movie.douban.com/subject/1300267/,9.3,"剧情,爱情,历史",4,"才知道After all, tomorrow is another day是出自这部片子。人与人之间还是有着深深的不可沟通性，明明不那么想，说出来就变了。",,2021-09-11 21:54:53,1939 / 美国 / 剧情 爱情 历史 战争 / 维克多·弗莱明 乔治·库克 山姆·伍德 / 费雯·丽 克拉克·盖博
3001087685,白色巨塔,,https://img3.doubanio.com/view/photo/m_ratio_poster/public/p2892515613.jpg,2003-10-09(日本),https://movie.douban.com/subject/2150220/,9.7,剧情,5,挤出时间完整地刷完了。看到最后一集泪目，财前和里见都是各自意义上的好医生。要克制住用二分法评判人和事的倾向。道德的灰度是生而为人的丰富性所在。,,2021-09-09 22:10:01,2003 / 日本 / 剧情 / 西谷弘 河野圭太 村上正典 岩田和行 / 唐泽寿明 江口洋介
1037359107,何处是我朋友的家,,https://img1.doubanio.com/view/photo/m_ratio_poster/public/p2637230609.jpg,1987-02-01(曙光旬电影节),https://movie.douban.com/subject/1301897/,9,剧情,4,@上海大光明,,2021-08-29 14:19:32,1987 / 伊朗 / 剧情 / 阿巴斯·基亚罗斯塔米 / 巴比·艾哈迈德·波 艾哈迈德·艾哈迈德·波
2980266507,盛夏未来,,https://img3.doubanio.com/view/photo/m_ratio_poster/public/p2673420377.jpg,2021-07-30(中国大陆),https://movie.douban.com/subject/35158124/,7.1,剧情,3,妹妹的演技还是比弟弟要流畅和丰富，弟弟每次流泪都有那么一丝干涩和做作。现在再随着影片回首这些青春往事（尽管也有暧昧不明的同性之爱这样的新元素），觉得都不是什么事，但放在那个年纪也许是天大的事吧。,,2021-08-03 21:12:03,2021 / 中国大陆 / 剧情 / 陈正道 / 张子枫 吴磊
2958707205,利刃出鞘,,https://img3.doubanio.com/view/photo/m_ratio_poster/public/p2574172427.jpg,2019-11-29(中国大陆),https://movie.douban.com/subject/30318116/,8.1,"剧情,喜剧,悬疑",4,在南京看的。,,2021-07-18 13:33:33,2019 / 美国 / 剧情 喜剧 悬疑 犯罪 / 莱恩·约翰逊 / 丹尼尔·克雷格 安娜·德·阿玛斯
2886820749,胜者即是正义2,,https://img9.doubanio.com/view/photo/m_ratio_poster/public/p2171877514.jpg,2013-10-09(日本),https://movie.douban.com/subject/23997724/,9.4,"喜剧,悬疑,犯罪",4,大一看的，补标。,,2021-05-22 19:04:05,2013 / 日本 / 喜剧 悬疑 犯罪 / 石川淳一 城宝秀则 西坂瑞城 / 堺雅人 新垣结衣
2886819828,胜者即是正义,,https://img2.doubanio.com/view/photo/m_ratio_poster/public/p1901775591.jpg,2012-04-17(日本),https://movie.douban.com/subject/10491666/,9.4,"剧情,喜剧,犯罪",5,大一看的，补标。,,2021-05-22 19:03:16,2012 / 日本 / 剧情 喜剧 犯罪 / 石川淳一 城宝秀则 / 堺雅人 新垣结衣
2886516033,逃避虽可耻但有用,,https://img2.doubanio.com/view/photo/m_ratio_poster/public/p2400201631.jpg,2016-10-11(日本),https://movie.douban.com/subject/26816519/,8.4,喜剧,4,为什么我觉得好真实！,,2021-05-22 14:35:09,2016 / 日本 / 喜剧 / 金子文纪 土井裕泰 石井康晴 / 新垣结衣 星野源
2862797423,无罪之最,,https://img1.doubanio.com/view/photo/m_ratio_poster/public/p2639035790.jpg,2021-04-30(西班牙),https://movie.douban.com/subject/34926405/,8.5,"剧情,悬疑,惊悚",4,,,2021-05-15 16:18:38,2021 / 西班牙 / 剧情 悬疑 惊悚 犯罪 / 奥里奥尔·保罗 / 马里奥·卡萨斯 奥拉·加里多
2862878561,唐人街探案3,,https://img3.doubanio.com/view/photo/m_ratio_poster/public/p2622388983.jpg,2021-02-12(中国大陆),https://movie.douban.com/subject/27619748/,5.3,"喜剧,悬疑",1,什么鬼……,,2021-05-03 19:38:44,2021 / 中国大陆 中国香港 日本 / 喜剧 悬疑 / 陈思诚 / 王宝强 刘昊然
2227302245,冬天的故事,,https://img3.doubanio.com/view/photo/m_ratio_poster/public/p1665123572.jpg,1992-01-29(法国),https://movie.douban.com/subject/1293388/,8.5,"剧情,爱情",4,和夏天的故事正反合。看似皆大欢喜的结局，你觉得女人最后想到自己要什么了吗？这四人的关系是如此开放，教人忍不住发笑，这种程度的自由轻不轻松？侯麦永远都让几位主角在路上，漫游着去一个个充满遐想的地方。@杭州大屋顶,,2021-04-25 00:00:41,1992 / 法国 / 剧情 爱情 / 埃里克·侯麦 / 夏洛特·韦里 弗里德里克·范登德里舍
2843093485,夏天的故事,,https://img3.doubanio.com/view/photo/m_ratio_poster/public/p2207375603.jpg,1996-06-05,https://movie.douban.com/subject/1302675/,8.3,"剧情,爱情",5,炙热的沙滩海浪，风吹心绪摇摇摆摆，音乐的解围，夏天远没有结束，夏天快要开始了。@杭州百美汇,,2021-04-17 18:37:25,1996 / 法国 / 剧情 爱情 / 埃里克·侯麦 / 梅尔维尔·珀波 阿曼达·朗格勒
2760443631,第三人,,https://img9.doubanio.com/view/photo/m_ratio_poster/public/p2193745066.jpg,1949-09-03,https://movie.douban.com/subject/1295451/,8.2,"悬疑,惊悚,黑色电影",3,无感，只是觉得下水道好妙啊。@上海大光明,,2021-03-20 15:27:13,1949 / 英国 / 悬疑 惊悚 黑色电影 / 卡罗尔·里德 / 约瑟夫·科顿 阿莉达·瓦利
2786144952,纵横四海,,https://img1.doubanio.com/view/photo/m_ratio_poster/public/p2597918718.jpg,1991-02-02(中国香港),https://movie.douban.com/subject/1295409/,8.8,"剧情,喜剧,动作",3,,,2021-03-12 19:45:40,1991 / 中国香港 / 剧情 喜剧 动作 犯罪 / 吴宇森 / 周润发 张国荣
2782225539,英雄本色,,https://img3.doubanio.com/view/photo/m_ratio_poster/public/p2504997087.jpg,2017-11-17(中国大陆),https://movie.douban.com/subject/1297574/,8.6,"剧情,动作,犯罪",5,“兄弟”。,,2021-03-09 21:13:36,1986 / 中国香港 / 剧情 动作 犯罪 / 吴宇森 / 周润发 狄龙
2780930870,拆弹专家2,,https://img2.doubanio.com/view/photo/m_ratio_poster/public/p2621379901.jpg,2020-12-24(中国大陆),https://movie.douban.com/subject/30171424/,7.4,"动作,犯罪",4,很纯熟紧凑的类型片了，还能有点儿回味余地。刘天王最近两个片子连着失忆两次！,,2021-03-08 20:16:06,2020 / 中国大陆 中国香港 / 动作 犯罪 / 邱礼涛 / 刘德华 刘青云
2779662914,人潮汹涌,,https://img9.doubanio.com/view/photo/m_ratio_poster/public/p2632862664.jpg,2021-02-12(中国大陆),https://movie.douban.com/subject/34880302/,6.5,"喜剧,犯罪",3,这么多年过去了，你华哥还是你华哥啊。,,2021-03-07 20:13:48,2021 / 中国大陆 中国香港 / 喜剧 犯罪 / 饶晓志 / 刘德华 肖央
1224512447,一夜风流,,https://img1.doubanio.com/view/photo/m_ratio_poster/public/p692891579.jpg,1934-02-22(美国),https://movie.douban.com/subject/1295684/,8.8,"喜剧,爱情",5,情绪到位，故事完整，台词俏皮，服化都好精致！看得非常欢乐！往后的“烂梗”都在这部片子中有迹可循，很浪漫的。,,2021-02-27 22:46:55,1934 / 美国 / 喜剧 爱情 / 弗兰克·卡普拉 / 克拉克·盖博 克劳黛·考尔白
2450733087,灿烂人生,,https://img3.doubanio.com/view/photo/m_ratio_poster/public/p1161132422.jpg,2003-05-20(戛纳电影节),https://movie.douban.com/subject/1291831/,9.3,"剧情,爱情,家庭",4,爱你身边人。要做温柔渐进的人，但还是对马提奥好共情哦。,,2021-02-21 20:27:22,2003 / 意大利 / 剧情 爱情 家庭 / 马可·图利奥·吉奥达纳 / 路易吉·洛·卡肖 阿莱西奥·博尼
2749384209,你好，李焕英,,https://img1.doubanio.com/view/photo/m_ratio_poster/public/p2629056068.jpg,2021-02-12(中国大陆),https://movie.douban.com/subject/34841067/,7.7,"剧情,喜剧,奇幻",3,一直等着用餐巾纸擦眼泪，但直到最后也没流一滴泪？我的笑点泪点可能还是太高了。。,,2021-02-17 16:44:17,2021 / 中国大陆 / 剧情 喜剧 奇幻 / 贾玲 / 贾玲 张小斐
2728944993,直到天空迎来太阳,,https://img3.doubanio.com/view/photo/m_ratio_poster/public/p2628336602.jpg,2020-11-19(泰国),https://movie.douban.com/subject/34852775/,8.1,"剧情,喜剧,爱情",4,Mark无死角大帅哥，赏心悦目，我太爱了。,,2021-02-07 23:56:23,2020 / 泰国 / 剧情 喜剧 爱情 / 丘达帕·查恩凯特 / 肯尼思·温 素帕莎拉·塔纳查
1037220440,精疲力尽,,https://img9.doubanio.com/view/photo/m_ratio_poster/public/p2167119775.jpg,1960-03-16(法国),https://movie.douban.com/subject/1353745/,8.4,"剧情,爱情,犯罪",5,精疲力尽。@上影,,2021-01-10 15:50:45,1960 / 法国 / 剧情 爱情 犯罪 / 让-吕克·戈达尔 / 珍·茜宝 让-保罗·贝尔蒙多
2668792168,新西游记 第四季,,https://img3.doubanio.com/view/photo/m_ratio_poster/public/p2461355773.jpg,2017-06-13(韩国),https://movie.douban.com/subject/26995050/,9.7,真人秀,5,是和RM还有请回答1988一样，愿意一直看下去、重复看的系列。太温暖好笑了！,,2020-12-31 22:51:49,2017 / 韩国 / 真人秀 / 罗暎锡 / 姜虎东 李寿根
2627205784,小说之神,,https://img1.doubanio.com/view/photo/m_ratio_poster/public/p2619221228.jpg,2020-10-02(日本),https://movie.douban.com/subject/34463373/,5.3,剧情,2,太难看了，我的时间不值钱。@上海大光明,,2020-12-20 15:58:32,2020 / 日本 / 剧情 / 久保茂昭 / 佐藤大树 桥本环奈
1040834453,八部半,,https://img1.doubanio.com/view/photo/m_ratio_poster/public/p2161627049.jpg,1963-01-02(阿卡普尔科电影节),https://movie.douban.com/subject/1361276/,8.6,剧情,3,我真没看懂！@苏州,,2020-12-06 17:33:36,1963 / 意大利 法国 / 剧情 / 费德里科·费里尼 / 马塞洛·马斯楚安尼 克劳迪娅·卡汀娜
2627088873,电话,,https://img1.doubanio.com/view/photo/m_ratio_poster/public/p2625879789.jpg,2020-11-27(韩国网络),https://movie.douban.com/subject/30346025/,7.6,"剧情,惊悚",3,所以结尾彩蛋是啥意思……？,,2020-12-04 22:32:04,2020 / 韩国 / 剧情 惊悚 / 李聪贤 / 朴信惠 全钟瑞
2589940616,无间道2,,https://img1.doubanio.com/view/photo/m_ratio_poster/public/p958008320.jpg,2003-10-17(中国大陆),https://movie.douban.com/subject/1307106/,8.8,"剧情,惊悚,犯罪",4,,,2020-11-05 22:33:56,2003 / 中国香港 / 剧情 惊悚 犯罪 / 刘伟强 麦兆辉 / 陈冠希 余文乐
1184865266,大路,,https://img3.doubanio.com/view/photo/m_ratio_poster/public/p2801472973.jpg,1954-09-06(威尼斯电影节),https://movie.douban.com/subject/1292719/,8.9,剧情,5,,,2020-10-31 16:08:44,1954 / 意大利 / 剧情 / 费德里科·费里尼 / 安东尼·奎恩 朱丽叶塔·马西纳
1190630482,双重赔偿,,https://img1.doubanio.com/view/photo/m_ratio_poster/public/p1675680930.jpg,1944-07-03(美国),https://movie.douban.com/subject/1293226/,8.5,"剧情,悬疑,惊悚",4,没有一处多余镜头。比利•怀德、雷蒙德•钱德勒。,,2020-10-29 20:05:14,1944 / 美国 / 剧情 悬疑 惊悚 犯罪 黑色电影 / 比利·怀尔德 / 弗莱德·麦克莫瑞 芭芭拉·斯坦威克
1013739479,日落大道,,https://img9.doubanio.com/view/photo/m_ratio_poster/public/p1119483806.jpg,1950-08-10(美国),https://movie.douban.com/subject/1298733/,8.8,"剧情,黑色电影",5,Swanson演得太好了。,,2020-10-28 20:43:36,1950 / 美国 / 剧情 黑色电影 / 比利·怀尔德 / 威廉·霍尔登 葛洛丽亚·斯旺森
1013739433,桃色公寓,,https://img9.doubanio.com/view/photo/m_ratio_poster/public/p2501319736.jpg,1960-06-15,https://movie.douban.com/subject/1394218/,8.8,"剧情,喜剧,爱情",4,还是有意思的！,,2020-10-27 20:34:09,1960 / 美国 / 剧情 喜剧 爱情 / 比利·怀尔德 / 杰克·莱蒙 雪莉·麦克雷恩
2574550767,廊桥遗梦,,https://img1.doubanio.com/view/photo/m_ratio_poster/public/p2190558219.jpg,1995-06-02(美国),https://movie.douban.com/subject/1293929/,8.7,"剧情,爱情",5,太难忘Francesca握住车门把手的那一幕，一生中能有一次真切的爱过足矣，与占有无关。我爱你，我也爱我的家人。,,2020-10-22 22:42:43,1995 / 美国 / 剧情 爱情 / 克林特·伊斯特伍德 / 克林特·伊斯特伍德 梅丽尔·斯特里普
1708553004,过春天,,https://img3.doubanio.com/view/photo/m_ratio_poster/public/p2549537782.jpg,2019-03-15(中国大陆),https://movie.douban.com/subject/27191431/,7.7,剧情,4,没有故作伤痛和赋魅，是一部清新自然的青春片。几位年轻人的感觉和气质都挺对路。尤其是刘子佩的角色，需要演绎的层次其实更丰富而鲜明。天真，自卑，敏感，小聪明，小心翼翼的试探，一点一点寻求身份认同等等，我觉得是演到了。,,2020-10-21 23:32:52,2018 / 中国大陆 / 剧情 / 白雪 / 黄尧 孙阳
2570504264,沉默的真相,,https://img3.doubanio.com/view/photo/m_ratio_poster/public/p2620780603.jpg,2020-09-16(中国大陆),https://movie.douban.com/subject/33447642/,9,"剧情,悬疑,犯罪",5,一天看完，后劲真大。剧中的平反过程已够令人心碎，现实中那些打捞不起的沉没真相恐怕更令人绝望。,,2020-10-18 22:13:34,2020 / 中国大陆 / 剧情 悬疑 犯罪 / 陈奕甫 / 廖凡 白宇
2540428968,死无对证,,https://img1.doubanio.com/view/photo/m_ratio_poster/public/p2620256769.jpg,2020-09-18(中国大陆),https://movie.douban.com/subject/30384019/,7.3,"剧情,悬疑,惊悚",3,果然没有一丝丝意外～,,2020-09-22 20:28:41,2018 / 意大利 / 剧情 悬疑 惊悚 犯罪 / 斯蒂法诺·摩尔蒂尼 / 里卡尔多·斯卡马奇奥 米丽娅姆·莱昂内
2494718550,教父,,https://img9.doubanio.com/view/photo/m_ratio_poster/public/p616779645.jpg,1972-03-15(纽约首映),https://movie.douban.com/subject/1291841/,9.3,"剧情,犯罪",5,平静和缓的力量。,,2020-08-16 19:41:42,1972 / 美国 / 剧情 犯罪 / 弗朗西斯·福特·科波拉 / 马龙·白兰度 阿尔·帕西诺
2492700149,霸王别姬,,https://img1.doubanio.com/view/photo/m_ratio_poster/public/p2561716440.jpg,1993-07-26(中国大陆),https://movie.douban.com/subject/1291546/,9.6,"剧情,爱情,同性",4,还是觉得少年时期那一段最好。,,2020-08-15 12:57:31,1993 / 中国大陆 中国香港 / 剧情 爱情 同性 / 陈凯歌 / 张国荣 张丰毅
1007227800,情书,,https://img1.doubanio.com/view/photo/m_ratio_poster/public/p2648230660.jpg,1999-03(中国大陆),https://movie.douban.com/subject/1292220/,8.9,"剧情,爱情",4,哎，才看。下次回家也要再翻一下中学时候同学送我的书。,,2020-08-05 22:41:12,1995 / 日本 / 剧情 爱情 / 岩井俊二 / 中山美穗 丰川悦司
2463802600,我可能不会爱你,,https://img9.doubanio.com/view/photo/m_ratio_poster/public/p1376142476.jpg,2012-06-16(中国大陆),https://movie.douban.com/subject/6129693/,8.8,爱情,4,所以呢，要结婚的话，还是得和最好的朋友结。可是朋友往往是阶段性的，更何况是最好的朋友。只好为别人的友情爱情干杯。,,2020-07-22 23:50:10,2011 / 中国台湾 / 爱情 / 瞿友宁 / 林依晨 陈柏霖
2450184507,暗花,,https://img1.doubanio.com/view/photo/m_ratio_poster/public/p2159683290.jpg,1998-01-01,https://movie.douban.com/subject/1292450/,8.3,"剧情,动作,悬疑",4,宿命论的味道，不给点颜色看看不把人当爹。对号入座，忽然觉得好有道理啊 。,,2020-07-11 23:08:44,1998 / 中国香港 / 剧情 动作 悬疑 犯罪 / 游达志 / 刘青云 梁朝伟
2449989812,无间道,,https://img3.doubanio.com/view/photo/m_ratio_poster/public/p2564556863.jpg,2003-09-05(中国大陆),https://movie.douban.com/subject/1307914/,9.3,"剧情,惊悚,犯罪",4,多少男生曾渴望过自己是梁朝伟。,,2020-07-11 20:47:15,2002 / 中国香港 / 剧情 惊悚 犯罪 / 刘伟强 麦兆辉 / 刘德华 梁朝伟
2376657343,光荣之路,,https://img3.doubanio.com/view/photo/m_ratio_poster/public/p955392372.jpg,1957-12-20(英国),https://movie.douban.com/subject/1292969/,9.1,"剧情,战争",4,像待宰羔羊一般冲出战壕奉命奋死一搏，逃不开被执行枪决前的泣不成声，铺就一条当然不属于他们的光荣之路。Patriotism is the last refuge of a scoundrel.哪只是战火纷飞的年代才有呢，哪只是以Patriotism之名。,,2020-07-05 16:36:32,1957 / 美国 / 剧情 战争 / 斯坦利·库布里克 / 柯克·道格拉斯 拉尔夫·米克
2442116350,正常人,,https://img9.doubanio.com/view/photo/m_ratio_poster/public/p2871864816.jpg,2020-12-25(中国大陆),https://movie.douban.com/subject/33477335/,8.5,"剧情,爱情",4,再平常不过的十几二十来岁的爱，也能这样绵密深刻，确确是被治愈了。,,2020-07-04 19:43:01,2020 / 爱尔兰 英国 美国 / 剧情 爱情 / 伦尼·阿伯拉罕森 希提·麦克唐纳 / 黛西·埃德加-琼斯 保罗·麦斯卡
2439294751,隐秘的角落,,https://img1.doubanio.com/view/photo/m_ratio_poster/public/p2609064048.jpg,2020-06-16(中国大陆),https://movie.douban.com/subject/33404425/,8.8,"剧情,悬疑,犯罪",3,没这么好吧，后半部整体就太松弛了。其实一直期待结局坐实了是朱朝阳亲手推了妹妹，结果现在的结局等于说是全靠观众脑补。坏小孩也没多坏呢，全程都觉得善良。,,2020-07-02 08:50:23,2020 / 中国大陆 / 剧情 悬疑 犯罪 / 辛爽 / 秦昊 王景春
2433534608,365：逆转命运的1年,,https://img1.doubanio.com/view/photo/m_ratio_poster/public/p2890292820.jpg,2020-03-23(韩国),https://movie.douban.com/subject/34902595/,8.9,"悬疑,惊悚,奇幻",4,重置亦是回归。节奏和构思都还蛮好的，短小精悍的一部剧。黄教授放现在看也完全PUA大师，简简单单两句谎言控制两位女士好几年。。希望能有下一部吧，想看男女主角再续前缘，这辈子为了大家都太苦了。,,2020-06-30 21:17:33,2020 / 韩国 / 悬疑 惊悚 奇幻 / 金景熙 / 李浚赫 南志铉
2369557763,Running Man,,https://img3.doubanio.com/view/photo/m_ratio_poster/public/p2512561572.jpg,2010-07-11(韩国),https://movie.douban.com/subject/10509888/,9.6,"喜剧,运动,真人秀",5,重温。那些年看过的最好的综艺了吧，一度头像都是刘在石。。,,2020-05-03 14:03:03,2010 / 韩国 / 喜剧 运动 真人秀 / Jo Hyo-jin Im Hyung-taek Kim Ju-hyung / 刘在锡 李光洙
2339215783,革命往事,,https://img3.doubanio.com/view/photo/m_ratio_poster/public/p2206010357.jpg,1971-10-29(意大利),https://movie.douban.com/subject/1301026/,9.1,"战争,西部,冒险",5,又是很值得玩味的一部，配乐也好。,,2020-04-12 20:38:47,1971 / 意大利 / 战争 西部 冒险 / 赛尔乔·莱昂内 / 罗德·斯泰格尔 詹姆斯·柯本
2336934242,机智牢房生活,,https://img2.doubanio.com/view/photo/m_ratio_poster/public/p2506561091.jpg,2017-11-22(韩国),https://movie.douban.com/subject/27081753/,9.4,"剧情,喜剧",4,坐个牢都能这么欢乐温情。。,,2020-04-11 14:54:35,2017 / 韩国 / 剧情 喜剧 / 申元浩 / 朴海秀 郑敬淏
2312217481,饥饿站台,,https://img2.doubanio.com/view/photo/m_ratio_poster/public/p2566870171.jpg,2019-09-06(多伦多电影节),https://movie.douban.com/subject/34805219/,7.9,"科幻,惊悚",3,,,2020-03-28 14:51:10,2019 / 西班牙 / 科幻 惊悚 / 加尔德·加兹特鲁·乌鲁蒂亚 / 伊万·马萨格 佐伦·伊格
2221452887,煮面男,,https://img1.doubanio.com/view/photo/m_ratio_poster/public/p2578591258.jpg,2019-12-06(韩国),https://movie.douban.com/subject/34925774/,8.5,真人秀,4,把泡面吃出幸福感的男人！,,2020-03-23 21:36:42,2019 / 韩国 / 真人秀 / 罗暎锡 / 姜虎东
2302226774,请回答1997,,https://img1.doubanio.com/view/photo/m_ratio_poster/public/p2407174319.jpg,2012-07-24(韩国),https://movie.douban.com/subject/11516684/,8.9,"剧情,喜剧,爱情",4,知道请回答系列也有六七年了。这一部是认识超过十年的朋友一直和我安利的，今年总算看下来。对HOT印象不深，但东方神起的确是那会儿红透亚洲的存在，身边总有几位女孩追得死心塌地，片里描述的追星女孩日常，丝毫不夸张。只是韩流迭代之快到如今已完全不关注昔日巨星过得怎样了。回归正题，这个片子主要还是在讲青春，兜兜转转，结局更是把滤镜开到满，让两位主人公在对的时机抓住彼此。可真实生活处处遗憾，人的意识随着各自所在环境、接触的人而变，早已不是原来的彼此。曾经的竹马和初恋如今也快成别人的老公了吧，但也正是遗憾才让青春记忆更长久难忘。,,2020-03-22 23:02:25,2012 / 韩国 / 剧情 喜剧 爱情 / 申元浩 / 郑恩地 徐仁国
2300048334,王国 第二季,,https://img9.doubanio.com/view/photo/m_ratio_poster/public/p2587671506.jpg,2020-03-13(韩国),https://movie.douban.com/subject/30306401/,8.3,"剧情,恐怖,古装",4, 丧尸围剿皇宫那段可真嗨，权术部分就比较幼稚了。艰苦卓绝立下功勋之后居然把王位让给（血统都不对的）孩子。。两季刷一天，一季等两年，服了。,,2020-03-21 22:10:23,2020 / 韩国 / 剧情 恐怖 古装 / 金成勋 朴仁载 / 朱智勋 裴斗娜
2284324716,王国 第一季,,https://img1.doubanio.com/view/photo/m_ratio_poster/public/p2542945898.jpg,2019-01-25(韩国),https://movie.douban.com/subject/26947951/,8.6,"剧情,恐怖,古装",4,制作精良，丧尸场面好看，朱智勋可以。第一季就是开了个头。。,,2020-03-21 17:49:41,2019 / 韩国 / 剧情 恐怖 古装 / 金成勋 / 朱智勋 裴斗娜
2273068313,请回答1988,,https://img9.doubanio.com/view/photo/m_ratio_poster/public/p2272563445.jpg,2015-11-06(韩国),https://movie.douban.com/subject/26302614/,9.7,"剧情,喜剧,爱情",5,细节太丰富了，边笑边哭。导演和编剧一定在有心地观察生活，他们拍的也是我们的故事。,,2020-03-08 22:59:20,2015 / 韩国 / 剧情 喜剧 爱情 / 申元浩 / 成东日 李一花
2259046005,绝代双骄,,https://img3.doubanio.com/view/photo/m_ratio_poster/public/p2581271803.jpg,2020-01-16(中国大陆),https://movie.douban.com/subject/26986804/,5.9,"武侠,古装",3,只要耐心看下去，其实还行。赞实景和童年回忆。小时候看过不下三个版本。,,2020-03-03 19:06:05,2020 / 中国大陆 / 武侠 古装 / 邹集城 刘方 / 胡一天 陈哲远
2231507030,孤单又灿烂的神：鬼怪,,https://img1.doubanio.com/view/photo/m_ratio_poster/public/p2402645080.jpg,2016-12-02(韩国),https://movie.douban.com/subject/26761935/,8.9,剧情,3,剧情太差了。三星送给三位男演员的对手戏。,,2020-02-23 18:45:08,2016 / 韩国 / 剧情 / 李应福 / 孔刘 金高银
1267392779,正午,,https://img1.doubanio.com/view/photo/m_ratio_poster/public/p2228064358.jpg,1952-07-07(美国),https://movie.douban.com/subject/1298521/,8.4,"剧情,西部",4,反英雄的英雄片。,,2020-02-23 13:51:33,1952 / 美国 / 剧情 西部 / 弗雷德·金尼曼 / 加里·库珀 格蕾丝·凯利
2226906266,触及真心,,https://img3.doubanio.com/view/photo/m_ratio_poster/public/p2546749467.jpg,2019-02-06(韩国),https://movie.douban.com/subject/30304086/,7.7,"剧情,喜剧,爱情",3,不怎么好看。。三星送给李的颜。,,2020-02-22 10:59:41,2019 / 韩国 / 剧情 喜剧 爱情 / 朴俊和 / 李栋旭 刘寅娜
2220251606,爱的迫降,,https://img3.doubanio.com/view/photo/m_ratio_poster/public/p2578113217.jpg,2019-12-14(韩国),https://movie.douban.com/subject/33425578/,8.3,"剧情,喜剧,爱情",4,世界好残酷，需要这样简单又极致浪漫的童话故事回血。整部剧第十集之后基本垮掉，但并不妨碍我们想让两位美貌的人结婚的心。,,2020-02-19 23:30:15,2019 / 韩国 / 剧情 喜剧 爱情 / 李政孝 / 玄彬 孙艺珍
2053732406,阳光普照,,https://img1.doubanio.com/view/photo/m_ratio_poster/public/p2570235120.jpg,2019-11-01(中国台湾),https://movie.douban.com/subject/30292777/,8.6,"剧情,家庭,犯罪",3,明明是可以更细腻一些的。,,2020-02-06 21:13:07,2019 / 中国台湾 / 剧情 家庭 犯罪 / 钟孟宏 / 陈以文 柯淑勤
2177333741,美国往事,,https://img3.doubanio.com/view/photo/m_ratio_poster/public/p477229647.jpg,1984-02-17(波士顿首映),https://movie.douban.com/subject/1292262/,9.1,"剧情,犯罪",5,大气，耐看，回味无穷。,,2020-02-05 20:39:22,1984 / 美国 意大利 / 剧情 犯罪 / 赛尔乔·莱昂内 / 罗伯特·德尼罗 詹姆斯·伍兹
2173960437,大佛普拉斯,,https://img3.doubanio.com/view/photo/m_ratio_poster/public/p2505928032.jpg,2017-10-13(中国台湾),https://movie.douban.com/subject/27059130/,8.7,"剧情,喜剧",5,更好的一部《无名之辈》。,,2020-02-04 17:44:36,2017 / 中国台湾 / 剧情 喜剧 / 黄信尧 / 庄益增 陈竹升
2171961761,1917,,https://img3.doubanio.com/view/photo/m_ratio_poster/public/p2587146023.jpg,2020-08-07(中国大陆),https://movie.douban.com/subject/30252495/,8.5,"剧情,战争",3,片名很大，故事很薄，战争美术片。,,2020-02-03 21:19:39,2019 / 美国 英国 印度 西班牙 加拿大 中国大陆 / 剧情 战争 / 萨姆·门德斯 / 乔治·麦凯 迪恩-查尔斯·查普曼
2103735665,小妇人,,https://img9.doubanio.com/view/photo/m_ratio_poster/public/p2572928166.jpg,2020-08-25(中国大陆),https://movie.douban.com/subject/26348103/,8,"剧情,爱情",4,怎么能不偏爱Ronan演的Jo。,,2020-01-31 22:36:47,2019 / 美国 / 剧情 爱情 / 格蕾塔·葛韦格 / 西尔莎·罗南 艾玛·沃森
2089979097,想见你,,https://img2.doubanio.com/view/photo/m_ratio_poster/public/p2576977981.jpg,2019-11-17(中国台湾),https://movie.douban.com/subject/30468961/,9.2,"爱情,悬疑,奇幻",4,悬疑元素，倒不是感情戏，使人一直看了下去。还有就是，有李子维/王诠胜那样的可爱男孩常伴身边，还去什么上海！,,2020-01-24 23:06:22,2019 / 中国台湾 / 爱情 悬疑 奇幻 / 黄天仁 / 柯佳嬿 许光汉
2140721929,我的大叔,,https://img1.doubanio.com/view/photo/m_ratio_poster/public/p2560252479.jpg,2018-03-21(韩国),https://movie.douban.com/subject/27602137/,9.4,剧情,4,,,2020-01-19 18:45:14,2018 / 韩国 / 剧情 / 金元锡 / 李知恩 李善均
2085374673,新职员诞生记：好人,,https://img3.doubanio.com/view/photo/m_ratio_poster/public/p2611009097.jpg,2019-04-13(韩国),https://movie.douban.com/subject/30463323/,9.4,真人秀,4,真的是把综艺拍出了电影/电视剧的质地，又不觉得虚假。好看！,,2019-12-16 22:33:55,2019 / 韩国 / 真人秀 / 姜虎东 李寿根
2039695463,南方车站的聚会,,https://img3.doubanio.com/view/photo/m_ratio_poster/public/p2553934187.jpg,2019-12-06(中国大陆),https://movie.douban.com/subject/27668250/,7.4,"剧情,犯罪",3,低于预期。,,2019-12-08 00:54:34,2019 / 中国大陆 法国 / 剧情 犯罪 / 刁亦男 / 胡歌 桂纶镁
2052603367,血观音,,https://img2.doubanio.com/view/photo/m_ratio_poster/public/p2561016941.jpg,2017-11-24(中国台湾),https://movie.douban.com/subject/27113517/,8.6,"剧情,悬疑",4,,,2019-11-23 14:02:08,2017 / 中国台湾 / 剧情 悬疑 / 杨雅喆 / 惠英红 吴可熙
2047977430,小丑,,https://img9.doubanio.com/view/photo/m_ratio_poster/public/p2567198874.jpg,2019-08-31(威尼斯电影节),https://movie.douban.com/subject/27119724/,8.7,"剧情,惊悚,犯罪",5,在弱与强的对抗中，弱者的武器很有限，终于，弱的那一方变得丧失理性，开始无差别的暴力行为。而这种攻击本身又使得弱者的抵抗失去道义资源，这恰恰是真正的悲剧。看着国土的另一端正发生些什么，会感慨这部电影真实得一塌糊涂。,,2019-11-19 20:56:08,2019 / 美国 加拿大 / 剧情 惊悚 犯罪 / 托德·菲利普斯 / 华金·菲尼克斯 罗伯特·德尼罗
2031209263,陷入纯情,,https://img9.doubanio.com/view/photo/m_ratio_poster/public/p2236587174.jpg,2015-04-03(韩国),https://movie.douban.com/subject/26282488/,8.1,"剧情,爱情",4,剧情一塌糊涂，但非常温暖和解压哎。,,2019-11-07 00:39:04,2015 / 韩国 / 剧情 爱情 / 池英洙 / 郑敬淏 金素妍
2014043534,少年的你,,https://img3.doubanio.com/view/photo/m_ratio_poster/public/p2572166063.jpg,2019-10-25(中国大陆),https://movie.douban.com/subject/30166972/,8.2,"剧情,爱情,犯罪",5,情绪性打五星。,,2019-10-25 23:24:36,2019 / 中国大陆 中国香港 / 剧情 爱情 犯罪 / 曾国祥 / 周冬雨 易烊千玺
2000845893,东京爱情故事,,https://img2.doubanio.com/view/photo/m_ratio_poster/public/p2554261701.jpg,1991-01-07(日本),https://movie.douban.com/subject/1438760/,9.3,爱情,5,几乎是哭着看完的，一部认真谈论“爱情”的剧。四位主角里，最认同、最心疼莉香的爱情观，热爱无关乎得到，而是心甘情愿地去失去。三上也不错。最不讨喜也过分真实的是完治和里美。完治好像从未爱过莉香，正如里美也不曾爱过完治，他们爱的还是自己。这么多年过去了，完美的、不完美的爱情，都如同这个剧本里写的那样，不断重复上演着。,,2019-10-16 00:44:44,1991 / 日本 / 爱情 / 永山耕三 本间欧彦 / 铃木保奈美 织田裕二
1981808555,我和我的祖国,,https://img1.doubanio.com/view/photo/m_ratio_poster/public/p2567998580.jpg,2019-09-30(中国大陆),https://movie.douban.com/subject/32659890/,7.6,剧情,3,比较喜欢冬冬了。,,2019-10-03 22:37:58,2019 / 中国大陆 / 剧情 / 陈凯歌 张一白 管虎 薛晓路 徐峥 宁浩 文牧野 / 黄渤 张译
1799973165,寄生虫,,https://img1.doubanio.com/view/photo/m_ratio_poster/public/p2561439800.jpg,2019-05-21(戛纳电影节),https://movie.douban.com/subject/27010768/,8.8,剧情,4,非常直白，却也平面。富人用这种智商走到今天还能是富人吗？,,2019-08-10 13:20:06,2019 / 韩国 / 剧情 / 奉俊昊 / 宋康昊 李善均
1845434924,千与千寻,,https://img1.doubanio.com/view/photo/m_ratio_poster/public/p2557573348.jpg,2019-06-21(中国大陆),https://movie.douban.com/subject/1291561/,9.4,"剧情,动画,奇幻",5,,,2019-07-03 20:36:41,2001 / 日本 / 剧情 动画 奇幻 / 宫崎骏 / 柊瑠美 入野自由
1836085382,十二公民,,https://img9.doubanio.com/view/photo/m_ratio_poster/public/p2242220716.jpg,2015-05-15(中国大陆),https://movie.douban.com/subject/24875534/,8.4,剧情,3,飞机上看的。总觉得把这个陪审团的设定放到中国语境来谈怪怪的。不过原型《十二怒汉》应该是非常棒的。,,2019-06-26 16:32:12,2014 / 中国大陆 / 剧情 / 徐昂 / 何冰 韩童生
1558150211,摄影机不要停！,,https://img9.doubanio.com/view/photo/m_ratio_poster/public/p2541824676.jpg,2017-11-04(东京首映),https://movie.douban.com/subject/30234315/,8.2,"喜剧,恐怖",4,渐入佳境。,,2019-06-19 13:49:55,2017 / 日本 / 喜剧 恐怖 / 上田慎一郎 / 滨津隆之 真鱼
1744559741,调音师,,https://img3.doubanio.com/view/photo/m_ratio_poster/public/p2551995207.jpg,2019-04-03(中国大陆),https://movie.douban.com/subject/30334073/,8.2,"喜剧,悬疑,惊悚",4,,,2019-04-07 16:19:49,2018 / 印度 / 喜剧 悬疑 惊悚 犯罪 / 斯里兰姆·拉格万 / 阿尤斯曼·库拉纳 塔布
1696961619,雪国列车,,https://img2.doubanio.com/view/photo/m_ratio_poster/public/p2173648321.jpg,2014-03-17(中国大陆),https://movie.douban.com/subject/3071441/,7.6,"剧情,动作,科幻",3,,,2019-02-28 13:51:23,2013 / 韩国 捷克 / 剧情 动作 科幻 / 奉俊昊 / 克里斯·埃文斯 宋康昊
1690147699,阿丽塔：战斗天使,,https://img9.doubanio.com/view/photo/m_ratio_poster/public/p2535922184.jpg,2019-02-22(中国大陆),https://movie.douban.com/subject/1652592/,7.5,"动作,科幻,冒险",4,3.5星。打斗场面很棒，但剧情比较一言难尽，尤其不懂战斗力爆表的女主为啥会喜欢这么个战五渣男主！,,2019-02-23 22:02:06,2019 / 美国 日本 加拿大 / 动作 科幻 冒险 / 罗伯特·罗德里格兹 / 罗莎·萨拉查 克里斯托弗·瓦尔兹
1664612942,飞驰人生,,https://img3.doubanio.com/view/photo/m_ratio_poster/public/p2542973862.jpg,2019-02-05(中国大陆),https://movie.douban.com/subject/30163509/,6.8,喜剧,3,,,2019-02-09 19:15:12,2019 / 中国大陆 / 喜剧 / 韩寒 / 沈腾 黄景瑜
1662446090,流浪地球,,https://img3.doubanio.com/view/photo/m_ratio_poster/public/p2545472803.jpg,2019-02-05(中国大陆),https://movie.douban.com/subject/26266893/,7.9,"科幻,冒险,灾难",3,,,2019-02-08 19:14:26,2019 / 中国大陆 / 科幻 冒险 灾难 / 郭帆 / 吴京 屈楚萧
1658039617,疯狂的外星人,,https://img3.doubanio.com/view/photo/m_ratio_poster/public/p2915734567.jpg,2019-02-05(中国大陆),https://movie.douban.com/subject/25986662/,6.4,"喜剧,科幻",2,太太太无聊了（被我小表舅拖出来看了，非常后悔,,2019-02-06 16:26:55,2019 / 中国大陆 / 喜剧 科幻 / 宁浩 / 黄渤 沈腾
1651985022,密室逃生,,https://img3.doubanio.com/view/photo/m_ratio_poster/public/p2543631842.jpg,2019-01-18(中国大陆),https://movie.douban.com/subject/27109679/,7.1,"悬疑,惊悚",3,,,2019-02-01 23:49:23,2019 / 美国 南非 / 悬疑 惊悚 / 亚当·罗比特尔 / 泰勒·拉塞尔 洛根·米勒
1630527784,白蛇：缘起,,https://img9.doubanio.com/view/photo/m_ratio_poster/public/p2544313786.jpg,2019-01-11(中国大陆),https://movie.douban.com/subject/30331149/,7.8,"爱情,动画,奇幻",3,还不错！,,2019-01-20 14:04:05,2019 / 中国大陆 美国 / 爱情 动画 奇幻 / 黄家康 赵霁 / 张喆 杨天翔
1534628040,四个春天,,https://img3.doubanio.com/view/photo/m_ratio_poster/public/p2540578887.jpg,2019-01-04(中国大陆),https://movie.douban.com/subject/27191492/,8.8,"纪录片,家庭",5,被深深地打动了。想起我外公外婆也刚过金婚。,,2019-01-09 21:54:19,2017 / 中国大陆 / 纪录片 家庭 / 陆庆屹 / 陆运坤 李桂贤
1590298304,风味人间 第一季,,https://img3.doubanio.com/view/photo/m_ratio_poster/public/p2541649132.jpg,2018-10-28(中国大陆),https://movie.douban.com/subject/30156039/,9,纪录片,5,正宗！,,2018-12-25 01:47:28,2018 / 中国大陆 / 纪录片 / 陈晓卿 / 李立宏
1509479181,狗十三,,https://img2.doubanio.com/view/photo/m_ratio_poster/public/p2540513831.jpg,2018-12-07(中国大陆),https://movie.douban.com/subject/25716096/,8.2,"剧情,家庭",4,日常生活场景的真实。总觉得“懂事”的内涵，拍得还不够丰满，也可能是女主角演得不够饱满。,,2018-12-09 20:40:46,2013 / 中国大陆 / 剧情 家庭 / 曹保平 / 张雪迎 果靖霖
1559649607,海王,,https://img3.doubanio.com/view/photo/m_ratio_poster/public/p2541280047.jpg,2018-12-07(中国大陆),https://movie.douban.com/subject/3878007/,7.6,"动作,奇幻,冒险",4,看嗨了，视觉效果很棒。全程觉得谋臣维科很像兵马俑。整个片子有点中国风。,,2018-12-08 22:38:07,2018 / 美国 澳大利亚 / 动作 奇幻 冒险 / 温子仁 / 杰森·莫玛 安珀·赫德
1005533208,荒蛮故事,,https://img3.doubanio.com/view/photo/m_ratio_poster/public/p2584519452.jpg,2014-05-17(戛纳电影节),https://movie.douban.com/subject/24750126/,8.8,"剧情,喜剧,犯罪",4,由简入繁的六个小故事，呈现了传说中的暴力美学？,,2018-11-18 19:42:30,2014 / 阿根廷 西班牙 / 剧情 喜剧 犯罪 / 达米安·斯兹弗隆 / 达里奥·格兰迪内蒂 玛丽娅·玛努尔
1522058494,无名之辈,,https://img9.doubanio.com/view/photo/m_ratio_poster/public/p2539661066.jpg,2018-11-16(中国大陆),https://movie.douban.com/subject/27110296/,8,"剧情,喜剧",3,有点尬。,,2018-11-16 22:22:45,2018 / 中国大陆 / 剧情 喜剧 / 饶晓志 / 陈建斌 任素汐
1484866816,无双,,https://img9.doubanio.com/view/photo/m_ratio_poster/public/p2535260806.jpg,2018-09-30(中国大陆),https://movie.douban.com/subject/26425063/,8,"剧情,动作,悬疑",4,,,2018-10-04 20:16:22,2018 / 中国大陆 中国香港 / 剧情 动作 悬疑 犯罪 / 庄文强 / 周润发 郭富城
1473618805,江湖儿女,,https://img1.doubanio.com/view/photo/m_ratio_poster/public/p2533283770.jpg,2018-09-21(中国大陆),https://movie.douban.com/subject/26972258/,7.6,"爱情,犯罪",4,比《山河故人》好了！更完整更聚焦。,,2018-09-23 21:16:25,2018 / 中国大陆 法国 日本 / 爱情 犯罪 / 贾樟柯 / 赵涛 廖凡
1376438677,小偷家族,,https://img9.doubanio.com/view/photo/m_ratio_poster/public/p2530599636.jpg,2018-08-03(中国大陆),https://movie.douban.com/subject/27622447/,8.7,"剧情,家庭,犯罪",5,是枝裕和本色。我们那场的观影者都呆住了。这个故事就是你我的生活，好真。,,2018-08-13 22:02:15,2018 / 日本 / 剧情 家庭 犯罪 / 是枝裕和 / 中川雅也 安藤樱
1434812908,一出好戏,,https://img3.doubanio.com/view/photo/m_ratio_poster/public/p2529571873.jpg,2018-08-10(中国大陆),https://movie.douban.com/subject/26985127/,7.1,"剧情,喜剧",3,电影版极限挑战？作为黄渤的导演处女作（？）不错了，还算有想象力。就是略微拖沓。,,2018-08-13 00:28:22,2018 / 中国大陆 / 剧情 喜剧 / 黄渤 / 黄渤 舒淇
1424555224,宾虚,,https://img3.doubanio.com/view/photo/m_ratio_poster/public/p2201168652.jpg,1959-11-18(美国),https://movie.douban.com/subject/1293150/,8.7,"剧情,动作,历史",5,世界中古史课上老师放的，光顾着傻乐了。其实多好看的呢。,,2018-08-02 18:20:49,1959 / 美国 / 剧情 动作 历史 战争 冒险 / 威廉·惠勒 / 查尔顿·赫斯顿 杰克·霍金斯
1420414996,狄仁杰之神都龙王,,https://img1.doubanio.com/view/photo/m_ratio_poster/public/p2099623528.jpg,2013-09-28(中国大陆),https://movie.douban.com/subject/5996801/,6.5,"动作,悬疑,古装",3,,,2018-07-29 15:55:20,2013 / 中国大陆 中国香港 / 动作 悬疑 古装 / 徐克 / 赵又廷 冯绍峰
1420361721,狄仁杰之四大天王,,https://img9.doubanio.com/view/photo/m_ratio_poster/public/p2526405034.jpg,2018-07-27(中国大陆),https://movie.douban.com/subject/25882296/,6.1,"动作,悬疑,奇幻",3,,,2018-07-29 15:01:22,2018 / 中国大陆 中国香港 / 动作 悬疑 奇幻 武侠 古装 / 徐克 / 赵又廷 冯绍峰
1395276419,我不是药神,,https://img9.doubanio.com/view/photo/m_ratio_poster/public/p2561305376.jpg,2018-07-05(中国大陆),https://movie.douban.com/subject/26752088/,9,"剧情,喜剧",4,现实远比电影复杂。所以，主角光环也太强了吧？,,2018-07-07 22:54:22,2018 / 中国大陆 / 剧情 喜剧 / 文牧野 / 徐峥 王传君
1395276504,动物世界,,https://img1.doubanio.com/view/photo/m_ratio_poster/public/p2525528688.jpg,2018-06-29(中国大陆),https://movie.douban.com/subject/26925317/,7.2,"剧情,动作,冒险",4,竟然get到了李易峰的帅点。全程都在和小张讨论出牌概率，回来还讨论了一路。喜欢看这种激发人找bug欲的片子。,,2018-06-30 23:30:40,2018 / 中国大陆 / 剧情 动作 冒险 / 韩延 / 李易峰 迈克尔·道格拉斯
1246831034,生存家族,,https://img9.doubanio.com/view/photo/m_ratio_poster/public/p2525716036.jpg,2018-06-22(中国大陆),https://movie.douban.com/subject/26815162/,8,"喜剧,家庭",4,乌托邦电影哦，灾难片外壳下满满的温情，值得一看～,,2018-06-24 21:38:19,2016 / 日本 / 喜剧 家庭 / 矢口史靖 / 小日向文世 深津绘里
1285411170,纯真年代,,https://img1.doubanio.com/view/photo/m_ratio_poster/public/p2217023868.jpg,1993-08-31(威尼斯电影节),https://movie.douban.com/subject/1301465/,8.1,"剧情,爱情",5,喜欢这个片子。油画般静谧的背后是汹涌的情感。一辈子也无法说出来的秘密。,,2018-05-28 00:28:07,1993 / 美国 / 剧情 爱情 / 马丁·斯科塞斯 / 丹尼尔·戴-刘易斯 米歇尔·菲佛
1379962037,超时空同居,,https://img1.doubanio.com/view/photo/m_ratio_poster/public/p2520331478.jpg,2018-05-18(中国大陆),https://movie.douban.com/subject/27133303/,6.8,"喜剧,爱情,奇幻",3,喜欢雷佳音～～有点被戳中的感觉哈哈。,,2018-05-27 00:27:02,2018 / 中国大陆 / 喜剧 爱情 奇幻 / 苏伦 / 雷佳音 佟丽娅
1376781131,寂静之地,,https://img3.doubanio.com/view/photo/m_ratio_poster/public/p2518852413.jpg,2018-05-18(中国大陆),https://movie.douban.com/subject/26997663/,6.3,"惊悚,恐怖",3,纯惊悚片。谁出声，谁就得死的设定挺棒，搞得电影院的观众都不敢出声了。,,2018-05-20 22:14:39,2018 / 美国 / 惊悚 恐怖 / 约翰·卡拉辛斯基 / 艾米莉·布朗特 约翰·卡拉辛斯基
1371990662,复仇者联盟3：无限战争,,https://img3.doubanio.com/view/photo/m_ratio_poster/public/p2516481762.jpg,2018-05-11(中国大陆),https://movie.douban.com/subject/24773958/,8.1,"动作,科幻,奇幻",3,又是从头打到尾……,,2018-05-11 22:28:45,2018 / 美国 / 动作 科幻 奇幻 冒险 / 安东尼·罗素 乔·罗素 / 小罗伯特·唐尼 克里斯·埃文斯
1353350849,暴裂无声,,https://img2.doubanio.com/view/photo/m_ratio_poster/public/p2517333671.jpg,2018-04-04(中国大陆),https://movie.douban.com/subject/26647117/,8.2,"剧情,悬疑,犯罪",3,铺垫太长，节奏有点慢，感觉像下了一盘大棋，没圆回来，导致结局有点缓不过来。其实这就是一个很简单的类型化的故事，比《心迷宫》里呈现的“各怀心事”要逊色一些。,,2018-04-05 23:58:36,2017 / 中国大陆 / 剧情 悬疑 犯罪 / 忻钰坤 / 宋洋 姜武
1348988347,透明人,,https://img3.doubanio.com/view/photo/m_ratio_poster/public/p2495927107.jpg,2017-06-20(中国大陆),https://movie.douban.com/subject/27073828/,8.5,"短片,脱口秀",4,看入迷了，挺好的节目！,,2018-03-29 13:39:37,2017 / 中国大陆 / 短片 脱口秀 / 姜思达
1342292333,小萝莉的猴神大叔,,https://img9.doubanio.com/view/photo/m_ratio_poster/public/p2510956726.jpg,2018-03-02(中国大陆),https://movie.douban.com/subject/26393561/,8.4,"剧情,喜剧,动作",3,太拖沓了…………,,2018-03-16 21:23:24,2015 / 印度 / 剧情 喜剧 动作 / 卡比尔·汗 / 萨尔曼·汗 哈莎莉·马洛特拉
932899157,超感猎杀 第一季,,https://img1.doubanio.com/view/photo/m_ratio_poster/public/p2247777008.jpg,2015-06-05(美国),https://movie.douban.com/subject/23011215/,8.9,"剧情,科幻",4,剧组好有钱的说~,,2018-03-09 14:20:01,2015 / 美国 / 剧情 科幻 / 莉莉·沃卓斯基 拉娜·沃卓斯基 汤姆·提克威 詹姆斯·麦克特格 丹·格拉斯 / 米格尔·安赫尔·西尔维斯特 杰米·克莱顿
1288048818,脸庞，村庄,,https://img3.doubanio.com/view/photo/m_ratio_poster/public/p2459499263.jpg,2017-05-19(戛纳电影节),https://movie.douban.com/subject/26764928/,9.1,纪录片,5,这片子的调子我好喜欢。生活地艺术，艺术地生活，是在讲法国人吧。,,2018-02-24 13:28:43,2017 / 法国 / 纪录片 / 阿涅斯·瓦尔达 让·热内 / 阿涅斯·瓦尔达 让·热内
1298167437,三块广告牌,,https://img9.doubanio.com/view/photo/m_ratio_poster/public/p2502943384.jpg,2018-03-02(中国大陆),https://movie.douban.com/subject/26611804/,8.7,"剧情,犯罪",3,没感觉。。。,,2018-02-22 15:11:53,2017 / 英国 美国 / 剧情 犯罪 / 马丁·麦克唐纳 / 弗兰西斯·麦克多蒙德 伍迪·哈里森
1328869069,唐人街探案2,,https://img1.doubanio.com/view/photo/m_ratio_poster/public/p2512717519.jpg,2018-02-16(中国大陆),https://movie.douban.com/subject/26698897/,6.6,"喜剧,动作,悬疑",2,一般，笑点很尬，还是第一部好，求求王宝强再不要这样说话，听着难受。,,2018-02-22 01:12:31,2018 / 中国大陆 / 喜剧 动作 悬疑 / 陈思诚 / 王宝强 刘昊然
1316141079,奇迹男孩,,https://img1.doubanio.com/view/photo/m_ratio_poster/public/p2507709428.jpg,2018-01-19(中国大陆),https://movie.douban.com/subject/26787574/,8.6,"剧情,家庭,儿童",3,挺暖的，不过作为电影来说，还是有些平淡～,,2018-01-31 16:25:41,2017 / 美国 中国香港 / 剧情 家庭 儿童 / 斯蒂芬·卓博斯基 / 雅各布·特伦布莱 朱莉娅·罗伯茨
1309364548,神秘巨星,,https://img1.doubanio.com/view/photo/m_ratio_poster/public/p2508925590.jpg,2018-01-19(中国大陆),https://movie.douban.com/subject/26942674/,7.7,"剧情,音乐",4,好燃！又是一部女性电影！很想知道影片中反映的重男轻女问题（男性才配有梦想，是一家之主；女性不配有梦想，就该早早地嫁人，待在家里）是不是印度社会的主流观念？,,2018-01-20 00:25:39,2017 / 印度 / 剧情 音乐 / 阿德瓦·香登 / 塞伊拉·沃西 梅·维贾
1305491327,无问西东,,https://img9.doubanio.com/view/photo/m_ratio_poster/public/p2507572275.jpg,2018-01-12(中国大陆),https://movie.douban.com/subject/6874741/,7.5,"剧情,爱情,战争",3,没辣么好，有几段整段垮掉，但值得一看！,,2018-01-13 20:05:31,2018 / 中国大陆 / 剧情 爱情 战争 / 李芳芳 / 章子怡 黄晓明
1293486894,妖猫传,,https://img1.doubanio.com/view/photo/m_ratio_poster/public/p2530249558.jpg,2017-12-22(中国大陆),https://movie.douban.com/subject/5350027/,6.9,"剧情,悬疑,奇幻",3,哈哈哈哈哈哈哈哈妈耶陈凯歌把白鹤少年拍成了白痴少年，橙色眼影，丹顶鹤吧！😂,,2017-12-26 21:29:37,2017 / 中国大陆 日本 / 剧情 悬疑 奇幻 古装 / 陈凯歌 / 黄轩 染谷将太
1287368655,芳华,,https://img3.doubanio.com/view/photo/m_ratio_poster/public/p2507227732.jpg,2017-12-15(中国大陆),https://movie.douban.com/subject/26862829/,7.7,"剧情,历史,战争",4,影片的整体色调明丽鲜艳，是导演私人化情绪的投射，带有那个年代文工团战士的“青春无悔”。影片尽力在做一个群像描摹，似乎要面面俱到，可两小时多的片长似乎很难把横跨二十年的记忆和变迁交代清楚，至少我渴望展开的桥段多是点到即止。当转折突袭，人物反应没跟上节奏，便免不了有些迟钝和单薄。,,2017-12-16 23:57:15,2017 / 中国大陆 / 剧情 历史 战争 / 冯小刚 / 黄轩 苗苗
1276852171,嘉年华,,https://img1.doubanio.com/view/photo/m_ratio_poster/public/p2503644828.jpg,2017-11-24(中国大陆),https://movie.douban.com/subject/27019527/,8.2,剧情,3,说真的，拍得比较一般，浮于表面，像是小石子打在湖面上，就激起一圈涟漪，没别的了。可能最近大家会为了幼儿园的事，纷纷义愤填膺地来看，结果发现，现实反倒比电影还要魔幻。,,2017-11-26 15:09:08,2017 / 中国大陆 法国 / 剧情 / 文晏 / 文淇 周美君
1268258059,东方快车谋杀案,,https://img9.doubanio.com/view/photo/m_ratio_poster/public/p2502165084.jpg,2017-11-10(中国大陆),https://movie.douban.com/subject/25790761/,6.8,"剧情,悬疑,犯罪",3,还可以。,,2017-11-11 23:06:35,2017 / 马耳他 美国 / 剧情 悬疑 犯罪 / 肯尼思·布拉纳 / 肯尼思·布拉纳 汤姆·巴特曼
1264935534,相爱相亲,,https://img1.doubanio.com/view/photo/m_ratio_poster/public/p2502311890.jpg,2017-11-03(中国大陆),https://movie.douban.com/subject/26773744/,8.3,"剧情,爱情,家庭",4,借用三联生活周刊的标题，“把生活拍成生活”。虽然说不上完美无瑕，但实在让人不忍心批评。,,2017-11-08 19:03:34,2017 / 中国大陆 中国台湾 / 剧情 爱情 家庭 / 张艾嘉 / 张艾嘉 田壮壮
1226475164,天才枪手,,https://img9.doubanio.com/view/photo/m_ratio_poster/public/p2501863104.jpg,2017-10-13(中国大陆),https://movie.douban.com/subject/27024903/,8.2,"剧情,悬疑,犯罪",4,好看的，而且还有点教育意义。,,2017-10-15 16:57:41,2017 / 泰国 / 剧情 悬疑 犯罪 / 纳塔吾·彭皮里亚 / 茱蒂蒙·琼查容苏因 查侬·散顶腾古
1243962335,405谋杀案,,https://img9.doubanio.com/view/photo/m_ratio_poster/public/p2536334356.jpg,1980-05-11(中国大陆),https://movie.douban.com/subject/1303698/,8.5,"悬疑,惊悚",4,“这天底下有没有公理啊”“一切都会过去，唯有真理永存”“每个人尽能力有别，但不能丢掉实事求是的精神”，要想到，这三段台词可是在1979年说出来的，那可真棒啊。最初是因为“中国影史上第一部侦探片”这一标签而找来看的，有点希区柯克的味道，没想到背后还有这么复杂的时代动机。,,2017-10-14 21:11:13,1980 / 中国大陆 / 悬疑 惊悚 / 沈耀庭 / 仲星火 徐敏
1239330655,白夜追凶,,https://img3.doubanio.com/view/photo/m_ratio_poster/public/p2483150767.jpg,2017-08-30(中国大陆),https://movie.douban.com/subject/26883064/,8.9,"剧情,悬疑,犯罪",4,潘粤明演技太厉害了，自己和自己飙戏，演谁像谁，折服。周巡和高亚楠这两个角色的台词功底都很不错，他俩说话（尤其在分析案情时）很有条理，不像是硬生生背出来的，听上去很专业。周舒桐这个角色虽然傻白甜但也符合警校实习生的设定。一部片子，好故事好剧本好演技，总会脱颖而出，观众不是傻子。,,2017-10-07 22:45:33,2017 / 中国大陆 / 剧情 悬疑 犯罪 / 王伟 / 潘粤明 王龙正
1250657709,羞羞的铁拳,,https://img1.doubanio.com/view/photo/m_ratio_poster/public/p2499793218.jpg,2017-09-30(中国大陆),https://movie.douban.com/subject/27038183/,6.8,"喜剧,奇幻",2,我咋看了这么尬的电影。。。真不如夏洛特烦恼和驴得水。。。,,2017-10-02 21:14:42,2017 / 中国大陆 / 喜剧 奇幻 / 宋阳 张吃鱼 / 艾伦 马丽
1246372667,天梯：蔡国强的艺术,,https://img2.doubanio.com/view/photo/m_ratio_poster/public/p2670134881.jpg,2017-09-22(中国大陆),https://movie.douban.com/subject/26679188/,8.6,纪录片,5,看完后很感动。年少时的英雄梦想在他身上实现了。,,2017-09-28 00:26:39,2016 / 中国大陆 美国 / 纪录片 / 凯文·麦克唐纳 / 蔡国强 吴红虹
1245314473,蜘蛛侠：英雄归来,,https://img2.doubanio.com/view/photo/m_ratio_poster/public/p2497756471.jpg,2017-09-08(中国大陆),https://movie.douban.com/subject/24753477/,7.3,"动作,科幻,冒险",2,太无聊了。。。,,2017-09-20 17:02:48,2017 / 美国 / 动作 科幻 冒险 / 乔·沃茨 / 汤姆·霍兰德 小罗伯特·唐尼
1242535824,登堂入室,,https://img1.doubanio.com/view/photo/m_ratio_poster/public/p1581587840.jpg,2012-10-10(法国),https://movie.douban.com/subject/6537486/,8.5,"剧情,悬疑",3,又是一部关于rear window，关于窥私欲的电影。创作是一桩私人的事。把故事讲完了，也就没有然后了。,,2017-09-13 18:09:03,2012 / 法国 / 剧情 悬疑 / 弗朗索瓦·欧容 / 法布莱斯·鲁奇尼 恩斯特·吴默埃
1242384668,蜘蛛侠,,https://img2.doubanio.com/view/photo/m_ratio_poster/public/p457050361.jpg,2002-08-07(中国大陆),https://movie.douban.com/subject/1306612/,8.1,"动作,科幻,冒险",,,,2017-09-13 09:37:03,2002 / 美国 / 动作 科幻 冒险 / 山姆·雷米 / 托比·马奎尔 威廉·达福
1242325160,假如爱有天意,,https://img2.doubanio.com/view/photo/m_ratio_poster/public/p479746811.jpg,2003-01-30,https://movie.douban.com/subject/1304073/,8.4,"剧情,爱情",,结局比较刻意，但作为抓马坤的我也想邂逅一段天注定的感情。。。,,2017-09-13 00:20:00,2003 / 韩国 / 剧情 爱情 / 郭在容 / 孙艺珍 赵寅成
1226092256,看不见的客人,,https://img9.doubanio.com/view/photo/m_ratio_poster/public/p2498971355.jpg,2017-09-15(中国大陆),https://movie.douban.com/subject/26580232/,8.8,"剧情,悬疑,惊悚",4,挺好看的。我还蛮喜欢这种类型片的。,,2017-09-08 11:43:56,2016 / 西班牙 / 剧情 悬疑 惊悚 犯罪 / 奥里奥尔·保罗 / 马里奥·卡萨斯 阿娜·瓦格纳
1218224758,敦刻尔克,,https://img1.doubanio.com/view/photo/m_ratio_poster/public/p2404817208.jpg,2017-09-01(中国大陆),https://movie.douban.com/subject/26607693/,8.4,"剧情,历史,战争",5,imax，非常牛逼，非常震撼！炮火轰鸣，整个影厅地动山摇，看得人仿佛亲历一场战争，更珍视和平。地海空的配合，士兵、军官、平民的配合，跨国的配合，坚定不移的信念，尊重每一个生命个体，从三万到三十万，这才是反思战争的正确打开方式。,,2017-09-07 15:29:29,2017 / 英国 法国 美国 荷兰 / 剧情 历史 战争 / 克里斯托弗·诺兰 / 菲恩·怀特海德 汤姆·格林-卡尼
1236691421,星际特工：千星之城,,https://img1.doubanio.com/view/photo/m_ratio_poster/public/p2504520028.jpg,2017-08-25(中国大陆),https://movie.douban.com/subject/11502973/,6.9,"动作,科幻,冒险",2,不知道在讲什么。。。视觉效果倒是很好。。。,,2017-08-30 17:52:29,2017 / 法国 中国大陆 比利时 德国 阿联酋 美国 加拿大 新西兰 新加坡 英国 泰国 / 动作 科幻 冒险 / 吕克·贝松 / 戴恩·德哈恩 卡拉·迪瓦伊
1235487137,海边的曼彻斯特,,https://img9.doubanio.com/view/photo/m_ratio_poster/public/p2421855655.jpg,2017-08-25(中国大陆),https://movie.douban.com/subject/25980443/,8.6,"剧情,家庭",3,没什么感觉。是一段关于“打击过后走不出的现在和未来”的故事。,,2017-08-27 21:11:22,2016 / 美国 / 剧情 家庭 / 肯尼思·洛纳根 / 卡西·阿弗莱克 卢卡斯·赫奇斯
1234750515,戴安娜：她的自述,,https://img3.doubanio.com/view/photo/m_ratio_poster/public/p2497919172.jpg,2017-08-06(英国),https://movie.douban.com/subject/27108853/,8.8,"纪录片,传记",5,拍得真好。率真可爱的王妃和卑劣傲慢的王子，皇室的虚伪…婚姻破裂是必然降临的厄运。镜头切换，独白，都是那样意味深长充满隐喻；停顿，留白，给了局外人大量的想象空间。黛安娜的确比查尔斯更能代表皇室的美好品德。为她感到遗憾。（看的是英国版的）,,2017-08-26 11:05:11,2017 / 英国 / 纪录片 传记 / 汤姆·詹宁斯 / 戴安娜王妃 比尔·费洛斯
1233541463,盗梦空间,,https://img9.doubanio.com/view/photo/m_ratio_poster/public/p513344864.jpg,2010-09-01(中国大陆),https://movie.douban.com/subject/3541415/,9.4,"剧情,科幻,悬疑",4,不需要特别懂，但已在毫无知觉中接受了导演铺设的一套世界观，让戏外人也久久沉浸于戏内的多重世界。梦可以延长，梦中梦，梦与现实的勾连、接合。可能还有点哲学意味：梦境（幻象）如此美好，可终究还会回到现实（原点），一头一尾，现实-梦境-现实，轮回，实现了故事的完满与闭合。,,2017-08-23 15:25:08,2010 / 美国 英国 / 剧情 科幻 悬疑 冒险 / 克里斯托弗·诺兰 / 莱昂纳多·迪卡普里奥 约瑟夫·高登-莱维特
1230816205,红色药丸,,https://img1.doubanio.com/view/photo/m_ratio_poster/public/p2389167040.jpg,2016-10-07(美国),https://movie.douban.com/subject/26892950/,7.7,纪录片,5,这部片子很值得一看。男权女权，好像永远不是在说一件事情。我有我的立场，你也有你的立场，双方据理力争，谁也没法说服谁，那真理是什么？,,2017-08-22 13:41:12,2016 / 美国 / 纪录片 / 凯西·杰伊 / 凯西·杰伊 Marc Angelucci
1223095266,二十二,,https://img3.doubanio.com/view/photo/m_ratio_poster/public/p2457609817.jpg,2017-08-14(中国大陆),https://movie.douban.com/subject/26430107/,8.7,纪录片,,其实这个题材相当难拍。你觉得它是不是太日常，太松散，个体记忆的逻辑性不强，没有想象中的冲击力？但纪录片有时恰是如此。没有矛盾，没有故事，只剩下生活的琐碎。考虑到老人的创伤记忆、身体状况和文化程度，谁又忍心追问不迭？或许，有人已释然，真活出了一份豁达滋味，又怎能强行让她们表现悲惨？,,2017-08-19 23:55:47,2015 / 中国大陆 / 纪录片 / 郭柯
1230289585,三十二,,https://img9.doubanio.com/view/photo/m_ratio_poster/public/p2335693756.jpg,2014-03-30(美国纪录片电影节),https://movie.douban.com/subject/26236632/,9.5,纪录片,,看出了导演的良心。素材尽管单薄，人物的叙说却掷地有声。没有煽动民族主义情绪，而是更关注个体的命运走向。比贫穷更残酷的是，同胞在对待无法逃避命运的她（他）们时，施以道德责难。好在，韦绍兰老人和儿子熬了过去，豁达得令人敬佩。从二十万到三十二，心情复杂。,,2017-08-16 12:36:19,2014 / 中国大陆 / 纪录片 / 郭柯 / 韦绍兰 罗善学
1229897389,北平无战事,,https://img3.doubanio.com/view/photo/m_ratio_poster/public/p2569537222.jpg,2014-10-06(中国大陆),https://movie.douban.com/subject/24695611/,8.9,"剧情,战争",5,,,2017-08-15 15:52:07,2014 / 中国大陆 / 剧情 战争 / 孔笙 李雪 / 刘烨 陈宝国
1227386643,暗战,,https://img3.doubanio.com/view/photo/m_ratio_poster/public/p2001994907.jpg,1999-09-23(中国香港),https://movie.douban.com/subject/1298898/,8.6,"剧情,动作,犯罪",4,有趣，有温度。,,2017-08-10 13:34:22,1999 / 中国香港 / 剧情 动作 犯罪 / 杜琪峰 / 刘德华 刘青云
1226922154,催眠大师,,https://img1.doubanio.com/view/photo/m_ratio_poster/public/p2181062460.jpg,2014-04-29(中国大陆),https://movie.douban.com/subject/24743711/,7.6,"悬疑,惊悚",3,埋下的线索太多了，好像又让结局变得不太可信？,,2017-08-09 12:53:32,2014 / 中国大陆 / 悬疑 惊悚 / 陈正道 / 徐峥 莫文蔚
1223301543,目击者之追凶,,https://img3.doubanio.com/view/photo/m_ratio_poster/public/p2494647817.jpg,2017-03-31(中国台湾),https://movie.douban.com/subject/11600078/,8.2,"悬疑,惊悚,犯罪",4,"三星半，可看性高。翻转，追寻，以为终于要接近真相了,可没想到，所有的所有都只是连环鬼话的一部分。哪有真相呢。",,2017-08-07 15:18:22,2017 / 中国台湾 / 悬疑 惊悚 犯罪 / 程伟豪 / 庄凯勋 许玮甯
1225749963,唐人街探案,,https://img9.doubanio.com/view/photo/m_ratio_poster/public/p2302930556.jpg,2015-12-31(中国大陆),https://movie.douban.com/subject/26311973/,7.7,"喜剧,动作,悬疑",3,搞笑部分负分，王宝强的声音太让人跳戏。刘昊然演技也比较尬，还需修炼。剧情上，凶手杀人动机很牵强。看了些影评说小女孩养父及小男孩父亲都对自己的孩子有一种病态的爱恋，是恋童癖，我倒感觉电影里表现力度不够，导致片尾有强行反转的嫌疑。不过小女孩最后库布里克凝视真是吓惨我了。。。,,2017-08-06 21:29:14,2015 / 中国大陆 / 喜剧 动作 悬疑 / 陈思诚 / 王宝强 刘昊然
1013741772,生活多美好,,https://img3.doubanio.com/view/photo/m_ratio_poster/public/p771490367.jpg,1946-12-20(纽约首映),https://movie.douban.com/subject/1293749/,9.3,"剧情,爱情,奇幻",5,善有善报！,,2017-08-04 15:19:28,1946 / 美国 / 剧情 爱情 奇幻 / 弗兰克·卡普拉 / 詹姆斯·斯图尔特 唐娜·里德
1183829294,偷自行车的人,,https://img3.doubanio.com/view/photo/m_ratio_poster/public/p759707912.jpg,1948-11-24(意大利),https://movie.douban.com/subject/1295873/,9.1,"剧情,犯罪",4,新现实主义。不再有演员，不再有故事，不再有场面调度，不再有“电影”……每个独立的事件似乎可以调换在影片中的位置，而不影响观众的观赏体验……,,2017-08-03 22:16:34,1948 / 意大利 / 剧情 犯罪 / 维托里奥·德西卡 / 兰贝托·马乔拉尼 恩佐·斯泰奥拉
1219658867,绣春刀II：修罗战场,,https://img9.doubanio.com/view/photo/m_ratio_poster/public/p2561713454.jpg,2017-07-19(中国大陆),https://movie.douban.com/subject/26270502/,7.2,"剧情,动作,武侠",4,挺好看了。杨幂为啥总是一副成事不足败事有余的样子？辛芷蕾真的惊艳。张震台词功底还是不太行。,,2017-07-30 22:04:51,2017 / 中国大陆 / 剧情 动作 武侠 古装 / 路阳 / 张震 杨幂
1221493549,超人：钢铁之躯,,https://img3.doubanio.com/view/photo/m_ratio_poster/public/p1968975252.jpg,2013-06-20(中国大陆),https://movie.douban.com/subject/2049435/,7.3,"动作,科幻,冒险",,,,2017-07-28 23:40:40,2013 / 美国 英国 / 动作 科幻 冒险 / 扎克·施奈德 / 亨利·卡维尔 艾米·亚当斯
1129798252,步履不停,,https://img1.doubanio.com/view/photo/m_ratio_poster/public/p2375245718.jpg,2008-06-28(日本),https://movie.douban.com/subject/2222996/,8.8,"剧情,家庭",4,快一拍，慢一步，遗憾将一直延续下去……,,2017-07-25 22:43:20,2008 / 日本 / 剧情 家庭 / 是枝裕和 / 阿部宽 夏川结衣
1218875677,绣春刀,,https://img2.doubanio.com/view/photo/m_ratio_poster/public/p2194066391.jpg,2014-08-07(中国大陆),https://movie.douban.com/subject/24745500/,7.7,"剧情,动作,武侠",,,,2017-07-23 00:29:47,2014 / 中国大陆 / 剧情 动作 武侠 古装 / 路阳 / 张震 刘诗诗
1216669457,大护法,,https://img1.doubanio.com/view/photo/m_ratio_poster/public/p2490948849.jpg,2017-07-13(中国大陆),https://movie.douban.com/subject/26811587/,7.8,"喜剧,动画,奇幻",3,不喜欢，做作。出了电梯门，听见一对情侣在议论：不知道想表达什么。恰恰是太想表达什么了，反而说得乱七八糟（对白，剪辑真的很奇怪了）。,,2017-07-17 23:19:24,2017 / 中国大陆 / 喜剧 动画 奇幻 冒险 / 不思凡 / 小连杀 图特哈蒙
1210254768,明月几时有,,https://img1.doubanio.com/view/photo/m_ratio_poster/public/p2479605659.jpg,2017-07-01(中国大陆),https://movie.douban.com/subject/26425072/,6.9,"剧情,历史,战争",3,由真人真事改编而成的传记电影，平铺直叙，甚至有点抗战神剧的味道。节奏有问题，特别是第一大段情节的叙述（方兰协助知识分子撤离香港）略显潦草。对主角人性的开掘不够深，导致我对方兰感觉不大，反倒是方兰母亲这个角色表现抢眼。另外，故事的外述者（梁家辉饰演）和故事本身衔接不紧密，显得刻意。,,2017-07-02 22:16:08,2017 / 中国大陆 中国香港 / 剧情 历史 战争 / 许鞍华 / 周迅 彭于晏
1190543992,钢琴课,,https://img2.doubanio.com/view/photo/m_ratio_poster/public/p764799071.jpg,1993-05-17(戛纳电影节),https://movie.douban.com/subject/1293818/,8.1,"剧情,爱情,音乐",5,喜欢极了。,,2017-05-15 14:31:56,1993 / 新西兰 澳大利亚 法国 / 剧情 爱情 音乐 / 简·坎皮恩 / 霍利·亨特 哈威·凯特尔
1081193464,杰出公民,,https://img2.doubanio.com/view/photo/m_ratio_poster/public/p2441383861.jpg,2016-09-04(威尼斯电影节),https://movie.douban.com/subject/26844922/,8.4,"剧情,喜剧",4,黑色幽默,,2017-05-14 22:45:02,2016 / 阿根廷 西班牙 / 剧情 喜剧 / 加斯顿·杜帕拉特 马里亚诺·寇恩 / 奥斯卡·马丁内兹 达迪·布列瓦
1189937903,摔跤吧！爸爸,,https://img1.doubanio.com/view/photo/m_ratio_poster/public/p2401676338.jpg,2017-05-05(中国大陆),https://movie.douban.com/subject/26387939/,9,"剧情,家庭,传记",4,故事的发展脉络完全按套路出牌，因而人物的功能性特别强，服务于情节。几个笑点、煽情点的铺设，说着说着就唱起来，背景音乐的编排都让电影本身增色不少。和《血战钢锯岭》相似，这类根据真人真事改编的传记性质+教科书式的电影，满足了观众对完美结局和故事题旨的情感期待，同时，说教意味也略重。,,2017-05-14 00:22:17,2016 / 印度 / 剧情 家庭 传记 运动 / 涅提·蒂瓦里 / 阿米尔·汗 法缇玛·萨那·纱卡
1186652825,全民目击,,https://img1.doubanio.com/view/photo/m_ratio_poster/public/p2091289138.jpg,2013-09-13(中国大陆),https://movie.douban.com/subject/11510624/,7.8,"剧情,悬疑,犯罪",,,,2017-05-06 01:18:28,2013 / 中国大陆 / 剧情 悬疑 犯罪 / 非行 / 孙红雷 余男
1186543997,喜欢你,,https://img2.doubanio.com/view/photo/m_ratio_poster/public/p2455926001.jpg,2017-04-27(中国大陆),https://movie.douban.com/subject/26816383/,6.7,"喜剧,爱情",3,3.5星，挺轻松愉快的一部戏，美食和玛丽苏，刚好合我口味。电影里几个蒙太奇运用蛮好，要不是我吃饱了，食欲肯定大增。小周好像愈发找到了表演的感觉，角色也像她自己，脐带她更宽广的戏路。,,2017-05-05 21:28:29,2017 / 中国大陆 中国香港 / 喜剧 爱情 / 许宏宇 / 金城武 周冬雨
1184833355,记忆大师,,https://img9.doubanio.com/view/photo/m_ratio_poster/public/p2455156816.jpg,2017-04-28(中国大陆),https://movie.douban.com/subject/25884801/,7.1,"悬疑,惊悚",3,还不错的剧情片，给3.5星。一直在寻找凶手，差点把我给骗了。情节安排挺好，但情节之间的连接和转折略显生硬和稚嫩（想要复杂化但似乎缺乏动机），主题上感觉是反家暴的设定，也探讨了女性的家庭角色，但因为架空了时代，有种太“个体体验”的感觉，所以片子也仅停留在了“好看”上，没啥社会意义？,,2017-05-01 18:15:37,2017 / 中国大陆 / 悬疑 惊悚 / 陈正道 / 黄渤 段奕宏
1181635294,死囚越狱,,https://img9.doubanio.com/view/photo/m_ratio_poster/public/p1714790575.jpg,1956-11-11(法国),https://movie.douban.com/subject/1303562/,8.5,"剧情,惊悚,战争",4,整部电影的后半段好紧张，配乐绝了。主角基本没有什么表情的面部却在言说着一切，眼神超有戏……,,2017-05-01 14:28:24,1956 / 法国 / 剧情 惊悚 战争 / 罗伯特·布列松 / 弗朗索瓦·莱特瑞尔 查尔斯·勒克莱恩
1181816514,洞,,https://img1.doubanio.com/view/photo/m_ratio_poster/public/p2497389079.jpg,1960-03-18(法国),https://movie.douban.com/subject/1424334/,9.2,"剧情,惊悚,犯罪",5,看到最后的结局，返回思考之前的种种细节，会发现，原来导演早已为结局铺设诸多暗示。穿行、凿洞、观察、睡觉等等动作的重复体现了“日常”，但越日常越平静却越反常。“日常”的重复，并不使人厌倦。安全距离之外的观众早已将五人的命运和自己产生联系，仿佛置身其中，因而悬念迭生。,,2017-04-25 19:12:18,1960 / 法国 意大利 / 剧情 惊悚 犯罪 / 雅克·贝克 / 马克·米歇尔 吉恩·凯乐蒂
1172143199,嫌疑人X的献身,,https://img3.doubanio.com/view/photo/m_ratio_poster/public/p2448676053.jpg,2017-03-31(中国大陆),https://movie.douban.com/subject/26606743/,6.3,"剧情,悬疑,犯罪",3,这部电影告诉我们，剧本多重要…王凯满脸写着“我什么都不懂”却很喜欢演警察&数学和物理好的人…以至于开场的时候过分尴尬…,,2017-04-01 13:31:10,2017 / 中国大陆 / 剧情 悬疑 犯罪 / 苏有朋 / 王凯 张鲁一
1167293419,美女与野兽,,https://img9.doubanio.com/view/photo/m_ratio_poster/public/p2417948644.jpg,2017-03-17(中国大陆),https://movie.douban.com/subject/25900945/,7.1,"爱情,歌舞,奇幻",4,迪士尼出品的都喜欢！,,2017-03-20 21:23:47,2017 / 美国 / 爱情 歌舞 奇幻 / 比尔·康顿 / 艾玛·沃森 丹·史蒂文斯
1140548259,王牌特工：特工学院,,https://img1.doubanio.com/view/photo/m_ratio_poster/public/p2218945060.jpg,2015-03-27(中国大陆),https://movie.douban.com/subject/24405378/,8.4,"喜剧,动作,冒险",3,感觉剧情其实很脑残？就是英伦风的服装设计感不错。,,2017-01-22 16:44:42,2014 / 英国 美国 / 喜剧 动作 冒险 / 马修·沃恩 / 塔伦·埃哲顿 科林·费尔斯
1136991124,魔弦传说,,https://img9.doubanio.com/view/photo/m_ratio_poster/public/p2411608656.jpg,2017-01-13(中国大陆),https://movie.douban.com/subject/26287884/,7.4,"动画,奇幻,冒险",3,被我老妹拉去看定格动画，反正听她的意思是拍这玩意儿很烧钱，电影是一部好电影，艺术电影。然而看半天，唯一的感受是这故事讲的都是什么鬼啊，突兀，对日本人的想象也是过度了。,,2017-01-14 21:36:16,2016 / 美国 / 动画 奇幻 冒险 / 特拉维斯·奈特 / 查理兹·塞隆 马修·麦康纳
1135515065,爱在黎明破晓前,,https://img9.doubanio.com/view/photo/m_ratio_poster/public/p2555762374.jpg,1995-01-27(美国),https://movie.douban.com/subject/1296339/,8.8,"剧情,爱情",5,这部片子让我产生了熟悉感，似乎找到了和自己相识相伴很久的朋友。大片大片的对白不仅不让人觉得琐碎、乏味，反倒越咀嚼越丰富。,,2017-01-12 13:37:16,1995 / 美国 奥地利 瑞士 / 剧情 爱情 / 理查德·林克莱特 / 伊桑·霍克 朱莉·德尔佩
1135516512,唐伯虎点秋香,,https://img9.doubanio.com/view/photo/m_ratio_poster/public/p2357915564.jpg,1993-07-01(中国香港),https://movie.douban.com/subject/1306249/,8.7,"喜剧,爱情,古装",4,,,2017-01-11 14:35:02,1993 / 中国香港 / 喜剧 爱情 古装 / 李力持 / 周星驰 巩俐
1135516261,喜剧之王,,https://img3.doubanio.com/view/photo/m_ratio_poster/public/p2579932167.jpg,1999-02-13(中国香港),https://movie.douban.com/subject/1302425/,8.8,"剧情,喜剧,爱情",4,,,2017-01-11 14:34:24,1999 / 中国香港 / 剧情 喜剧 爱情 / 周星驰 李力持 / 周星驰 张柏芝
1135516146,香水,,https://img3.doubanio.com/view/photo/m_ratio_poster/public/p2571500223.jpg,2006-09-07(德国),https://movie.douban.com/subject/1760622/,8.5,"剧情,犯罪,奇幻",5,,,2017-01-11 14:34:07,2006 / 德国 法国 西班牙 美国 比利时 / 剧情 犯罪 奇幻 / 汤姆·提克威 / 本·卫肖 艾伦·瑞克曼
1135515874,傲慢与偏见,,https://img1.doubanio.com/view/photo/m_ratio_poster/public/p2016401659.jpg,2005-09-16(英国),https://movie.douban.com/subject/1418200/,8.7,"剧情,爱情",,,,2017-01-11 14:33:27,2005 / 法国 英国 美国 / 剧情 爱情 / 乔·赖特 / 凯拉·奈特莉 马修·麦克费登
1135515793,黑天鹅,,https://img9.doubanio.com/view/photo/m_ratio_poster/public/p2549648344.jpg,2010-09-01(威尼斯电影节),https://movie.douban.com/subject/1978709/,8.6,"剧情,惊悚",4,,,2017-01-11 14:33:14,2010 / 美国 / 剧情 惊悚 / 达伦·阿伦诺夫斯基 / 娜塔莉·波特曼 米拉·库尼斯
1135515549,倩女幽魂,,https://img9.doubanio.com/view/photo/m_ratio_poster/public/p2414157745.jpg,2011-04-30(中国大陆),https://movie.douban.com/subject/1297447/,8.8,"爱情,奇幻,武侠",,,,2017-01-11 14:32:38,1987 / 中国香港 / 爱情 奇幻 武侠 古装 / 程小东 / 张国荣 王祖贤
1135515359,哈利·波特与魔法石,,https://img1.doubanio.com/view/photo/m_ratio_poster/public/p2913781448.jpg,2002-01-26(中国大陆),https://movie.douban.com/subject/1295038/,9.2,"奇幻,冒险",,,,2017-01-11 14:32:11,2001 / 美国 英国 / 奇幻 冒险 / 克里斯·哥伦布 / 丹尼尔·雷德克里夫 艾玛·沃森
1135514763,射雕英雄传之东成西就,,https://img3.doubanio.com/view/photo/m_ratio_poster/public/p2609063922.jpg,1993-02-05(中国香港),https://movie.douban.com/subject/1316510/,8.7,"喜剧,奇幻,武侠",4,,,2017-01-11 14:30:43,1993 / 中国香港 / 喜剧 奇幻 武侠 古装 / 刘镇伟 / 梁朝伟 林青霞
1022186460,本杰明·巴顿奇事,,https://img3.doubanio.com/view/photo/m_ratio_poster/public/p2192535722.jpg,2008-12-25(美国),https://movie.douban.com/subject/1485260/,9,"剧情,爱情,奇幻",4,,,2017-01-11 14:30:10,2008 / 美国 / 剧情 爱情 奇幻 / 大卫·芬奇 / 凯特·布兰切特 布拉德·皮特
1135514416,音乐之声,,https://img3.doubanio.com/view/photo/m_ratio_poster/public/p453788577.jpg,1965-03-02(美国),https://movie.douban.com/subject/1294408/,9.1,"剧情,爱情,歌舞",5,,,2017-01-11 14:29:52,1965 / 美国 / 剧情 爱情 歌舞 传记 / 罗伯特·怀斯 / 朱莉·安德鲁斯 克里斯托弗·普卢默
1135514334,剪刀手爱德华,,https://img3.doubanio.com/view/photo/m_ratio_poster/public/p480956937.jpg,1990-12-06(美国),https://movie.douban.com/subject/1292370/,8.7,"剧情,爱情,奇幻",5,,,2017-01-11 14:29:40,1990 / 美国 / 剧情 爱情 奇幻 / 蒂姆·波顿 / 约翰尼·德普 薇诺娜·瑞德
1135514212,死亡诗社,,https://img1.doubanio.com/view/photo/m_ratio_poster/public/p2575465690.jpg,1989-06-02(多伦多首映),https://movie.douban.com/subject/1291548/,9.2,剧情,5,,,2017-01-11 14:29:24,1989 / 美国 / 剧情 / 彼得·威尔 / 罗宾·威廉姆斯 罗伯特·肖恩·莱纳德
1135513756,飞屋环游记,,https://img1.doubanio.com/view/photo/m_ratio_poster/public/p2553594918.jpg,2009-08-04(中国大陆),https://movie.douban.com/subject/2129039/,9.1,"剧情,喜剧,动画",5,,,2017-01-11 14:28:18,2009 / 美国 / 剧情 喜剧 动画 冒险 / 彼特·道格特 鲍勃·彼德森 / 爱德华·阿斯纳 克里斯托弗·普卢默
1135513521,当幸福来敲门,,https://img1.doubanio.com/view/photo/m_ratio_poster/public/p1312700628.jpg,2008-01-17(中国大陆),https://movie.douban.com/subject/1849031/,9.2,"剧情,家庭,传记",4,,,2017-01-11 14:27:41,2006 / 美国 / 剧情 家庭 传记 / 加布里埃莱·穆奇诺 / 威尔·史密斯 贾登·史密斯
1135513399,放牛班的春天,,https://img1.doubanio.com/view/photo/m_ratio_poster/public/p2884280708.jpg,2004-10-16(中国大陆),https://movie.douban.com/subject/1291549/,9.3,"剧情,音乐",5,,,2017-01-11 14:27:23,2004 / 法国 瑞士 德国 / 剧情 音乐 / 克里斯托夫·巴哈蒂 / 让-巴蒂斯特·莫尼耶 热拉尔·朱尼奥
1135513306,泰坦尼克号,,https://img9.doubanio.com/view/photo/m_ratio_poster/public/p457760035.jpg,1998-04-03(中国大陆),https://movie.douban.com/subject/1292722/,9.5,"剧情,爱情,灾难",5,,,2017-01-11 14:27:10,1997 / 美国 墨西哥 / 剧情 爱情 灾难 / 詹姆斯·卡梅隆 / 莱昂纳多·迪卡普里奥 凯特·温斯莱特
1135513122,美丽人生,,https://img3.doubanio.com/view/photo/m_ratio_poster/public/p2578474613.jpg,2020-01-03(中国大陆),https://movie.douban.com/subject/1292063/,9.5,"剧情,喜剧,爱情",5,,,2017-01-11 14:26:46,1997 / 意大利 / 剧情 喜剧 爱情 战争 / 罗伯托·贝尼尼 / 罗伯托·贝尼尼 尼可莱塔·布拉斯基
1135512977,肖申克的救赎,,https://img3.doubanio.com/view/photo/m_ratio_poster/public/p480747492.jpg,1994-09-10(多伦多电影节),https://movie.douban.com/subject/1292052/,9.7,"剧情,犯罪",5,,,2017-01-11 14:26:28,1994 / 美国 / 剧情 犯罪 / 弗兰克·德拉邦特 / 蒂姆·罗宾斯 摩根·弗里曼
1135311394,阳光姐妹淘,,https://img3.doubanio.com/view/photo/m_ratio_poster/public/p1374786017.jpg,2011-05-04(韩国),https://movie.douban.com/subject/4917726/,8.8,"剧情,喜剧",4,青春片该有的样子～题外话：韩国娱乐圈竞争激烈，导致90后小姑娘都非常会演戏。😂,,2017-01-10 23:46:48,2011 / 韩国 / 剧情 喜剧 / 姜炯哲 / 沈恩敬 闵孝琳
1129723810,比海更深,,https://img3.doubanio.com/view/photo/m_ratio_poster/public/p2454274023.jpg,2016-05-18(戛纳电影节),https://movie.douban.com/subject/26694988/,8.7,"剧情,家庭",4,一场台风化解了很多东西。台风过后，归于平静，一切照旧，却让彼此之间真正结合在一起。没有高潮的故事被娓娓道来，日常生活蕴藏着大宇宙。还是有点感动。,,2017-01-08 23:57:44,2016 / 日本 / 剧情 家庭 / 是枝裕和 / 阿部宽 真木阳子
1132443728,单身日记：好孕来袭,,https://img1.doubanio.com/view/photo/m_ratio_poster/public/p2403803540.jpg,2017-01-01(中国大陆),https://movie.douban.com/subject/3868141/,7.2,"喜剧,爱情",,大噶都老了。🙈,,2017-01-05 16:06:08,2016 / 英国 美国 法国 爱尔兰 / 喜剧 爱情 / 莎伦·马奎尔 / 蕾妮·齐薇格 科林·费尔斯
1124314648,欲望号街车,,https://img1.doubanio.com/view/photo/m_ratio_poster/public/p2177784348.jpg,1951-09-18(加州首映),https://movie.douban.com/subject/1293590/,8.4,剧情,5,费雯丽演得太好太好了。那种神经质的状态，从眼神到每一个动作的拿捏，都非常到位。布兰奇那最后一点点纯洁都要被暴风骤雨般地剥夺，影片结尾却给了个出奇意料的平静：我总是依赖陌生人的善意。多少有些反讽的意味。,,2016-12-31 11:18:07,1951 / 美国 / 剧情 / 伊利亚·卡赞 / 费雯·丽 马龙·白兰度
1123788203,罗曼蒂克消亡史,,https://img1.doubanio.com/view/photo/m_ratio_poster/public/p2404553168.jpg,2016-12-16(中国大陆),https://movie.douban.com/subject/24751763/,7.7,剧情,4,这部片子的腔调我很喜欢，但要谨防过度解读。,,2016-12-20 16:00:54,2016 / 中国大陆 中国香港 / 剧情 / 程耳 / 葛优 章子怡
1123251405,血战钢锯岭,,https://img1.doubanio.com/view/photo/m_ratio_poster/public/p2398141939.jpg,2016-12-08(中国大陆),https://movie.douban.com/subject/26325320/,8.7,"剧情,传记,历史",4,一部很“主流价值观”的电影，中规中矩。战争部分好看，但说教意味还是很浓。顺便也理解了美国人为啥不愿为比利林恩埋单。,,2016-12-19 12:49:29,2016 / 澳大利亚 美国 / 剧情 传记 历史 战争 / 梅尔·吉布森 / 安德鲁·加菲尔德 萨姆·沃辛顿
1116254814,你的名字。,,https://img2.doubanio.com/view/photo/m_ratio_poster/public/p2910701461.jpg,2016-12-02(中国大陆),https://movie.douban.com/subject/26683290/,8.5,"剧情,爱情,动画",5,啊，不管看多少次这种类型的还是觉得感动依旧。,,2016-12-03 11:14:37,2016 / 日本 / 剧情 爱情 动画 / 新海诚 / 神木隆之介 上白石萌音
1113566889,神奇动物在哪里,,https://img2.doubanio.com/view/photo/m_ratio_poster/public/p2392444121.jpg,2016-11-25(中国大陆),https://movie.douban.com/subject/25726614/,7.7,"剧情,奇幻,冒险",3,并没有觉得很好看，而且我看出了环保主题？,,2016-11-26 14:56:37,2016 / 英国 美国 / 剧情 奇幻 冒险 / 大卫·叶茨 / 埃迪·雷德梅恩 凯瑟琳·沃特斯顿
1109889061,比利·林恩的中场战事,,https://img3.doubanio.com/view/photo/m_ratio_poster/public/p2391542403.jpg,2016-11-11(中国大陆),https://movie.douban.com/subject/25983044/,8.3,"剧情,战争",3,除了3D，没有机会体验其他特效，就比较关注电影的剧情本身了。我觉得这是一部没有高潮的电影，以男孩的成长线索贯穿，平淡地讲述了不同人对战争的不同理解，最后男孩学会了做出自己的决定。我个人对这部电影没太多感觉～,,2016-11-16 21:19:40,2016 / 美国 英国 中国大陆 / 剧情 战争 / 李安 / 乔·阿尔文 加内特·赫德兰
1105822543,奇异博士,,https://img9.doubanio.com/view/photo/m_ratio_poster/public/p2368783674.jpg,2016-11-04(中国大陆),https://movie.douban.com/subject/3025375/,7.6,"动作,奇幻,冒险",,斗篷实力抢戏。😃,,2016-11-05 19:40:37,2016 / 美国 / 动作 奇幻 冒险 / 斯科特·德瑞克森 / 本尼迪克特·康伯巴奇 蒂尔达·斯文顿
1105499376,中央车站,,https://img9.doubanio.com/view/photo/m_ratio_poster/public/p2239441575.jpg,1998-01-16,https://movie.douban.com/subject/1292218/,8.7,剧情,5,超感动的，不知如何用其他词语形容了。,,2016-11-04 22:00:33,1998 / 巴西 法国 / 剧情 / 沃尔特·塞勒斯 / 费尔南达·蒙特内格罗 文尼西斯·狄·奥利维拉
1103731201,驴得水,,https://img2.doubanio.com/view/photo/m_ratio_poster/public/p2393044761.jpg,2016-10-28(中国大陆),https://movie.douban.com/subject/25921812/,8.3,"剧情,喜剧",3,略显刻意，极尽夸张的表演风格，急转直下的人物性格转变，线索、场景都较为单一，更适合以话剧来呈现，以电影语言来说，就较为单薄了。尽管在内涵上想得挺深。,,2016-10-30 20:18:11,2016 / 中国大陆 / 剧情 喜剧 / 周申 刘露 / 任素汐 大力
1056857984,美国丽人,,https://img9.doubanio.com/view/photo/m_ratio_poster/public/p1309847196.jpg,1999-09-08(洛杉矶首映),https://movie.douban.com/subject/1292062/,8.5,"剧情,爱情,家庭",5,这电影真棒啊，点到为止，自行回味。每个人、每次转折都是深不可测的大海，谁又会猜到故事会发展到哪一步。「但世界这么美，不该一直生气...所有的美就像雨水一样洗涤我，让我对我这卑微愚蠢的生命，在每一刻充满感激。」,,2016-10-28 21:41:11,1999 / 美国 / 剧情 爱情 家庭 / 萨姆·门德斯 / 凯文·史派西 安妮特·贝宁
1013741378,迷魂记,,https://img9.doubanio.com/view/photo/m_ratio_poster/public/p1275162115.jpg,1958-05-09(美国),https://movie.douban.com/subject/1297294/,8.7,"爱情,悬疑,惊悚",5,这是导演在书写他自己呀！,,2016-10-22 20:30:13,1958 / 美国 / 爱情 悬疑 惊悚 / 阿尔弗雷德·希区柯克 / 詹姆斯·斯图尔特 金·诺瓦克
1097962580,黑处有什么,,https://img9.doubanio.com/view/photo/m_ratio_poster/public/p2387538436.jpg,2016-10-14(中国大陆),https://movie.douban.com/subject/26433966/,6.6,"剧情,悬疑,犯罪",3,一篇话题作文，两个主题，哪个主题都讲不好。,,2016-10-15 21:59:13,2015 / 中国大陆 / 剧情 悬疑 犯罪 / 王一淳 / 苏晓彤 郭笑
1091975824,湄公河行动,,https://img9.doubanio.com/view/photo/m_ratio_poster/public/p2380677316.jpg,2016-09-30(中国大陆),https://movie.douban.com/subject/25815034/,8,"剧情,动作,犯罪",3,真的不考虑给电影分个级吗...还有就是纯靠男人打斗撑起一部电影...😂,,2016-10-04 17:14:14,2016 / 中国大陆 中国香港 / 剧情 动作 犯罪 / 林超贤 / 张涵予 彭于晏
1090116041,追凶者也,,https://img3.doubanio.com/view/photo/m_ratio_poster/public/p2375882763.jpg,2016-09-14(中国大陆),https://movie.douban.com/subject/26284621/,7.9,"剧情,喜剧,犯罪",3,前半部分铺垫太长，差点睡着，胃口吊得不足，后半部分稍紧凑些（说好的悬疑呢，一下子就弄明白了）。总觉得导演在炫技，不论是题材还是剪辑手法，该用的都用了，但用得中规中矩，个人觉得不如《心迷宫》精彩。刘烨的云南话实在太让人出戏了。,,2016-09-27 15:21:16,2016 / 中国大陆 / 剧情 喜剧 犯罪 / 曹保平 / 刘烨 张译
1089793612,七月与安生,,https://img3.doubanio.com/view/photo/m_ratio_poster/public/p2378140502.jpg,2016-09-14(中国大陆),https://movie.douban.com/subject/25827935/,7.5,"剧情,爱情",4,真好看啊！喜欢周冬雨～,,2016-09-26 17:19:22,2016 / 中国大陆 中国香港 / 剧情 爱情 / 曾国祥 / 周冬雨 马思纯
1083557189,咖啡公社,,https://img3.doubanio.com/view/photo/m_ratio_poster/public/p2365870567.jpg,2016-05-11(戛纳电影节),https://movie.douban.com/subject/26340522/,7.2,"剧情,喜剧,爱情",3,看的生肉。🙂,,2016-09-17 18:16:27,2016 / 美国 / 剧情 喜剧 爱情 / 伍迪·艾伦 / 杰西·艾森伯格 克里斯汀·斯图尔特
1085132528,釜山行,,https://img1.doubanio.com/view/photo/m_ratio_poster/public/p2360940399.jpg,2016-05-13(戛纳电影节),https://movie.douban.com/subject/25986180/,8.6,"动作,惊悚,灾难",4,和《雪国列车》类似，留到最后的人类必有儿童。在整体悲剧的基调下，或许留下一枚重生的火种吧。,,2016-09-15 19:28:29,2016 / 韩国 / 动作 惊悚 灾难 / 延尚昊 / 孔刘 郑裕美
1083579111,隧道,,https://img2.doubanio.com/view/photo/m_ratio_poster/public/p2358109451.jpg,2016-08-10(韩国),https://movie.douban.com/subject/26410594/,7.9,剧情,4,的确，韩国电影的惯例在这部片子里很明显：影射政府，官僚对“人”的漠视，媒体对“人”的忽视。人物设置十分扁平化，大善大恶。然而，影片中被放大的部分有时比真实还要真实百倍。比如我常常不敢置信网友的语言暴力，但生活的一幕幕确实发生了。所以，更别提在极端情境下人会迸发怎样的恶了。,,2016-09-11 19:48:00,2016 / 韩国 / 剧情 / 金成勋 / 河正宇 裴斗娜
1083201653,小姐,,https://img9.doubanio.com/view/photo/m_ratio_poster/public/p2355555424.jpg,2016-05-14(戛纳电影节),https://movie.douban.com/subject/25977027/,8.5,"剧情,悬疑,情色",4,我觉得挺好看的...啊，整部电影有种艺术的美、商业的美...最后金敏喜真美啊...,,2016-09-10 20:23:43,2016 / 韩国 / 剧情 悬疑 情色 同性 / 朴赞郁 / 金敏喜 金泰梨
1037360404,一次别离,,https://img9.doubanio.com/view/photo/m_ratio_poster/public/p2189835254.jpg,2012-11-13(中国大陆),https://movie.douban.com/subject/5964718/,8.8,"剧情,家庭",5,情节设置十分精巧，把几位主要人物的道德、信仰困境完完全全地串联起来，有思考、有深度的电影。,,2016-08-21 21:30:04,2011 / 伊朗 法国 / 剧情 家庭 / 阿斯加·法哈蒂 / 佩曼·莫阿迪 蕾拉·哈塔米
1061613930,完美陌生人,,https://img9.doubanio.com/view/photo/m_ratio_poster/public/p2522331945.jpg,2018-05-25(中国大陆),https://movie.douban.com/subject/26614893/,8.5,"剧情,喜剧",2,好难看啊。。。,,2016-08-14 19:43:43,2016 / 意大利 / 剧情 喜剧 / 保罗·杰诺维塞 / 马可·贾利尼 卡夏·斯穆特尼亚克
1070202670,爱宠大机密,,https://img9.doubanio.com/view/photo/m_ratio_poster/public/p2363369616.jpg,2016-08-02(中国大陆),https://movie.douban.com/subject/21817627/,7.8,"喜剧,动画",5,喜欢。🤗,,2016-08-05 20:24:51,2016 / 美国 / 喜剧 动画 / 克里斯·雷纳德 亚罗·切尼 / 路易·C·K 艾瑞克·斯通斯崔特
1063555810,惊天大逆转,,https://img9.doubanio.com/view/photo/m_ratio_poster/public/p2363070684.jpg,2016-07-15(中国大陆),https://movie.douban.com/subject/26375609/,6.9,"剧情,悬疑,犯罪",,我叔的电影～无条件资瓷我叔！👏🏿,,2016-07-18 22:22:41,2016 / 中国大陆 / 剧情 悬疑 犯罪 / 李骏 / 钟汉良 李政宰
1062345054,路边野餐,,https://img9.doubanio.com/view/photo/m_ratio_poster/public/p2366570716.jpg,2016-07-15(中国大陆),https://movie.douban.com/subject/26337866/,8,剧情,3,抱着很高的期待去的，最终略失望吧。很费劲地要盯着长镜头、盯着字幕仔细看，每一字每一句，还要把玩导演的意图，有点累。,,2016-07-15 19:20:08,2015 / 中国大陆 / 剧情 / 毕赣 / 陈永忠 谢理循
1061614309,初恋这首情歌,,https://img1.doubanio.com/view/photo/m_ratio_poster/public/p2615284298.jpg,2020-08-07(中国大陆),https://movie.douban.com/subject/25855071/,8.2,"剧情,爱情,音乐",4,其实这部片子里的歌还是蛮好听的，男主角的嗓音中气很足。但把sing street这个片名翻译成“初恋这首情歌”我有点小小的意见。,,2016-07-14 18:33:53,2016 / 爱尔兰 英国 美国 / 剧情 爱情 音乐 / 约翰·卡尼 / 福迪亚·瓦尔什-匹罗 露西·宝通
1057540577,浪潮,,https://img3.doubanio.com/view/photo/m_ratio_poster/public/p1344888983.jpg,2008-03-13(德国),https://movie.douban.com/subject/2297265/,8.7,"剧情,惊悚",3,母题好，然而影片自身表现力不够，始终觉得群戏有如过家家，削弱了本应有的震撼与反思。,,2016-07-12 16:46:40,2008 / 德国 / 剧情 惊悚 / 丹尼斯·甘塞尔 / 于尔根·福格尔 弗雷德里克·劳
1060477359,开罗紫玫瑰,,https://img9.doubanio.com/view/photo/m_ratio_poster/public/p2218755965.jpg,1985-03-01,https://movie.douban.com/subject/1292994/,8.8,"喜剧,爱情,奇幻",4,“现实的人希望他们的生活像小说那样，而虚构的人却希望自己过上现实的生活。”虽然是喜剧片，却无不充满着悲观的论调，自始至终，一阵阵的虚无感贯穿着。,,2016-07-10 15:15:19,1985 / 美国 / 喜剧 爱情 奇幻 / 伍迪·艾伦 / 米娅·法罗 杰夫·丹尼尔斯
1060202328,卡萨布兰卡,,https://img9.doubanio.com/view/photo/m_ratio_poster/public/p1244791866.jpg,1943-07-07(中国大陆),https://movie.douban.com/subject/1296753/,8.7,"剧情,爱情,战争",4,一个关于爱、不幸和牺牲的故事，所有角色都处在这三种元素的动态纠葛当中。用艾柯的话来说便是“俗不可耐到了极点就会透出伟大崇高，有一种什么东西会出来替导演说话”。,,2016-07-09 21:30:27,1942 / 美国 / 剧情 爱情 战争 / 迈克尔·柯蒂兹 / 亨弗莱·鲍嘉 英格丽·褒曼
1059397501,独立日2：卷土重来,,https://img3.doubanio.com/view/photo/m_ratio_poster/public/p2362976267.jpg,2016-06-24(中国大陆),https://movie.douban.com/subject/4811813/,5.7,"动作,科幻,冒险",2,免费的机会看了4D的，全程像坐过山车，还有无数次被喷一脸水，被捶背，这么烂的片子，想睡都睡不着。🙃,,2016-07-07 18:35:27,2016 / 美国 / 动作 科幻 冒险 / 罗兰·艾默里奇 / 利亚姆·海姆斯沃斯 杰夫·高布伦
1056739428,镜子,,https://img3.doubanio.com/view/photo/m_ratio_poster/public/p2327630533.jpg,1975-03-07(苏联),https://movie.douban.com/subject/1299248/,9,"剧情,传记,历史",,嗯，这是一部导演拍给自己看的电影。我大概只体味到了配乐史诗般的气质，其他的记忆碎片，我就不太懂了。有些作品，可能的确需要阐释。,1975,2016-06-29 22:42:00,1975 / 苏联 / 剧情 传记 历史 战争 / 安德烈·塔可夫斯基 / 玛格丽特·捷列霍娃 因诺肯季·斯莫克图诺夫斯基
1013742259,街角的商店,,https://img1.doubanio.com/view/photo/m_ratio_poster/public/p1362848748.jpg,1940-01-10(美国),https://movie.douban.com/subject/1299166/,8.7,"剧情,喜剧,爱情",4,剧情紧凑，没有一丝丝多余的镜头，观众都知道事实，就看着jimmy怎么把真相给戳破～,,2016-06-26 17:23:54,1940 / 美国 / 剧情 喜剧 爱情 / 恩斯特·刘别谦 / 玛格里特·苏利文 詹姆斯·斯图尔特
1054968167,呼喊与细语,,https://img1.doubanio.com/view/photo/m_ratio_poster/public/p2183935299.jpg,1972-12-21(瑞典),https://movie.douban.com/subject/1296147/,8.5,"剧情,爱情",,太痛苦了，发自灵魂的苦。,,2016-06-24 19:42:19,1972 / 瑞典 / 剧情 爱情 / 英格玛·伯格曼 / 哈里特·安德森 卡莉·西尔万
1013741283,惊魂记,,https://img9.doubanio.com/view/photo/m_ratio_poster/public/p1021883305.jpg,1960-06-16(纽约首映),https://movie.douban.com/subject/1293181/,9,"悬疑,惊悚,恐怖",5,似乎找到了一系列人格分裂电影的太上皇，你会发现，之后的这类电影几乎都是老调重弹，比如《Identity》、《Primal Fear》。另，希区柯克的电影简直是向弗洛伊德致敬。,,2016-05-29 14:40:03,1960 / 美国 / 悬疑 惊悚 恐怖 / 阿尔弗雷德·希区柯克 / 安东尼·博金斯 维拉·迈尔斯
1028682207,查令十字街84号,,https://img3.doubanio.com/view/photo/m_ratio_poster/public/p1188142682.jpg,1987-02-13(美国),https://movie.douban.com/subject/1299481/,8.7,"剧情,爱情,传记",,和《解忧杂货铺》一样的温馨感人。以书信“神”交，彼此间留有遗憾是最好的结局。不太倾向落脚为“爱情”，觉得那便窄化了Helene和书店店员们的关系。个人认为，书面的表达或许比电影拥有更多想象空间～,,2016-05-28 22:45:43,1987 / 英国 美国 / 剧情 爱情 传记 / 大卫·休·琼斯 / 安妮·班克罗夫特 安东尼·霍普金斯
1034245863,天窗,,https://img3.doubanio.com/view/photo/m_ratio_poster/public/p2196752127.jpg,2014-07-17(英国),https://movie.douban.com/subject/25964104/,9.1,"剧情,戏曲",5,这个剧本写得真好。在一个封闭的小空间内，在Kyra和Tom密集的对白中，我的价值观不断地冲撞着，最大快人心的一段莫过于下半场Kyra博得满堂喝彩的时刻，因其激起的是观众的共鸣，也有我的共鸣。Edward在一头一尾的出现起到了一个节拍器的作用，在收场时还能带给观众温暖的感觉。,,2016-05-22 21:32:32,2014 / 英国 / 剧情 戏曲 / 史蒂芬·戴德利 罗宾·洛 / 凯瑞·穆里根 比尔·奈伊
1042647080,观看之道,,https://img9.doubanio.com/view/photo/m_ratio_poster/public/p2373257674.jpg,1972,https://movie.douban.com/subject/3590873/,9.2,纪录片,3,偶觉得，干货略少。,,2016-05-17 23:41:46,1972 / 英国 / 纪录片 / 约翰·伯格 / 约翰·伯格
1013228343,四百击,,https://img3.doubanio.com/view/photo/m_ratio_poster/public/p2191743027.jpg,1959-05-04(戛纳电影节),https://movie.douban.com/subject/1300056/,8.9,"剧情,犯罪",5,新浪潮电影代表作～特吕弗仿佛很真心地讲述自己童年的不良记忆，还略带点趣味性。虽然我不是安东尼，但我完全理解他。,,2016-05-14 23:37:31,1959 / 法国 / 剧情 犯罪 / 弗朗索瓦·特吕弗 / 让-皮埃尔·利奥德 克莱尔·莫里耶
1040671457,蓝白红三部曲之蓝,,https://img9.doubanio.com/view/photo/m_ratio_poster/public/p1978408096.jpg,1993-09-08(法国),https://movie.douban.com/subject/1292048/,8.5,"剧情,爱情,音乐",,原来“蓝色”意指“自由”。全片都围绕着导演对“自由”与“束缚”、“逃离”与“囚禁”、“背叛”与“和解”的这几组名词的哲思。值得玩味的视觉表达，反高潮的叙事特点，极少的对白......这些镜头语言的意味都好深。另，我仿佛在观看朱丽叶·比诺什一人的盛典，她太有灵气了。,,2016-05-12 00:21:27,1993 / 法国 波兰 瑞士 / 剧情 爱情 音乐 / 克日什托夫·基耶斯洛夫斯基 / 朱丽叶·比诺什 贝努特·里格恩特
1037936048,出租车司机,,https://img3.doubanio.com/view/photo/m_ratio_poster/public/p792510233.jpg,1976-02-08(美国),https://movie.douban.com/subject/1292222/,8.6,"剧情,犯罪",4,,,2016-05-07 14:04:58,1976 / 美国 / 剧情 犯罪 / 马丁·斯科塞斯 / 罗伯特·德尼罗 朱迪·福斯特
1036962201,小鞋子,,https://img9.doubanio.com/view/photo/m_ratio_poster/public/p2165511465.jpg,1997-02-01(曙光旬国际电影节),https://movie.douban.com/subject/1303021/,9.2,"剧情,家庭,儿童",5,太有人情味了，结尾收得漂亮极了。,,2016-05-01 12:32:01,1997 / 伊朗 / 剧情 家庭 儿童 / 马基德·马基迪 / 默罕默德·阿米尔·纳吉 法拉赫阿米尔·哈什米安
1037013921,后窗,,https://img2.doubanio.com/view/photo/m_ratio_poster/public/p998913501.jpg,1954-08-01(美国),https://movie.douban.com/subject/1299080/,8.7,"悬疑,惊悚",,"这部电影好神奇啊，我初看没感觉，再看就觉得它太适合写影视鉴赏了，故删除昨天的评分，重评：1.“画框中的画框”2.视点3.蒙太奇||4.意识与潜意识、窥视中的伦理困境5.镜像阶段理论、观众的分裂......",,2016-04-30 20:59:58,1954 / 美国 / 悬疑 惊悚 / 阿尔弗雷德·希区柯克 / 詹姆斯·斯图尔特 格蕾丝·凯利
1035892973,彗星来的那一夜,,https://img9.doubanio.com/view/photo/m_ratio_poster/public/p2187896734.jpg,2013-09-19(奇幻电影节),https://movie.douban.com/subject/25807345/,8.6,"科幻,悬疑,惊悚",3,,,2016-04-27 00:48:49,2013 / 美国 英国 / 科幻 悬疑 惊悚 / 詹姆斯·沃德·布柯特 / 艾米丽·芭尔多尼 莫瑞·史特林
1033563090,末路狂花,,https://img9.doubanio.com/view/photo/m_ratio_poster/public/p1910924635.jpg,1991-05-24(美国),https://movie.douban.com/subject/1291992/,9,"剧情,惊悚,犯罪",5,看完真解气啊。当我责怪Thelma愚蠢的时候，却没有她愚蠢的勇气。,,2016-04-22 18:13:52,1991 / 美国 英国 法国 / 剧情 惊悚 犯罪 / 雷德利·斯科特 / 吉娜·戴维斯 苏珊·萨兰登
1032869909,鬼乡,,https://img9.doubanio.com/view/photo/m_ratio_poster/public/p2226663805.jpg,2016-02-24(韩国),https://movie.douban.com/subject/26322928/,7.5,剧情,,导演创业艰辛，一路走来实属不易。以一般的标准来说，片子的整体完成度并不高，但何妨？这段属于“东亚共同体”的创伤记忆，该被不断地提起（这或许很残忍），惟有如此，人们才不敢轻易地辜负和平。,,2016-04-18 00:11:01,2016 / 韩国 / 剧情 / 赵正莱 / 姜荷娜 崔莉
1005533133,爆裂鼓手,,https://img1.doubanio.com/view/photo/m_ratio_poster/public/p2915975989.jpg,2024-12-06(中国大陆),https://movie.douban.com/subject/25773932/,8.6,"剧情,音乐",4,场景单调，情节简单，节奏却很棒。双男主的飙戏太精彩了吧。（爵士乐不错,,2016-04-11 00:35:11,2014 / 美国 / 剧情 音乐 / 达米恩·查泽雷 / 迈尔斯·特勒 J·K·西蒙斯
1028231105,招魂,,https://img3.doubanio.com/view/photo/m_ratio_poster/public/p1936517673.jpg,2013-06-08(马德里奇幻电影节),https://movie.douban.com/subject/3804629/,8.1,"悬疑,惊悚,恐怖",3,,,2016-04-04 18:07:58,2013 / 美国 / 悬疑 惊悚 恐怖 / 温子仁 / 维拉·法米加 帕特里克·威尔森
1027554893,致命ID,,https://img9.doubanio.com/view/photo/m_ratio_poster/public/p2558364386.jpg,2003-04-25(美国),https://movie.douban.com/subject/1297192/,8.9,"剧情,悬疑,惊悚",3,人格分裂的题材，好难出新哦。,,2016-04-02 22:49:21,2003 / 美国 / 剧情 悬疑 惊悚 / 詹姆斯·曼高德 / 约翰·库萨克 雷·利奥塔
1027480123,我的特工爷爷,,https://img3.doubanio.com/view/photo/m_ratio_poster/public/p2325687277.jpg,2016-04-01(中国大陆),https://movie.douban.com/subject/25945280/,5.6,"剧情,动作,冒险",1,秘制尴尬。。。,,2016-04-02 19:57:50,2016 / 中国香港 中国大陆 / 剧情 动作 冒险 / 洪金宝 / 洪金宝 刘德华
1006374973,荒野猎人,,https://img2.doubanio.com/view/photo/m_ratio_poster/public/p2279945831.jpg,2016-03-18(中国大陆),https://movie.douban.com/subject/5327268/,8,"剧情,动作,冒险",3,人脸基本除了狰狞还是狰狞。不敢相信这部片子还有着丰沃的现实土壤（人性在最糟糕的环境中被无限放大了）。配乐、自然的鬼斧神工与奇瑰的配合太好了。一片苍茫。,,2016-03-30 19:31:59,2015 / 美国 中国香港 中国台湾 / 剧情 动作 冒险 / 亚利桑德罗·冈萨雷斯·伊纳里多 / 莱昂纳多·迪卡普里奥 汤姆·哈迪
1013741328,电话谋杀案,,https://img3.doubanio.com/view/photo/m_ratio_poster/public/p1205111193.jpg,1954-05-29(美国),https://movie.douban.com/subject/1301231/,8.9,"悬疑,惊悚,犯罪",,看困了=_=,,2016-03-27 19:57:19,1954 / 美国 / 悬疑 惊悚 犯罪 / 阿尔弗雷德·希区柯克 / 雷·米兰德 格蕾丝·凯利
1021318799,坠入,,https://img2.doubanio.com/view/photo/m_ratio_poster/public/p2493007551.jpg,2006-09-09(多伦多电影节),https://movie.douban.com/subject/1890572/,8.8,"剧情,喜剧,奇幻",4,喜欢这个故事里的童话。,,2016-03-16 19:17:10,2006 / 美国 南非 印度 / 剧情 喜剧 奇幻 冒险 / 塔西姆·辛 / 凯婷卡·安塔鲁 贾斯蒂恩·瓦戴尔
1021286215,驯龙高手2,,https://img3.doubanio.com/view/photo/m_ratio_poster/public/p2192713707.jpg,2014-08-14(中国大陆),https://movie.douban.com/subject/4824512/,8.1,"动画,奇幻,冒险",,,,2016-03-14 21:12:01,2014 / 美国 / 动画 奇幻 冒险 / 迪恩·德布洛斯 / 杰伊·巴鲁切尔 凯特·布兰切特
1021099102,飞越疯人院,,https://img3.doubanio.com/view/photo/m_ratio_poster/public/p792238287.jpg,1975-11-19(美国),https://movie.douban.com/subject/1292224/,9.1,剧情,5,还是猜到了结局。,,2016-03-14 10:22:56,1975 / 美国 / 剧情 / 米洛斯·福尔曼 / 杰克·尼科尔森 丹尼·德维托
1020552234,疯狂动物城,,https://img2.doubanio.com/view/photo/m_ratio_poster/public/p2323981221.jpg,2016-03-04(中国大陆),https://movie.douban.com/subject/25662329/,9.2,"喜剧,动画,冒险",5,在嘻嘻哈哈中度过一段好时光呀，本能地抗拒看动画的我却在影院里看了好多迪士尼系列的。,,2016-03-12 21:32:59,2016 / 美国 / 喜剧 动画 冒险 / 拜伦·霍华德 瑞奇·摩尔 杰拉德·布什 / 金妮弗·古德温 杰森·贝特曼
1020366067,怦然心动,,https://img1.doubanio.com/view/photo/m_ratio_poster/public/p501177648.jpg,2010-07-26(好莱坞首映),https://movie.douban.com/subject/3319755/,9.1,"剧情,喜剧,爱情",5,五星好评。,,2016-03-12 12:34:03,2010 / 美国 / 剧情 喜剧 爱情 / 罗伯·莱纳 / 玛德琳·卡罗尔 卡兰·麦克奥利菲
1020363371,这个杀手不太冷,,https://img9.doubanio.com/view/photo/m_ratio_poster/public/p2913554676.jpg,2024-11-01(中国大陆),https://movie.douban.com/subject/1295644/,9.4,"剧情,动作,犯罪",4,,,2016-03-12 12:24:40,1994 / 法国 美国 / 剧情 动作 犯罪 / 吕克·贝松 / 让·雷诺 娜塔莉·波特曼
1020362811,贫民窟的百万富翁,,https://img1.doubanio.com/view/photo/m_ratio_poster/public/p2434249040.jpg,2009-03-26(中国大陆),https://movie.douban.com/subject/2209573/,8.6,"剧情,爱情",,,,2016-03-12 12:22:43,2008 / 英国 / 剧情 爱情 / 丹尼·博伊尔 洛芙琳·坦丹 / 戴夫·帕特尔 沙鲁巴·舒克拉
1020361956,驯龙高手,,https://img9.doubanio.com/view/photo/m_ratio_poster/public/p2210954024.jpg,2010-05-14(中国大陆),https://movie.douban.com/subject/2353023/,8.8,"动画,奇幻,冒险",4,,,2016-03-12 12:19:44,2010 / 美国 / 动画 奇幻 冒险 / 迪恩·德布洛斯 克里斯·桑德斯 / 杰伊·巴鲁切尔 杰拉德·巴特勒
1020277216,午夜巴黎,,https://img1.doubanio.com/view/photo/m_ratio_poster/public/p944234798.jpg,2011-05-11(法国),https://movie.douban.com/subject/4319218/,8.3,"剧情,爱情,奇幻",4,总以为生活在别处有别处的好，而此处其实也不赖。,,2016-03-12 00:41:03,2011 / 西班牙 美国 法国 / 剧情 爱情 奇幻 / 伍迪·艾伦 / 欧文·威尔逊 玛丽昂·歌迪亚
1007227257,两杆大烟枪,,https://img1.doubanio.com/view/photo/m_ratio_poster/public/p792443418.jpg,1998-08-28(英国),https://movie.douban.com/subject/1293350/,9.1,"剧情,喜剧,犯罪",4,无巧不成书。盘点弹幕关键词，出现频率最高的是哈哈哈哈哈哈哈哈，其次是233333333，再次是bgm好燃之类的措辞。这电影的节奏真的好棒啊，bgm满分，台词满分！,,2016-03-11 00:49:20,1998 / 英国 / 剧情 喜剧 犯罪 / 盖·里奇 / 杰森·弗莱明 德克斯特·弗莱彻
1018905561,沉静如海,,https://img1.doubanio.com/view/photo/m_ratio_poster/public/p541622159.jpg,2004-10-25(法国),https://movie.douban.com/subject/1769507/,9.1,"剧情,爱情,战争",5,好电影！想吐露太多，还是先缄口为好。,,2016-03-07 19:45:58,2004 / 法国 比利时 / 剧情 爱情 战争 / 皮埃尔·布特龙 / 朱莉·德拉姆 米歇尔·加拉布吕
1017207987,朗读者,,https://img1.doubanio.com/view/photo/m_ratio_poster/public/p1140984198.jpg,2008-12-10(纽约首映),https://movie.douban.com/subject/2213597/,8.6,"剧情,爱情",3,3.5星。这部片子总体完成度较高，但总觉得缺点什么，想哭哭不出。从主观感受来说，少年米夏的朗读部分没有灵气；从情节上讲，汉娜死后成年米夏和犹太女儿的交谈一幕，镜头在俩人的面部特写中的切换呆板。,,2016-03-07 09:36:52,2008 / 美国 德国 / 剧情 爱情 / 史蒂芬·戴德利 / 凯特·温斯莱特 大卫·克劳斯
1017748145,傲慢与偏见,,https://img1.doubanio.com/view/photo/m_ratio_poster/public/p2184360268.jpg,1995-09-24(英国),https://movie.douban.com/subject/1301174/,9.3,"剧情,爱情",,colin版本的darcy目光如炬，倒还是挺克制的。,,2016-03-04 14:06:04,1995 / 英国 / 剧情 爱情 / 西蒙·兰顿 / 科林·费尔斯 詹妮弗·艾莉
1017129517,BJ单身日记2：理性边缘,,https://img3.doubanio.com/view/photo/m_ratio_poster/public/p480940107.jpg,2004-11-12(美国),https://movie.douban.com/subject/1308819/,7.3,"喜剧,爱情",,不管脑洞、逻辑和脱离现实，看看傻妞的爱情，我的心情也很好呀，renee可爱！,,2016-03-02 13:11:12,2004 / 英国 法国 德国 爱尔兰 美国 / 喜剧 爱情 / 比班·基德龙 / 蕾妮·齐薇格 科林·费尔斯
1016699471,BJ单身日记,,https://img3.doubanio.com/view/photo/m_ratio_poster/public/p480932737.jpg,2001-04-04(英国),https://movie.douban.com/subject/1304585/,7.5,"喜剧,爱情",,满心欢喜地以为适合单身观看，结果可想而知。劝告：太理智真的是谈不了恋爱的哟，尤其是看久了colin和hugh，这种独身感更强烈了。,,2016-03-01 00:01:23,2001 / 英国 法国 美国 爱尔兰 / 喜剧 爱情 / 莎伦·马奎尔 / 蕾妮·齐薇格 科林·费尔斯
1015024253,芝加哥,,https://img3.doubanio.com/view/photo/m_ratio_poster/public/p2454020352.jpg,2002-12-27(美国),https://movie.douban.com/subject/1307697/,8.9,"喜剧,歌舞,犯罪",5,故事荒诞，反讽，但一切都发生在chicago。剪辑（镜头的切换和连贯性）、布景（舞台和现实）、舞蹈、音乐都太棒啦，很魔性的一部犯罪题材的音乐剧。另，监狱tango那一段我最爱了，情不自禁地打起节奏！,,2016-02-29 00:00:30,2002 / 美国 德国 / 喜剧 歌舞 犯罪 / 罗伯·马歇尔 / 泰雅·迪格斯 凯瑟琳·泽塔-琼斯
1014329884,搏击俱乐部,,https://img3.doubanio.com/view/photo/m_ratio_poster/public/p1910931622.jpg,1999-09-10(威尼斯电影节),https://movie.douban.com/subject/1292000/,9,"剧情,动作,悬疑",5,牛逼的好电影。我看到了自己。,,2016-02-27 00:42:36,1999 / 美国 / 剧情 动作 悬疑 惊悚 / 大卫·芬奇 / 爱德华·诺顿 布拉德·皮特
1015021904,漂亮女人,,https://img1.doubanio.com/view/photo/m_ratio_poster/public/p2205839719.jpg,1990-03-23(美国),https://movie.douban.com/subject/1293825/,8,"喜剧,爱情",3,李察·基尔原来如此耐看，人老也有老的感觉，这则故事告诉我们：世风日下，亘古不变的真理是有颜才可以任性。,,2016-02-25 00:41:15,1990 / 美国 / 喜剧 爱情 / 盖瑞·马歇尔 / 理查·基尔 朱莉娅·罗伯茨
1014677407,一级恐惧,,https://img3.doubanio.com/view/photo/m_ratio_poster/public/p1150407027.jpg,1996-04-03(美国),https://movie.douban.com/subject/1296217/,8.5,"剧情,悬疑,犯罪",4,要是没有结局的反转，这片子便十分普通了。和前两天看的《控方证人》很像，当你尝试去相信而动了恻隐之心时，你已经被骗了。糯顿完全被自己遥控，“攻守”切换自如，这演技简直要命。,,2016-02-24 00:20:28,1996 / 美国 / 剧情 悬疑 犯罪 / 格里高利·霍布里特 / 理查·基尔 爱德华·诺顿
1007226720,控方证人,,https://img2.doubanio.com/view/photo/m_ratio_poster/public/p2911817201.jpg,1957-12-17(美国),https://movie.douban.com/subject/1296141/,9.6,"剧情,悬疑,惊悚",5,爵士和护士的夫妻档好萌，爵士夸张而犀利的人物性格，就像侦探波洛！剧情千转百回，控方和爵士的庭上对决棒极了。片尾又生动诠释了阿婆的风格——关照人性。Christine为丈夫“牺牲”，换来的不过是Vole的背叛...所以“she excuted him”，也算是为爵士的失误雪耻了。,,2016-02-21 10:56:03,1957 / 美国 / 剧情 悬疑 惊悚 犯罪 / 比利·怀尔德 / 泰隆·鲍华 玛琳·黛德丽
1007226111,致命魔术,,https://img9.doubanio.com/view/photo/m_ratio_poster/public/p480383375.jpg,2006-10-17(罗马电影节),https://movie.douban.com/subject/1780330/,8.9,"剧情,悬疑,惊悚",4,看得有点懵逼。诺兰这样很容易筛选受众，不带脑子的一律禁止观影。😂😂😂,,2016-02-19 23:16:13,2006 / 英国 美国 / 剧情 悬疑 惊悚 / 克里斯托弗·诺兰 / 休·杰克曼 克里斯蒂安·贝尔
1012770800,冰雪奇缘,,https://img3.doubanio.com/view/photo/m_ratio_poster/public/p2151245053.jpg,2014-02-05(中国大陆),https://movie.douban.com/subject/4202982/,8.5,"喜剧,动画,歌舞",4,老少咸宜！,,2016-02-18 21:13:10,2013 / 美国 / 喜剧 动画 歌舞 奇幻 / 克里斯·巴克 珍妮弗·李 / 克里斯汀·贝尔 伊迪娜·门泽尔
1012767795,恐怖游轮,,https://img9.doubanio.com/view/photo/m_ratio_poster/public/p462470694.jpg,2009-10-16(英国),https://movie.douban.com/subject/3011051/,8.5,"剧情,悬疑,惊悚",4,无限循环，走不出的悲剧。,,2016-02-18 21:05:33,2009 / 英国 澳大利亚 / 剧情 悬疑 惊悚 / 克里斯托弗·史密斯 / 梅利莎·乔治 利亚姆·海姆斯沃斯
1012767481,搜索,,https://img1.doubanio.com/view/photo/m_ratio_poster/public/p1598153958.jpg,2012-07-06(中国大陆),https://movie.douban.com/subject/6799191/,7.4,"剧情,悬疑",3,N久之前看过的算吗？女神毫无演技也不是一天两天的事情了。,,2016-02-18 21:04:47,2012 / 中国大陆 / 剧情 悬疑 / 陈凯歌 / 高圆圆 姚晨
1012356310,丹麦女孩,,https://img1.doubanio.com/view/photo/m_ratio_poster/public/p2264778990.jpg,2015-09-05(威尼斯电影节),https://movie.douban.com/subject/3071604/,8.3,"剧情,爱情,同性",3,这部片子在题材上讨巧、引入注目，但我认为形式大于实质，取景确实美，然而内容空洞、叙事平平、情绪渲染不够，看得我没有一点感动。比如，Lili和Enrik的情感线过于生硬，Hans的出现也莫名其妙。,,2016-02-17 19:12:39,2015 / 英国 美国 比利时 丹麦 德国 / 剧情 爱情 同性 传记 / 汤姆·霍伯 / 埃迪·雷德梅恩 艾丽西亚·维坎德
1007228070,追随,,https://img2.doubanio.com/view/photo/m_ratio_poster/public/p2561545031.jpg,1998-04-24(旧金山电影节),https://movie.douban.com/subject/1397546/,8.9,"悬疑,惊悚,犯罪",5,诺兰用16mm胶片和非线性叙事讲述了一个十分完整的故事，不断地疑惑、解惑，把观众的胃口吊足了。,,2016-02-16 13:28:11,1998 / 英国 / 悬疑 惊悚 犯罪 / 克里斯托弗·诺兰 / 杰里米·西奥伯德 亚历克斯·霍
1011785551,野兽男孩,,https://img3.doubanio.com/view/photo/m_ratio_poster/public/p606168733.jpg,2011-03-04(美国),https://movie.douban.com/subject/3182856/,5.8,"剧情,爱情,奇幻",1,太难看了！！！🌚🌚🌚,,2016-02-16 12:00:11,2011 / 美国 / 剧情 爱情 奇幻 / 丹尼尔·巴尔兹 / 凡妮莎·哈金斯 亚历克斯·帕蒂弗
1010567369,他是龙,,https://img2.doubanio.com/view/photo/m_ratio_poster/public/p2374045871.jpg,2016-08-19(中国大陆),https://movie.douban.com/subject/26726098/,7.6,"爱情,奇幻,冒险",3,非常纯洁的一部小言情剧，不好看但也有看点：脸、布景。背景音乐不错。,,2016-02-13 15:00:34,2015 / 俄罗斯 / 爱情 奇幻 冒险 / 英达尔·珍杜巴耶夫 / 马特维·雷科夫 玛利亚·波叶扎耶娃
1010239449,战争与和平,,https://img1.doubanio.com/view/photo/m_ratio_poster/public/p2290728429.jpg,2016-01-03(英国),https://movie.douban.com/subject/26291803/,8.4,"剧情,爱情,历史",,呼，终于刷完啦！打算再去看看谢尔盖·邦达尔丘克的版本（估计又是6个多小时的大电影），不过目前就我的感觉来说，BBC这一版本还不错，精致、大气。另，《战争与和平》真是一部好书。,,2016-02-12 18:39:50,2016 / 美国 英国 / 剧情 爱情 历史 战争 / 汤姆·哈伯 / 保罗·达诺 莉莉·詹姆斯
1009334109,美人鱼,,https://img1.doubanio.com/view/photo/m_ratio_poster/public/p2316177058.jpg,2016-02-08(中国大陆),https://movie.douban.com/subject/19944106/,6.7,"喜剧,爱情,奇幻",3,吴亦凡出现了，后排的观众大喊：鹿晗。。。,,2016-02-10 15:10:27,2016 / 中国大陆 中国香港 / 喜剧 爱情 奇幻 / 周星驰 / 邓超 罗志祥
1006375259,卡罗尔,,https://img9.doubanio.com/view/photo/m_ratio_poster/public/p2312679154.jpg,2015-05-17(戛纳电影节),https://movie.douban.com/subject/10757577/,8.4,"剧情,爱情,同性",3,看睡着了，对她们的爱情观无感，从而深深地感觉到自己是个大直男？不过，Therese太美貌了，她的脸浮现在车窗前就是一幅画，导演一定是偏心了，这种场景给她安排了好几次- -,,2016-02-09 00:39:47,2015 / 英国 美国 / 剧情 爱情 同性 / 托德·海因斯 / 凯特·布兰切特 鲁妮·玛拉
1007227612,钢琴家,,https://img2.doubanio.com/view/photo/m_ratio_poster/public/p1381339291.jpg,2002-05-24(戛纳电影节),https://movie.douban.com/subject/1296736/,9.3,"剧情,音乐,传记",5,在灾难前，高贵的灵魂也会失掉体面。这是一部根据Szpilman自传改编的剧情片，AB把钢琴家的陷落与复活演得真切。高潮落在了影片最后的半个小时里：德国军官的出现为沉闷、冗长的电影加分，令人感念。肖邦的乐曲，浪漫之余又怀有一丝朴素，反战真是一个朴素却又非常伟大的愿望。,,2016-02-06 23:00:56,2002 / 英国 法国 波兰 德国 美国 / 剧情 音乐 传记 战争 / 罗曼·波兰斯基 / 阿德里安·布罗迪 托马斯·克莱舒曼
1008236474,神探夏洛克 第三季,,https://img9.doubanio.com/view/photo/m_ratio_poster/public/p2167331225.jpg,2014-01-02(中国大陆),https://movie.douban.com/subject/10455629/,9.1,"剧情,悬疑,犯罪",3,,,2016-02-06 18:27:10,2014 / 英国 / 剧情 悬疑 犯罪 / 柯尔姆·麦卡锡 杰里米·洛夫林 尼克·赫伦 / 本尼迪克特·康伯巴奇 马丁·弗瑞曼
1008236369,神探夏洛克  第二季,,https://img1.doubanio.com/view/photo/m_ratio_poster/public/p2153367599.jpg,2012-01-01(英国),https://movie.douban.com/subject/6522269/,9.6,"剧情,悬疑,犯罪",5,,,2016-02-06 18:26:52,2012 / 英国 / 剧情 悬疑 犯罪 / 保罗·麦圭根 托比·海恩斯 / 本尼迪克特·康伯巴奇 马丁·弗瑞曼
1008236296,神探夏洛克 第一季,,https://img3.doubanio.com/view/photo/m_ratio_poster/public/p1461954452.jpg,2010-07-25(英国),https://movie.douban.com/subject/3986493/,9.5,"剧情,悬疑,犯罪",4,,,2016-02-06 18:26:37,2010 / 英国 / 剧情 悬疑 犯罪 / 保罗·麦圭根 尤洛斯·林 / 本尼迪克特·康伯巴奇 马丁·弗瑞曼
1008225617,九回时间旅行,,https://img9.doubanio.com/view/photo/m_ratio_poster/public/p2318444934.jpg,2013-03-11(韩国),https://movie.douban.com/subject/21354116/,8.9,"爱情,悬疑,奇幻",4,构思特别精巧，剧情逻辑值得推敲，但还是囿于韩剧的爱情主线。,,2016-02-06 17:46:04,2013 / 韩国 / 爱情 悬疑 奇幻 / 金秉洙 / 李阵郁 赵胤熙
1008223937,熔炉,,https://img9.doubanio.com/view/photo/m_ratio_poster/public/p1363250216.jpg,2011-09-22(韩国),https://movie.douban.com/subject/5912992/,9.3,剧情,4,可怖的气氛营造地恰如其分，一部书写历史的电影。,,2016-02-06 17:39:45,2011 / 韩国 / 剧情 / 黄东赫 / 孔刘 郑裕美
1007968103,超脱,,https://img2.doubanio.com/view/photo/m_ratio_poster/public/p1305562621.jpg,2011-04-25(翠贝卡电影节),https://movie.douban.com/subject/5322596/,9,剧情,5,“With the utter depression souls/There was an iciness/A sinking./A sickening of the heart”,,2016-02-05 20:54:12,2011 / 美国 / 剧情 / 托尼·凯耶 / 阿德里安·布罗迪 马西娅·盖伊·哈登
1007722997,楚门的世界,,https://img3.doubanio.com/view/photo/m_ratio_poster/public/p479682972.jpg,1998-06-05(美国),https://movie.douban.com/subject/1292064/,9.4,"剧情,科幻",5,太可怕的一部反类型片。,,2016-02-05 00:55:59,1998 / 美国 / 剧情 科幻 / 彼得·威尔 / 金·凯瑞 劳拉·琳妮
1007021146,理智与情感,,https://img1.doubanio.com/view/photo/m_ratio_poster/public/p2237897478.jpg,2008-01-01(英国),https://movie.douban.com/subject/2035007/,8.2,"剧情,爱情",3,一星给丹丹龙，一星给上校，一星给Elinor。简奥斯汀的东西要尽量少看啊只会让人更不切实际- -,,2016-02-03 00:53:03,2008 / 英国 / 剧情 爱情 / 约翰·亚历山大 / 哈蒂·莫拉汉 查丽蒂·维克菲尔德
1006306951,房间,,https://img9.doubanio.com/view/photo/m_ratio_poster/public/p2259715855.jpg,2015-09-04(特柳赖德电影节),https://movie.douban.com/subject/25724855/,8.8,"剧情,家庭",5,前半段压抑，后半段明朗。前半段，母亲不幸，却尽力给孩子创造了最乌托邦式的成长环境，使他远离污浊的沾染，所以孩子在后半段的反哺更令人动容。最后，直面伤痛，系铃解铃，这部片子的结尾让人含泪地微笑着。,,2016-02-01 00:36:33,2015 / 爱尔兰 加拿大 英国 美国 / 剧情 家庭 / 伦尼·阿伯拉罕森 / 布丽·拉尔森 雅各布·特伦布莱
1005794503,消失的爱人,,https://img9.doubanio.com/view/photo/m_ratio_poster/public/p2221768894.jpg,2014-09-26(纽约电影节),https://movie.douban.com/subject/21318488/,8.7,"剧情,悬疑,惊悚",4,Amy is insane and their marrige is horrible...很难想象Nick和Amy的将来，这片子也算蛮长的了，看到80分钟的时候在想：怎么还有一个小时要放。,,2016-01-30 20:31:13,2014 / 美国 / 剧情 悬疑 惊悚 犯罪 / 大卫·芬奇 / 本·阿弗莱克 裴淳华
1005304097,间谍之桥,,https://img1.doubanio.com/view/photo/m_ratio_poster/public/p2247974249.jpg,2015-10-16(美国),https://movie.douban.com/subject/25908051/,8.2,"剧情,传记,历史",4,Abel在间谍之桥上等待交换人质的那一刻说：I can wait，短短一句，Abel对人道主义律师Donovan的尊重展露无遗。引用《旧金山纪事报》的一句影评：“《间谍之桥》告诉我们《宪法》不是制作精巧的国家奢侈品，而是带领我们走出黑暗的行军图。”,,2016-01-29 12:29:28,2015 / 美国 德国 印度 / 剧情 传记 历史 / 史蒂文·斯皮尔伯格 / 汤姆·汉克斯 马克·里朗斯
1004965186,恋恋笔记本,,https://img9.doubanio.com/view/photo/m_ratio_poster/public/p483604864.jpg,2004-06-25(美国),https://movie.douban.com/subject/1309163/,8.5,"剧情,爱情",3,太梦幻了，太俗套了。,,2016-01-28 13:37:56,2004 / 美国 / 剧情 爱情 / 尼克·卡萨维蒂 / 瑞恩·高斯林 瑞秋·麦克亚当斯
1004719913,聚焦,,https://img1.doubanio.com/view/photo/m_ratio_poster/public/p2263822658.jpg,2015-09-03(威尼斯电影节),https://movie.douban.com/subject/25954475/,8.8,"剧情,传记",4,很真实，很血淋淋的现实，spotlight里的每位主角都令人感动。,,2016-01-27 18:56:51,2015 / 美国 / 剧情 传记 / 汤姆·麦卡锡 / 马克·鲁弗洛 迈克尔·基顿
1004392141,布鲁克林,,https://img9.doubanio.com/view/photo/m_ratio_poster/public/p2266027536.jpg,2015-01-26(圣丹斯电影节),https://movie.douban.com/subject/10741220/,7.9,"剧情,爱情",3,罗南长大了，变结实了也变好看了。只不过这片子实在寡淡啊。,,2016-01-26 20:26:56,2015 / 英国 加拿大 爱尔兰 / 剧情 爱情 / 约翰·克劳利 / 西尔莎·罗南 多姆纳尔·格里森
1001770383,万物理论,,https://img1.doubanio.com/view/photo/m_ratio_poster/public/p2210832820.jpg,2014-09-07(多伦多电影节),https://movie.douban.com/subject/24815950/,8.4,"剧情,爱情,传记",3,结尾时间倒流的构思很精巧，Eddie Redmayne的演绎很出彩，Felicity Jones的服装很淑女，bgm很煽情......但依然无法挽救一个平铺直叙的故事。。。,,2016-01-19 18:26:51,2014 / 英国 日本 美国 / 剧情 爱情 传记 / 詹姆斯·马什 / 埃迪·雷德梅恩 菲丽希缇·琼斯
1001060774,德伯家的苔丝,,https://img3.doubanio.com/view/photo/m_ratio_poster/public/p2203666052.jpg,2008-09-14(英国),https://movie.douban.com/subject/3123230/,8.4,剧情,3,哎。。。,,2016-01-17 19:57:44,2008 / 英国 美国 / 剧情 / 戴维·布莱尔 / 杰玛·阿特登 埃迪·雷德梅恩
999715800,南方与北方,,https://img9.doubanio.com/view/photo/m_ratio_poster/public/p1488838055.jpg,2004-11-14(英国),https://movie.douban.com/subject/1439487/,9.2,"剧情,爱情",5,把我看哭了！真的在第四集哭了！李建军完美侧颜战胜渣画质、小言剧情还有我的理智。。。五星给厂主Thornton，眼神太温柔了。。,,2016-01-14 00:43:05,2004 / 英国 / 剧情 爱情 / 布莱恩·派西维尔 / 丹妮拉·丹拜-阿什 理查德·阿米蒂奇
999053340,东方快车谋杀案,,https://img3.doubanio.com/view/photo/m_ratio_poster/public/p1948648367.jpg,1974-11-24,https://movie.douban.com/subject/1292699/,8.6,"剧情,悬疑,犯罪",4,菠萝是整部电影里演得最卖力、最戏剧化的角色了吧，bgm和打光在恰当的时候惊悚到不行。😂,,2016-01-12 12:03:44,1974 / 英国 / 剧情 悬疑 犯罪 / 西德尼·吕美特 / 阿尔伯特·芬尼 劳伦·白考尔
996129175,废柴舅舅 第一季,,https://img3.doubanio.com/view/photo/m_ratio_poster/public/p2243562167.jpg,2014-01-14(英国),https://movie.douban.com/subject/25811267/,8.9,喜剧,3,打脸我自己，越看越感到不喜欢这类题材的，不过正太errol满嘴balcony知识还是要给好评！😂😂😂,,2016-01-05 16:39:05,2014 / 英国 / 喜剧 / Oliver Refson / 尼克·赫尔姆 黛西·海格达
967519956,罪恶之家,,https://img3.doubanio.com/view/photo/m_ratio_poster/public/p2371533057.jpg,2015-09-13(英国),https://movie.douban.com/subject/25955491/,8.3,"剧情,悬疑",4,上帝不救人，只有人才能救人。看懂了故事的结尾，也就看懂了罪恶之家。,,2016-01-05 15:19:28,2015 / 英国 / 剧情 悬疑 / 艾斯林·沃什 / 大卫·休里斯 米兰达·理查森
993082188,无人生还,,https://img9.doubanio.com/view/photo/m_ratio_poster/public/p2302407696.jpg,2015-12-26(英国),https://movie.douban.com/subject/25839052/,8.3,"悬疑,犯罪",4,圣诞节献礼，三天三集太带感了！人就是这样一个矛盾集合体......,,2015-12-29 22:06:58,2015 / 英国 / 悬疑 犯罪 / 克雷格·比贝洛斯 / 查尔斯·丹斯 梅芙·德莫迪
991553439,老炮儿,,https://img3.doubanio.com/view/photo/m_ratio_poster/public/p2276674912.jpg,2015-12-24(中国大陆),https://movie.douban.com/subject/24751756/,7.5,"剧情,犯罪",4,冯小刚，真·演技。,,2015-12-26 17:10:47,2015 / 中国大陆 / 剧情 犯罪 / 管虎 / 冯小刚 许晴
985619237,伦敦谍影,,https://img1.doubanio.com/view/photo/m_ratio_poster/public/p2282546449.jpg,2015-11-09(英国),https://movie.douban.com/subject/25986676/,8,"剧情,惊悚,同性",5,我今天看完了，我来打卡！所有演员的台词都特别值得推敲、特别像在颂诗，徐徐缓缓却正猜着对方的心思。,,2015-12-09 18:34:49,2015 / 英国 / 剧情 惊悚 同性 / 雅各布·维尔布鲁根 / 本·卫肖 爱德华·霍尔克罗夫特
976977451,007：幽灵党,,https://img9.doubanio.com/view/photo/m_ratio_poster/public/p2276234635.jpg,2015-11-13(中国大陆),https://movie.douban.com/subject/11620560/,6.5,"动作,惊悚,冒险",3,反正也就是买单看小本。。。关键美蛙等了许久还一般，更是没去成英语角，只是单方面和物理学院小哥打了个一个照面。。。一个身心流浪的星期五。。。,,2015-11-13 23:12:49,2015 / 英国 美国 / 动作 惊悚 冒险 / 萨姆·门德斯 / 丹尼尔·克雷格 克里斯托弗·瓦尔兹
976133164,福斯特医生 第一季,,https://img9.doubanio.com/view/photo/m_ratio_poster/public/p2499461844.jpg,2015-09-09(英国),https://movie.douban.com/subject/26388908/,8.6,剧情,5,第5集来得痛快，Gemma经过几番挣扎，作出了明智的决定：把Simon甩掉，之后孤身带着14岁的Tom工作、成长。而Simon也和Kate真正地结合了，这故事的结局我是愿意看到的：职场妈妈就算经历了一段不愉快的婚姻关系，仍然能够找回真正的自己，而不必在情感上过分依赖男性。,,2015-11-10 22:01:53,2015 / 英国 / 剧情 / 汤姆·沃恩 布鲁斯·古迪森 / 苏兰·琼斯 博迪·卡维尔
975362207,布莱切利四人组 第二季,,https://img1.doubanio.com/view/photo/m_ratio_poster/public/p2162034000.jpg,2014-01-06,https://movie.douban.com/subject/24745449/,8.5,"剧情,惊悚,犯罪",4,一言以蔽之，第1、2集是拯救同事Alice，第3、4集是拯救同事Millie。之所以觉得棒棒的是所有演员超级高的盐值以及着装品味，女性不容忽视的力量以及二战后探案的题材！复古而有味道的故事！,,2015-11-08 12:29:08,2014 / 英国 / 剧情 惊悚 犯罪 / 杰米·佩恩 / 安娜·麦克西维尔·马丁 蕾切尔·斯特灵
974234457,布莱切利四人组 第一季,,https://img1.doubanio.com/view/photo/m_ratio_poster/public/p2151404668.jpg,2012-09-06,https://movie.douban.com/subject/11620863/,8.6,犯罪,4,Lucy美死了，不过无论如何我都对剑桥包喜欢不起来。😇,,2015-11-04 18:52:29,2012 / 英国 / 犯罪 / Andy De Emmony / 安娜·麦克西维尔·马丁 朱莉·格雷厄姆
973293606,我是证人,,https://img3.doubanio.com/view/photo/m_ratio_poster/public/p2279732402.jpg,2015-10-30(中国大陆),https://movie.douban.com/subject/26313973/,6.4,"剧情,悬疑,犯罪",3,这部戏要不是有鹿晗我是万万不会去看的，而且，看完一点都没带给人思考，这样的电影并不是什么好电影。感觉女主仍然不会演戏。况且，这部戏也算不上好故事吧？就是紧张氛围塑造得还不错。。。,,2015-11-01 16:25:05,2015 / 中国大陆 韩国 / 剧情 悬疑 犯罪 / 安相勋 / 杨幂 鹿晗
971274638,山河故人,,https://img1.doubanio.com/view/photo/m_ratio_poster/public/p2274320140.jpg,2015-10-30(中国大陆),https://movie.douban.com/subject/25890005/,8.1,"剧情,家庭",3,3.5星，第一段，看着要睡了；第二段最喜欢，小儿子和涛儿妈妈俩人画风很和谐；第三段，婆孙恋我简直要从座位上弹起来了。三个单元主题似乎有点分散和浮泛，若是选取任何一个主题详拍会更好吧。ps：张译虽然已经尽全力扮土，但仍掩盖不了明星气质...,,2015-10-25 21:30:14,2015 / 中国大陆 法国 日本 / 剧情 家庭 / 贾樟柯 / 赵涛 张译
969662803,逍遥法外 第一季,,https://img3.doubanio.com/view/photo/m_ratio_poster/public/p2230529387.jpg,2014-09-25(美国),https://movie.douban.com/subject/25884422/,8.6,"剧情,爱情,悬疑",4,虽然狗血撒一地，每一集小案子的逻辑漏洞百出，但披着律政外衣的家庭伦理剧竟让人欲罢不能地看了下去...为自己点蜡...黑姐姐黑哥哥们在黑夜里除了牙齿根本看不到脸额...😕,,2015-10-20 14:34:27,2014 / 美国 / 剧情 爱情 悬疑 同性 犯罪 / 比尔·德埃利亚 / 维奥拉·戴维斯 马特·麦高瑞
968546566,心迷宫,,https://img9.doubanio.com/view/photo/m_ratio_poster/public/p2276780256.jpg,2015-10-16(中国大陆),https://movie.douban.com/subject/25917973/,8.8,"剧情,悬疑,犯罪",4,值得一看的三无电影。我推荐。喜欢这种交错的叙事技巧，把一个简单的故事的某些元素打破、重组，达到意向不到的悬疑效果～,,2015-10-17 01:15:33,2014 / 中国大陆 / 剧情 悬疑 犯罪 / 忻钰坤 / 霍卫民 王笑天
966281288,追击者,,https://img9.doubanio.com/view/photo/m_ratio_poster/public/p2496896804.jpg,2008-02-14(韩国),https://movie.douban.com/subject/3006309/,8.4,"剧情,惊悚,犯罪",3,怎么说呢，最近，这种风格的韩影看得多，《追击者》的巧合，有点为戏剧化而戏剧化。韩国警察都是满口脏话，用拳脚解决问题，做事情都不过脑子的吗？这也太蠢一点了吧。。。,,2015-10-09 11:05:42,2008 / 韩国 / 剧情 惊悚 犯罪 / 罗泓轸 / 河正宇 金允石
965473235,夏洛特烦恼,,https://img3.doubanio.com/view/photo/m_ratio_poster/public/p2264377763.jpg,2015-09-30(中国大陆),https://movie.douban.com/subject/25964071/,7.9,"喜剧,爱情",3,重返二十岁+滚蛋吧肿瘤君即视感，后半部又开始抒情，国产搞笑片惯用伎俩...,,2015-10-06 22:13:53,2015 / 中国大陆 / 喜剧 爱情 / 闫非 彭大魔 / 沈腾 马丽
962555259,杀人回忆,,https://img1.doubanio.com/view/photo/m_ratio_poster/public/p1633113220.jpg,2003-05-02(韩国),https://movie.douban.com/subject/1300299/,8.9,"剧情,动作,悬疑",4,意味深长的黑暗隧道就好比真相石沉大海，多年以后，杀手说不定正在屏幕前看着《杀人回忆》。,,2015-09-27 19:19:31,2003 / 韩国 / 剧情 动作 悬疑 惊悚 犯罪 / 奉俊昊 / 宋康昊 金相庆
961230254,黄海,,https://img1.doubanio.com/view/photo/m_ratio_poster/public/p1075586949.jpg,2010-12-22(韩国),https://movie.douban.com/subject/3743114/,8.5,"剧情,动作,犯罪",3,“糙叔”这个名号就是来形容河正宇“帅得不干净”，这部电影真·显糙叔本色，尽管演得太好，但看完我真的好难受，好心疼，这种题材不适合我。还有，把中国朝鲜族拍成什么样了...？😔,,2015-09-22 23:48:52,2010 / 韩国 美国 中国香港 / 剧情 动作 犯罪 / 罗泓轸 / 河正宇 金允石
960969904,恐怖直播,,https://img9.doubanio.com/view/photo/m_ratio_poster/public/p2016930906.jpg,2013-07-31(韩国),https://movie.douban.com/subject/21360417/,8.7,"剧情,悬疑,犯罪",4,天哪，尹英华神一般的狂纠结内心和外表被淋漓尽致地诠释......这就是一场河正宇大叔专属的独白。政府和媒体自始至终都是一副冷漠而无作为的面孔，弱势群体反抗国家机器的那种声嘶力竭后的徒劳，我真是彻彻底底地看透了。,,2015-09-22 00:14:40,2013 / 韩国 / 剧情 悬疑 犯罪 / 金秉祐 / 河正宇 李璟荣
960697269,新世界,,https://img1.doubanio.com/view/photo/m_ratio_poster/public/p1903379979.jpg,2013-02-21(韩国),https://movie.douban.com/subject/10437779/,8.9,"剧情,犯罪",4,想活下来，只有让自己变得狠一些。黄政民绝对是几位大咖里演得最好的，丁青这个角色演绝了，后来果然得了青龙奖最佳男演员，在韩国影坛的地位可见一斑。李政宰演的李子成虽然也是个很矛盾很纠结的人物，内心复杂，但总觉得懦弱超过了魄力。,,2015-09-20 23:32:35,2013 / 韩国 / 剧情 犯罪 / 朴勋政 / 李政宰 崔岷植
960229426,触不到的恋人,,https://img1.doubanio.com/view/photo/m_ratio_poster/public/p701320928.jpg,2000-09-09(韩国),https://movie.douban.com/subject/1306526/,7.9,"爱情,奇幻",3,3.5星，比较老的片子了，同类题材的很多，情节架构一般，出彩的是拍出了缓慢的美感，还有两位主角的颜。或许无欲无求、细水般的爱情远胜于激情澎湃那样的。,,2015-09-19 13:24:59,2000 / 韩国 / 爱情 奇幻 / 李铉升 / 全智贤 李政宰
960117788,暗杀,,https://img1.doubanio.com/view/photo/m_ratio_poster/public/p2265086398.jpg,2015-09-17(中国大陆),https://movie.douban.com/subject/25823132/,8.1,"剧情,动作,历史",4,廉硕晋帅得不行。真的帅得不行。枪击的场面拍得扣人心弦，但有些情节的转折设计得单薄，不用猜都知道接下来会发生什么。第一次暗杀的布垫有点长，以至于前半小时我都是脸盲的。。。😦,,2015-09-18 23:09:20,2015 / 韩国 / 剧情 动作 历史 犯罪 / 崔东勋 / 全智贤 李政宰
959211508,碟中谍5：神秘国度,,https://img3.doubanio.com/view/photo/m_ratio_poster/public/p2263582212.jpg,2015-09-08(中国大陆),https://movie.douban.com/subject/10727641/,7.9,"动作,惊悚,冒险",4,每天被学校逼疯，选了个工作日还的早上，一个人去看的感觉很爽，坐第四排直接IMAX即视感。啥也不说了，阿汤哥就是矮。😄,,2015-09-15 12:42:43,2015 / 美国 中国大陆 奥地利 英国 摩洛哥 / 动作 惊悚 冒险 / 克里斯托弗·麦奎里 / 汤姆·克鲁斯 杰瑞米·雷纳
954519480,烈日灼心,,https://img1.doubanio.com/view/photo/m_ratio_poster/public/p2262236348.jpg,2015-08-27(中国大陆),https://movie.douban.com/subject/24719063/,8.3,"剧情,悬疑,犯罪",3,我不满意的地方：【烈日灼心】片名不好，辛小丰犯罪动机交代不清，角色的大恶到大善的转变太快，引导人们同情穷途末路的亡命之徒？感情戏和窃听片段没头没脑，巧合设计得有些离谱。高虎因为吸毒，强行删减了他的戏份？😂为啥没有3.5星这个选项。😢,,2015-08-29 22:35:57,2015 / 中国大陆 / 剧情 悬疑 犯罪 / 曹保平 / 邓超 段奕宏
954368577,刺客聂隐娘,,https://img1.doubanio.com/view/photo/m_ratio_poster/public/p2262306528.jpg,2015-08-27(中国大陆),https://movie.douban.com/subject/2303845/,7.3,"剧情,武侠,古装",4,长镜头、远镜头、空镜头一拉就是十秒，徐缓，跳跃，文言对白，弱化叙事，不免陷观众于迷茫。但每次镜头的停顿，都是一幅写意画。我作为风光摄影的伪爱好者，对影片中的山水花草木都是爱到极致的呀。,,2015-08-29 14:34:30,2015 / 中国台湾 中国大陆 中国香港 / 剧情 武侠 古装 / 侯孝贤 / 舒淇 张震
952582339,终结者：创世纪,,https://img2.doubanio.com/view/photo/m_ratio_poster/public/p2262649521.jpg,2015-08-23(中国大陆),https://movie.douban.com/subject/3338862/,6.9,"动作,科幻,冒险",3,恶评如潮，，，也没这么难看吧，，，不过爆米花电影就这样不是吗？😂,,2015-08-23 12:56:37,2015 / 美国 / 动作 科幻 冒险 / 阿兰·泰勒 / 阿诺·施瓦辛格 杰森·克拉克
950106222,滚蛋吧！肿瘤君,,https://img3.doubanio.com/view/photo/m_ratio_poster/public/p2259298553.jpg,2015-08-13(中国大陆),https://movie.douban.com/subject/26289144/,7.4,"喜剧,爱情",3,三星半吧，脑补画面想象力丰富，剧情略平淡，无高潮，价值观也直白。只是比较担心白百合和一系列帅哥搭戏以后回去怎么面对自己老公的脸。。。,,2015-08-14 22:51:34,2015 / 中国大陆 / 喜剧 爱情 / 韩延 / 白百何 吴彦祖
949270416,赎罪,,https://img2.doubanio.com/view/photo/m_ratio_poster/public/p2174553771.jpg,2008-02-22(中国大陆),https://movie.douban.com/subject/1950148/,8.6,"剧情,爱情,悬疑",4,赎罪，归根结底是在为自己开脱，为了让做错事的自己不再这么内疚。因纵容邪恶念头而犯下的罪过，不是那么容易被抱歉搪塞过去。,,2015-08-11 22:05:39,2007 / 英国 法国 / 剧情 爱情 悬疑 战争 / 乔·赖特 / 詹姆斯·麦卡沃伊 西尔莎·罗南
947459735,天使爱美丽,,https://img3.doubanio.com/view/photo/m_ratio_poster/public/p2447590313.jpg,2001-04-25(法国),https://movie.douban.com/subject/1292215/,8.7,"剧情,喜剧,爱情",5,某个初中时期的暑假我知道了这部片子是我语文老师的最爱。片子的色调、音调、情调我都太喜欢了，美如画，如梦境。自助者天助，Amelie是浪漫又善良的姑娘，最终收获了她期待的东西。Audrey Tautou的脸完美诠释了Amelie，太美了。,,2015-08-05 20:14:30,2001 / 法国 德国 / 剧情 喜剧 爱情 / 让-皮埃尔·热内 / 奥黛丽·塔图 马修·卡索维茨
945247642,煎饼侠,,https://img3.doubanio.com/view/photo/m_ratio_poster/public/p2253038483.jpg,2015-07-17(中国大陆),https://movie.douban.com/subject/25895276/,5.8,喜剧,2,既然我给大圣打了6，那这一部注定只有4。也就只有中国人才会拿白事开玩笑了吧。。。,,2015-07-29 08:18:30,2015 / 中国大陆 / 喜剧 / 大鹏 / 大鹏 袁姗姗
943452999,模仿游戏,,https://img3.doubanio.com/view/photo/m_ratio_poster/public/p2255040492.jpg,2015-07-21(中国大陆),https://movie.douban.com/subject/10463953/,8.8,"剧情,同性,传记",4,其实我至今没搞明白怎么排除一些可能性，加快破解enigma。从情节设置来看，有些矛盾显得太戏剧化，似乎不合常理；从人物形象来看，图灵被标签化了，可能这样的形象更容易被烙印在人们心里。anyway，片子还是感动了我。最近几天会看《图灵传》，图灵的真实命运可能比影片中来得更惨。,,2015-07-23 08:43:05,2014 / 英国 美国 / 剧情 同性 传记 战争 / 莫滕·泰杜姆 / 本尼迪克特·康伯巴奇 凯拉·奈特莉
942162594,美国队长2,,https://img3.doubanio.com/view/photo/m_ratio_poster/public/p2169912867.jpg,2014-04-04(中国大陆),https://movie.douban.com/subject/6390823/,8,"动作,科幻,惊悚",3,比第一部好多，不过这种电影都是卖肉的不是吗？,,2015-07-19 10:03:06,2014 / 美国 / 动作 科幻 惊悚 冒险 / 安东尼·罗素 乔·罗素 / 克里斯·埃文斯 斯嘉丽·约翰逊
942162494,美国队长,,https://img1.doubanio.com/view/photo/m_ratio_poster/public/p1182659238.jpg,2011-09-09(中国大陆),https://movie.douban.com/subject/2138838/,7.2,"动作,科幻,冒险",3,,,2015-07-19 10:02:31,2011 / 美国 / 动作 科幻 冒险 / 乔·庄斯顿 / 克里斯·埃文斯 海莉·阿特维尔
942052713,西游记之大圣归来,,https://img1.doubanio.com/view/photo/m_ratio_poster/public/p2255028780.jpg,2015-07-10(中国大陆),https://movie.douban.com/subject/26277313/,8.3,"剧情,动画,奇幻",3,看到豆瓣评分这么高，感觉大家多半是在鼓励情怀。,,2015-07-18 22:45:36,2015 / 中国大陆 / 剧情 动画 奇幻 / 田晓鹏 / 张磊 林子杰
942048357,奸臣,,https://img9.doubanio.com/view/photo/m_ratio_poster/public/p2237022344.jpg,2015-05-21(韩国),https://movie.douban.com/subject/25823840/,6.6,"剧情,情色,古装",3,一部可怕的片子，谁听说谁好奇。,,2015-07-18 22:34:56,2015 / 韩国 / 剧情 情色 古装 / 闵奎东 / 朱智勋 金康宇
937458471,英国病人,,https://img3.doubanio.com/view/photo/m_ratio_poster/public/p2408623752.jpg,1996-12-06(美国),https://movie.douban.com/subject/1291853/,8.5,"剧情,爱情,战争",5,读希罗多德的《历史》，哼神秘的沙漠之音，拉叔的眼神太有料了，这部戏预示着他之后真的会成为伏地魔。。。真的。。。,,2015-07-04 19:21:36,1996 / 美国 英国 / 剧情 爱情 战争 / 安东尼·明格拉 / 拉尔夫·费因斯 朱丽叶·比诺什
936662918,再次出发之纽约遇见你,,https://img3.doubanio.com/view/photo/m_ratio_poster/public/p2250287733.jpg,2015-06-26(中国大陆),https://movie.douban.com/subject/6874403/,8.6,"喜剧,爱情,音乐",4,这部电影的音乐赢了~,,2015-07-01 22:14:26,2013 / 美国 / 喜剧 爱情 音乐 / 约翰·卡尼 / 凯拉·奈特莉 马克·鲁弗洛
929407479,人鬼情未了,,https://img3.doubanio.com/view/photo/m_ratio_poster/public/p544574893.jpg,1990-07-13,https://movie.douban.com/subject/1293203/,8.3,"剧情,爱情,奇幻",4,灵魂有不同的去处。,,2015-06-07 20:19:17,1990 / 美国 / 剧情 爱情 奇幻 / 杰瑞·扎克 / 帕特里克·斯威兹 黛米·摩尔
918491581,近距离恋爱,,https://img1.doubanio.com/view/photo/m_ratio_poster/public/p2207808539.jpg,2014-10-11(日本),https://movie.douban.com/subject/25853073/,6.3,爱情,3,远没有看截图来得血红。。。,,2015-05-02 23:11:45,2014 / 日本 / 爱情 / 熊泽尚人 / 山下智久 小松菜奈
917064916,疯狂外星人,,https://img3.doubanio.com/view/photo/m_ratio_poster/public/p2235609577.jpg,2015-04-24(中国大陆),https://movie.douban.com/subject/10827341/,7.4,"喜剧,科幻,动画",4,简直家庭伦理剧，整个电影里面最喜欢瓜星人BOSS的真身，萌哭。,,2015-04-28 11:52:02,2015 / 美国 / 喜剧 科幻 动画 冒险 / 提姆·约翰森 / 吉姆·帕森斯 蕾哈娜
907647352,情人,,https://img2.doubanio.com/view/photo/m_ratio_poster/public/p1674536431.jpg,1992-01-22(法国),https://movie.douban.com/subject/1291868/,8.2,"剧情,爱情,情色",4,,,2015-03-29 20:43:54,1992 / 法国 英国 越南 / 剧情 爱情 情色 传记 / 让-雅克·阿诺 / 珍·玛奇 梁家辉
907646936,了不起的盖茨比,,https://img1.doubanio.com/view/photo/m_ratio_poster/public/p2091221628.jpg,2013-08-30(中国大陆),https://movie.douban.com/subject/3364223/,8,"剧情,爱情",4,美国梦这个东西也很虚无的。,,2015-03-29 20:42:59,2013 / 澳大利亚 美国 / 剧情 爱情 / 巴兹·鲁赫曼 / 莱昂纳多·迪卡普里奥 凯瑞·穆里根
902726399,爸爸的假期,,https://img1.doubanio.com/view/photo/m_ratio_poster/public/p2224242410.jpg,2015-02-19(中国大陆),https://movie.douban.com/subject/25908302/,4,"喜剧,家庭",1,爸爸们又拉着小孩儿来圈钱了,,2015-03-13 23:06:58,2015 / 中国大陆 / 喜剧 家庭 / 王岳伦 / 郭涛 林志颖
902725517,有一个地方只有我们知道,,https://img1.doubanio.com/view/photo/m_ratio_poster/public/p2226010180.jpg,2015-02-10(中国大陆),https://movie.douban.com/subject/25858759/,4.9,爱情,2,百岁山广告+布拉格广场宣传片,,2015-03-13 23:04:42,2015 / 中国大陆 / 爱情 / 徐静蕾 / 王丽坤 徐静蕾
902725122,霍比特人3：五军之战,,https://img9.doubanio.com/view/photo/m_ratio_poster/public/p2219406504.jpg,2015-01-23(中国大陆),https://movie.douban.com/subject/2973079/,8.6,"动作,奇幻,冒险",4,中途又睡晕五分钟。。。我瑟大王的超模男团都死了呀,,2015-03-13 23:03:40,2014 / 美国 新西兰 / 动作 奇幻 冒险 / 彼得·杰克逊 / 马丁·弗瑞曼 伊恩·麦克莱恩
902724641,灰姑娘,,https://img3.doubanio.com/view/photo/m_ratio_poster/public/p2231066272.jpg,2015-03-13(中国大陆),https://movie.douban.com/subject/6875263/,7,"爱情,奇幻,冒险",4,凯特布兰切特后妈抢灰姑娘的戏呀！！！,,2015-03-13 23:02:18,2015 / 美国 英国 / 爱情 奇幻 冒险 / 肯尼思·布拉纳 / 莉莉·詹姆斯 理查德·麦登
863470193,星际穿越,,https://img3.doubanio.com/view/photo/m_ratio_poster/public/p2614988097.jpg,2014-11-12(中国大陆),https://movie.douban.com/subject/1889243/,9.4,"剧情,科幻,冒险",5,评分居然这么高，一个想法能赚2亿美元也是可怕。BGM很好很好很好，有点忧虑，拍科幻片的时候演员也一定要像导演一样有想象力；现实拍摄过程中可没那么酷炫的场面，很可能就是一个游泳池，一面绿墙，“还要假装你在和某某说话，你看到了惊奇的东西”，又想起甘道夫了，也蛮同情他拍霍比特人的。,,2014-11-16 21:51:44,2014 / 美国 英国 加拿大 / 剧情 科幻 冒险 / 克里斯托弗·诺兰 / 马修·麦康纳 安妮·海瑟薇
860447976,寿司之神,,https://img2.doubanio.com/view/photo/m_ratio_poster/public/p1779492381.jpg,2011-11-08(AFI影展),https://movie.douban.com/subject/6146955/,8.6,纪录片,5,想起我在东京的日子，晚八点，在一家做鳗鱼饭的小店，等了一小时的晚饭。期间很焦急，因一直饿着肚子。老板看着我们焦急的样子，虽然感到十分抱歉，但也无可奈何。因为饭和鳗鱼都是现做的，快不来。这大概是我至今吃过最棒的鳗鱼饭。之后在国内小有名气的日料店也吃过鳗鱼饭，终究不对口味。,,2014-11-06 12:39:44,2011 / 美国 / 纪录片 / 大卫·贾柏 / 小野二郎 小野祯一
852781616,告白,,https://img9.doubanio.com/view/photo/m_ratio_poster/public/p689520756.jpg,2010-06-05(日本),https://movie.douban.com/subject/4268598/,8.8,"剧情,悬疑",5,,,2014-10-10 17:23:15,2010 / 日本 / 剧情 悬疑 / 中岛哲也 / 松隆子 冈田将生
842908801,猩球崛起2：黎明之战,,https://img1.doubanio.com/view/photo/m_ratio_poster/public/p2182621899.jpg,2014-08-29(中国大陆),https://movie.douban.com/subject/7046723/,7.7,"剧情,动作,科幻",4,,,2014-09-04 23:08:15,2014 / 美国 / 剧情 动作 科幻 / 马特·里夫斯 / 安迪·瑟金斯 杰森·克拉克
836633636,月升王国,,https://img9.doubanio.com/view/photo/m_ratio_poster/public/p1791964116.jpg,2012-05-16(戛纳电影节),https://movie.douban.com/subject/5360889/,8.4,"剧情,儿童",4,,,2014-08-15 23:25:34,2012 / 美国 / 剧情 儿童 / 韦斯·安德森 / 杰瑞德·吉尔曼 卡拉·海沃德
836593245,江湖论剑实录,,https://img1.doubanio.com/view/photo/m_ratio_poster/public/p2192459009.jpg,2014-08-15(中国大陆),https://movie.douban.com/subject/24758396/,6.6,"喜剧,古装",2,,,2014-08-15 21:36:29,2014 / 中国大陆 / 喜剧 古装 / 蒋卓原 / 郑恺 孙坚
836592871,暴力街区,,https://img1.doubanio.com/view/photo/m_ratio_poster/public/p2192302960.jpg,2014-08-01(中国大陆),https://movie.douban.com/subject/3718269/,7.1,"剧情,动作,犯罪",3,,,2014-08-15 21:35:28,2014 / 法国 加拿大 美国 西班牙 / 剧情 动作 犯罪 / 卡米尔·狄拉玛 / 保罗·沃克 大卫·贝利
818606340,布达佩斯大饭店,,https://img3.doubanio.com/view/photo/m_ratio_poster/public/p2183539003.jpg,2014-02-06(柏林电影节),https://movie.douban.com/subject/11525673/,8.9,"剧情,喜剧,冒险",4,没看懂，装不出来。,,2014-06-22 12:46:43,2014 / 美国 德国 英国 / 剧情 喜剧 冒险 / 韦斯·安德森 / 拉尔夫·费因斯 托尼·雷沃罗利